date,fighter a,fighter b,result
"July 18, 2026",Dricus Du Plessis,Kamaru Usman,win
"July 18, 2026",Christian Leroy Duncan,Jared Cannonier,win
"July 18, 2026",Chase Hooper,Mitch Ramirez,win
"July 18, 2026",Fatima Kline,Tabatha Ricci,win
"July 18, 2026",Tommy McMillen,Alberto Montes,win
"July 18, 2026",Jose Delgado,Austin Bashi,win
"July 18, 2026",Jean-Paul Lebosnoyani,Seokhyeon Ko,win
"July 18, 2026",Felipe Franco,Levi Rodrigues Jr.,win
"July 18, 2026",Ezra Elliott,Damien Anderson,win
"July 18, 2026",Alden Coria,Stewart Nicoll,win
"July 18, 2026",RJ Harris,Alvin Hines,win
"July 18, 2026",Dione Barbosa,Anna Melisano,win
"July 11, 2026",Max Holloway,Conor McGregor,win
"July 11, 2026",Paddy Pimblett,Benoit Saint Denis,win
"July 11, 2026",Mario Bautista,Cory Sandhagen,win
"July 11, 2026",Brandon Royval,Lone'er Kavanagh,win
"July 11, 2026",King Green,Terrance McKinney,win
"July 11, 2026",Robert Whittaker,Nikita Krylov,win
"July 11, 2026",Gable Steveson,Elisha Ellison,win
"July 11, 2026",Adrian Yanez,Cody Garbrandt,win
"July 11, 2026",Luke Riley,Kai Kamaka III,win
"July 11, 2026",Wang Cong,Tracy Cortez,win
"July 11, 2026",Damian Pinas,Cesar Almeida,win
"July 11, 2026",Farid Basharat,John Garza,win
"July 11, 2026",Ryan Gandra,Zach Reese,win
"July 11, 2026",Alessandro Costa,Cody Durden,win
"June 27, 2026",Rafael Fiziev,Manuel Torres,win
"June 27, 2026",Shara Magomedov,Michel Pereira,win
"June 27, 2026",Matheus Camilo,Nazim Sadykhov,win
"June 27, 2026",Asu Almabayev,Charles Johnson,win
"June 27, 2026",Ikram Aliskerov,Brunno Ferreira,win
"June 27, 2026",Abus Magomedov,Michal Oleksiejczuk,win
"June 27, 2026",Farman Hasanov,Eric Nolan,win
"June 27, 2026",Abdul Rakhman Yakhyaev,Julius Walker,win
"June 27, 2026",Nursulton Ruziboev,Andrey Pulyaev,win
"June 27, 2026",Kaan Ofli,Javier Reyes,win
"June 27, 2026",Daniil Donchenko,Theodor Berggren,win
"June 27, 2026",Jean Matsumoto,Bekzat Almakhan,win
"June 27, 2026",Tahir Abdullayev,Jefferson Nascimento,win
"June 20, 2026",Manel Kape,Kyoji Horiguchi,win
"June 20, 2026",Navajo Stirling,Ion Cutelaba,win
"June 20, 2026",Christian Rodriguez,Hyder Amil,win
"June 20, 2026",Murtazali Magomedov,Melsik Baghdasaryan,win
"June 20, 2026",Vinicius Oliveira,Andre Fili,win
"June 20, 2026",Kevin Borjas,Andre Lima,win
"June 20, 2026",Bia Mesquita,Melissa Mullins,win
"June 20, 2026",Mitch Raposo,Allan Nascimento,win
"June 20, 2026",Gaston Bolanos,Michael Aswell Jr.,win
"June 20, 2026",Levan Chokheli,Leon Shahbazyan,win
"June 20, 2026",Luana Santos,Karol Rosa,win
"June 20, 2026",Shane Collins,Otari Tanzilovi,win
"June 14, 2026",Justin Gaethje,Ilia Topuria,win
"June 14, 2026",Ciryl Gane,Alex Pereira,win
"June 14, 2026",Sean O'Malley,Aiemann Zahabi,win
"June 14, 2026",Josh Hokit,Derrick Lewis,win
"June 14, 2026",Mauricio Ruffy,Michael Chandler,win
"June 14, 2026",Bo Nickal,Kyle Daukaus,win
"June 14, 2026",Diego Lopes,Steve Garcia,win
"June 06, 2026",Gabriel Bonfim,Belal Muhammad,win
"June 06, 2026",Brendan Allen,Edmen Shahbazyan,win
"June 06, 2026",Tom Nolan,Fares Ziam,win
"June 06, 2026",Bryce Mitchell,Santiago Luna,win
"June 06, 2026",Iwo Baraniewski,Junior Tafa,win
"June 06, 2026",Alessandro Costa,Matt Schnell,win
"June 06, 2026",Marcus McGhee,John Yannis,win
"June 06, 2026",Edgar Chairez,Bruno Silva,win
"June 06, 2026",Chelsea Chandler,Priscila Cachoeira,win
"June 06, 2026",Joanderson Brito,Jordan Leavitt,win
"June 06, 2026",Jeisla Chaves,Yuneisy Duben,win
"June 06, 2026",Ketlen Souza,Ariane Carnelossi,win
"May 30, 2026",Song Yadong,Deiveson Figueiredo,win
"May 30, 2026",Alonzo Menifield,Zhang Mingyang,win
"May 30, 2026",Sergei Pavlovich,Tallison Teixeira,win
"May 30, 2026",Kai Asakura,Cameron Smotherman,win
"May 30, 2026",Jake Matthews,Carlston Harris,win
"May 30, 2026",Alex Perez,Sumudaerji,nc
"May 30, 2026",Luis Felipe Dias,YiSak Lee,win
"May 30, 2026",Jose Souza,Ding Meng,win
"May 30, 2026",Cody Haddon,Aoriqileng,win
"May 30, 2026",Rei Tsuruya,Luis Gurule,win
"May 30, 2026",Angela Hill,Xiong Jingnan,win
"May 30, 2026",Rodrigo Vera,Zhu Kangjie,win
"May 30, 2026",Jaqueline Amorim,Loma Lookboonmee,win
"May 16, 2026",Arnold Allen,Melquizael Costa,win
"May 16, 2026",Dooho Choi,Daniel Santos,win
"May 16, 2026",Juan Diaz,Malcolm Wellmaker,win
"May 16, 2026",Modestas Bukauskas,Christian Edwards,win
"May 16, 2026",Benardo Sopaj,Timmy Cuamba,win
"May 16, 2026",Khaos Williams,Nikolay Veretennikov,win
"May 16, 2026",Ivan Erslan,Tuco Tokkos,win
"May 16, 2026",Tommy Gantt,Artur Minev,win
"May 16, 2026",Ketlen Vieira,Jacqueline Cavalcanti,win
"May 16, 2026",Cody Brundage,Andre Petroski,win
"May 16, 2026",Alice Ardelean,Polyana Viana,win
"May 16, 2026",Luis Gurule,Daniel Barez,win
"May 16, 2026",Nicolle Caliari,Shauna Bannon,win
"May 09, 2026",Sean Strickland,Khamzat Chimaev,win
"May 09, 2026",Joshua Van,Tatsuro Taira,win
"May 09, 2026",Alexander Volkov,Waldo Cortes Acosta,win
"May 09, 2026",Sean Brady,Joaquin Buckley,win
"May 09, 2026",King Green,Jeremy Stephens,win
"May 09, 2026",Ateba Gautier,Ozzy Diaz,win
"May 09, 2026",Yaroslav Amosov,Joel Alvarez,win
"May 09, 2026",Grant Dawson,Mateusz Rebecki,win
"May 09, 2026",Jim Miller,Jared Gordon,win
"May 09, 2026",Roman Kopylov,Marco Tulio,win
"May 09, 2026",Pat Sabatini,William Gomis,win
"May 09, 2026",Baisangur Susurkaev,Djorden Santos,win
"May 09, 2026",Jose Ochoa,Clayton Carpenter,win
"May 02, 2026",Carlos Prates,Jack Della Maddalena,win
"May 02, 2026",Quillan Salkilld,Beneil Dariush,win
"May 02, 2026",Steve Erceg,Tim Elliott,win
"May 02, 2026",Marwan Rahiki,Ollie Schmid,win
"May 02, 2026",Brando Pericic,Shamil Gaziev,win
"May 02, 2026",Louie Sutherland,Tai Tuivasa,win
"May 02, 2026",Cam Rowston,Robert Bryczek,win
"May 02, 2026",Junior Tafa,Kevin Christian,win
"May 02, 2026",Jacob Malkoun,Gerald Meerschaert,win
"May 02, 2026",Colby Thicknesse,Vince Morales,win
"May 02, 2026",Wes Schultz,Ben Johnston,win
"May 02, 2026",Jonathan Micallef,Themba Gorimbo,win
"May 02, 2026",Kody Steele,Dom Mar Fan,win
"April 25, 2026",Aljamain Sterling,Youssef Zalal,win
"April 25, 2026",Joselyne Edwards,Norma Dumont,win
"April 25, 2026",Rafa Garcia,Alexander Hernandez,win
"April 25, 2026",Davey Grant,Adrian Luna Martinetti,win
"April 25, 2026",Raoni Barcelos,Montel Jackson,win
"April 25, 2026",Ryan Spann,Marcus Buchecha,win
"April 25, 2026",Eric McConico,Rodolfo Vieira,win
"April 25, 2026",Jackson McVey,Sedriques Dumas,win
"April 25, 2026",Michelle Montague,Mayra Bueno Silva,win
"April 25, 2026",Cody Durden,Jafel Filho,win
"April 25, 2026",Francis Marshall,Lucas Brennan,win
"April 25, 2026",Victor Valenzuela,Max Griffin,win
"April 25, 2026",Talita Alencar,Julia Polastri,win
"April 18, 2026",Mike Malott,Gilbert Burns,win
"April 18, 2026",Charles Jourdain,Kyler Phillips,win
"April 18, 2026",Jai Herbert,Mandel Nallo,win
"April 18, 2026",Jasmine Jasudavicius,Karine Silva,win
"April 18, 2026",Gauge Young,Thiago Moises,win
"April 18, 2026",Marcio Barbosa,Dennis Buzukja,win
"April 18, 2026",Robert Valentin,Julien Leblanc,win
"April 18, 2026",Gokhan Saricam,Tanner Boser,win
"April 18, 2026",Melissa Croden,Daria Zhelezniakova,win
"April 18, 2026",JJ Aldrich,Jamey-Lyn Horth,win
"April 18, 2026",John Castaneda,Mark Vologdin,draw
"April 18, 2026",John Yannis,Jamie Siraj,win
"April 11, 2026",Carlos Ulberg,Jiri Prochazka,win
"April 11, 2026",Paulo Costa,Azamat Murzakanov,win
"April 11, 2026",Josh Hokit,Curtis Blaydes,win
"April 11, 2026",Dominick Reyes,Johnny Walker,win
"April 11, 2026",Cub Swanson,Nate Landwehr,win
"April 11, 2026",Aaron Pico,Patricio Pitbull,win
"April 11, 2026",Kevin Holland,Randy Brown,win
"April 11, 2026",Mateusz Gamrot,Esteban Ribovics,win
"April 11, 2026",Tatiana Suarez,Loopy Godinez,win
"April 11, 2026",Chris Padilla,MarQuel Mederos,draw
"April 11, 2026",Vicente Luque,Kelvin Gastelum,win
"April 11, 2026",Charles Radtke,Francisco Prado,win
"April 04, 2026",Renato Moicano,Chris Duncan,win
"April 04, 2026",Virna Jandiroba,Tabatha Ricci,win
"April 04, 2026",Abdul Rakhman Yakhyaev,Brendson Ribeiro,win
"April 04, 2026",Ethyn Ewing,Rafael Estevam,win
"April 04, 2026",Tommy McMillen,Manolo Zecchini,win
"April 04, 2026",Jose Delano,Robert Ruchala,win
"April 04, 2026",Thomas Petersen,Guilherme Pat,win
"April 04, 2026",Alessandro Costa,Stewart Nicoll,win
"April 04, 2026",Darrius Flowers,Lando Vannata,win
"April 04, 2026",Alice Pereira,Hailey Cowan,win
"April 04, 2026",Tresean Gore,Azamat Bekoev,win
"April 04, 2026",Dione Barbosa,Melissa Gatto,win
"April 04, 2026",Kai Kamaka III,Dakota Hope,win
"March 28, 2026",Joe Pyfer,Israel Adesanya,win
"March 28, 2026",Alexa Grasso,Maycee Barber,win
"March 28, 2026",Michael Chiesa,Niko Price,win
"March 28, 2026",Lerryan Douglas,Julian Erosa,win
"March 28, 2026",Yousri Belgaroui,Mansur Abdul-Malik,win
"March 28, 2026",Terrance McKinney,Kyle Nelson,win
"March 28, 2026",Tofiq Musayev,Ignacio Bahamondes,win
"March 28, 2026",Lance Gibson Jr.,Chase Hooper,win
"March 28, 2026",Tyrell Fortune,Marcin Tybura,win
"March 28, 2026",Casey O'Neill,Gabriella Fernandes,win
"March 28, 2026",Navajo Stirling,Bruno Lopes,win
"March 28, 2026",Ricky Simon,Adrian Yanez,draw
"March 28, 2026",Alexia Thainara,Bruna Brasil,win
"March 21, 2026",Movsar Evloev,Lerone Murphy,win
"March 21, 2026",Luke Riley,Michael Aswell Jr.,win
"March 21, 2026",Michael Page,Sam Patterson,win
"March 21, 2026",Iwo Baraniewski,Austen Lane,win
"March 21, 2026",Christian Leroy Duncan,Roman Dolidze,win
"March 21, 2026",Danny Silva,Kurtis Campbell,win
"March 21, 2026",Mason Jones,Axel Sola,win
"March 21, 2026",Nathaniel Wood,Losene Keita,win
"March 21, 2026",Mario Pinto,Felipe Franco,win
"March 21, 2026",Mantas Kondratavicius,Antonio Trocoli,win
"March 21, 2026",Brando Pericic,Louie Sutherland,win
"March 21, 2026",Abdul-Kareem Al-Selwady,Shem Rock,win
"March 21, 2026",Shanelle Dyer,Ravena Oliveira,win
"March 14, 2026",Kevin Vallejos,Josh Emmett,win
"March 14, 2026",Gillian Robertson,Amanda Lemos,win
"March 14, 2026",Jose Delgado,Andre Fili,win
"March 14, 2026",Marwan Rahiki,Harry Hardwick,win
"March 14, 2026",Ion Cutelaba,Oumar Sy,win
"March 14, 2026",Charles Johnson,Bruno Silva,win
"March 14, 2026",Myktybek Orolbai,Chris Curtis,win
"March 14, 2026",Vitor Petrino,Steven Asplund,win
"March 14, 2026",Elijah Smith,SuYoung You,win
"March 14, 2026",Manoel Sousa,Bolaji Oki,win
"March 14, 2026",Eryk Anders,Brad Tavares,win
"March 14, 2026",Bia Mesquita,Montse Rendon,win
"March 14, 2026",Hecher Sosa,Luan Lacerda,win
"March 14, 2026",Piera Rodriguez,Sam Hughes,win
"March 07, 2026",Charles Oliveira,Max Holloway,win
"March 07, 2026",Caio Borralho,Reinier de Ridder,win
"March 07, 2026",Raul Rosas Jr.,Rob Font,win
"March 07, 2026",Drew Dober,Michael Johnson,win
"March 07, 2026",Gregory Rodrigues,Brunno Ferreira,win
"March 07, 2026",Cody Garbrandt,Xiao Long,win
"March 07, 2026",Donte Johnson,Cody Brundage,win
"March 07, 2026",Alberto Montes,Ricky Turcios,win
"March 07, 2026",Nyamjargal Tumendemberel,Cody Durden,win
"March 07, 2026",Sumudaerji,Jesus Aguilar,win
"March 07, 2026",Diyar Nurgozhay,Rafael Tobias,win
"March 07, 2026",Rodolfo Bellato,Luke Fernandez,win
"February 28, 2026",Lone'er Kavanagh,Brandon Moreno,win
"February 28, 2026",David Martinez,Marlon Vera,win
"February 28, 2026",King Green,Daniel Zellhuber,win
"February 28, 2026",Edgar Chairez,Felipe Bunes,win
"February 28, 2026",Imanol Rodriguez,Kevin Borjas,win
"February 28, 2026",Santiago Luna,Angel Pacheco,win
"February 28, 2026",Ryan Gandra,Jose Daniel Medina,win
"February 28, 2026",Ailin Perez,Macy Chiasson,win
"February 28, 2026",Cristian Quinonez,Kris Moutinho,win
"February 28, 2026",Javier Reyes,Douglas Silva de Andrade,win
"February 28, 2026",Regina Tarin,Ernesta Kareckaite,win
"February 28, 2026",Francis Marshall,Erik Silva,win
"February 28, 2026",Damian Pinas,Wes Schultz,win
"February 21, 2026",Sean Strickland,Anthony Hernandez,win
"February 21, 2026",Uros Medic,Geoff Neal,win
"February 21, 2026",Melquizael Costa,Dan Ige,win
"February 21, 2026",Serghei Spivac,Ante Delija,win
"February 21, 2026",Jacobe Smith,Josiah Harrell,win
"February 21, 2026",Michel Pereira,Zach Reese,win
"February 21, 2026",Carlos Leal,Chidi Njokuani,win
"February 21, 2026",Ode Osbourne,Alibi Idiris,nc
"February 21, 2026",Alden Coria,Luis Gurule,win
"February 21, 2026",Joselyne Edwards,Nora Cornolle,win
"February 21, 2026",Punahele Soriano,Ramiz Brahimaj,win
"February 21, 2026",Jean-Paul Lebosnoyani,Phil Rowe,win
"February 21, 2026",Jordan Leavitt,Yadier del Valle,win
"February 21, 2026",Carli Judice,Juliana Miller,win
"February 07, 2026",Mario Bautista,Vinicius Oliveira,win
"February 07, 2026",Kyoji Horiguchi,Amir Albazi,win
"February 07, 2026",Rizvan Kuniev,Jailton Almeida,win
"February 07, 2026",Michal Oleksiejczuk,Marc-Andre Barriault,win
"February 07, 2026",Farid Basharat,Jean Matsumoto,win
"February 07, 2026",Dustin Jacoby,Julius Walker,win
"February 07, 2026",Daniil Donchenko,Alex Morono,win
"February 07, 2026",Nikolay Veretennikov,Niko Price,win
"February 07, 2026",Ketlen Souza,Bruna Brasil,win
"February 07, 2026",Javid Basharat,Gianni Vazquez,win
"February 07, 2026",Wang Cong,Eduarda Moura,win
"February 07, 2026",Jakub Wiklacz,Muin Gafurov,win
"February 07, 2026",Klaudia Sygula,Priscila Cachoeira,win
"January 31, 2026",Alexander Volkanovski,Diego Lopes,win
"January 31, 2026",Benoit Saint Denis,Dan Hooker,win
"January 31, 2026",Mauricio Ruffy,Rafael Fiziev,win
"January 31, 2026",Tallison Teixeira,Tai Tuivasa,win
"January 31, 2026",Quillan Salkilld,Jamie Mullarkey,win
"January 31, 2026",Billy Elekana,Junior Tafa,win
"January 31, 2026",Cam Rowston,Cody Brundage,win
"January 31, 2026",Jacob Malkoun,Torrez Finney,win
"January 31, 2026",Jonathan Micallef,Oban Elliott,win
"January 31, 2026",Kaan Ofli,Yizha,win
"January 31, 2026",Dom Mar Fan,Sangwook Kim,win
"January 31, 2026",Keiichiro Nakamura,Sebastian Szalay,win
"January 31, 2026",Lawrence Lui,Sulangrangbo,win
"January 24, 2026",Justin Gaethje,Paddy Pimblett,win
"January 24, 2026",Sean O'Malley,Song Yadong,win
"January 24, 2026",Waldo Cortes Acosta,Derrick Lewis,win
"January 24, 2026",Natalia Silva,Rose Namajunas,win
"January 24, 2026",Jean Silva,Arnold Allen,win
"January 24, 2026",Umar Nurmagomedov,Deiveson Figueiredo,win
"January 24, 2026",Ateba Gautier,Andrey Pulyaev,win
"January 24, 2026",Nikita Krylov,Modestas Bukauskas,win
"January 24, 2026",Alex Perez,Charles Johnson,win
"January 24, 2026",Josh Hokit,Denzel Freeman,win
"January 24, 2026",Ty Miller,Adam Fugitt,win
"December 13, 2025",Manel Kape,Brandon Royval,win
"December 13, 2025",Kevin Vallejos,Giga Chikadze,win
"December 13, 2025",Cezary Oleksiejczuk,Cesar Almeida,win
"December 13, 2025",Melquizael Costa,Morgan Charriere,win
"December 13, 2025",Kennedy Nzechukwu,Marcus Buchecha,draw
"December 13, 2025",King Green,Lance Gibson Jr.,win
"December 13, 2025",Yaroslav Amosov,Neil Magny,win
"December 13, 2025",Joanderson Brito,Isaac Thomson,win
"December 13, 2025",Steven Asplund,Sean Sharaf,win
"December 13, 2025",Luana Santos,Melissa Croden,win
"December 13, 2025",Guilherme Pat,Allen Frye Jr.,win
"December 13, 2025",Jamey-Lyn Horth,Tereza Bleda,win
"December 06, 2025",Petr Yan,Merab Dvalishvili,win
"December 06, 2025",Joshua Van,Alexandre Pantoja,win
"December 06, 2025",Tatsuro Taira,Brandon Moreno,win
"December 06, 2025",Payton Talbott,Henry Cejudo,win
"December 06, 2025",Jan Blachowicz,Bogdan Guskov,draw
"December 06, 2025",Manuel Torres,Grant Dawson,win
"December 06, 2025",Chris Duncan,Terrance McKinney,win
"December 06, 2025",Maycee Barber,Karine Silva,win
"December 06, 2025",Fares Ziam,Nazim Sadykhov,win
"December 06, 2025",Brunno Ferreira,Marvin Vettori,win
"December 06, 2025",Jalin Turner,Edson Barboza,win
"December 06, 2025",Iwo Baraniewski,Ibo Aslan,win
"December 06, 2025",Mansur Abdul-Malik,Antonio Trocoli,win
"December 06, 2025",Mairon Santos,Muhammad Naimov,win
"November 22, 2025",Arman Tsarukyan,Dan Hooker,win
"November 22, 2025",Ian Machado Garry,Belal Muhammad,win
"November 22, 2025",Volkan Oezdemir,Alonzo Menifield,win
"November 22, 2025",Myktybek Orolbai,Jack Hermansson,win
"November 22, 2025",Waldo Cortes Acosta,Shamil Gaziev,win
"November 22, 2025",Kyoji Horiguchi,Tagir Ulanbekov,win
"November 22, 2025",Luke Riley,Bogdan Grad,win
"November 22, 2025",Nicolas Dalby,Saygid Izagakhmaev,win
"November 22, 2025",Asu Almabayev,Alex Perez,win
"November 22, 2025",Abdul Rakhman Yakhyaev,Rafael Cerqueira,win
"November 22, 2025",Aleksandre Topuria,Bekzat Almakhan,win
"November 22, 2025",Ismail Naurdiev,Ryan Loder,win
"November 22, 2025",Nurullo Aliev,Shem Rock,win
"November 22, 2025",Denzel Freeman,Marek Bujlo,win
"November 15, 2025",Islam Makhachev,Jack Della Maddalena,win
"November 15, 2025",Valentina Shevchenko,Zhang Weili,win
"November 15, 2025",Michael Morales,Sean Brady,win
"November 15, 2025",Carlos Prates,Leon Edwards,win
"November 15, 2025",Benoit Saint Denis,Beneil Dariush,win
"November 15, 2025",Bo Nickal,Rodolfo Vieira,win
"November 15, 2025",Gregory Rodrigues,Roman Kopylov,win
"November 15, 2025",Erin Blanchfield,Tracy Cortez,win
"November 15, 2025",Ethyn Ewing,Malcolm Wellmaker,win
"November 15, 2025",Kyle Daukaus,Gerald Meerschaert,win
"November 15, 2025",Pat Sabatini,Chepe Mariscal,win
"November 15, 2025",Fatima Kline,Angela Hill,win
"November 15, 2025",Baisangur Susurkaev,Eric McConico,win
"November 15, 2025",Matheus Camilo,Viacheslav Borshchev,win
"November 08, 2025",Gabriel Bonfim,Randy Brown,win
"November 08, 2025",Joseph Morales,Matt Schnell,win
"November 08, 2025",Uros Medic,Muslim Salikhov,win
"November 08, 2025",Chris Padilla,Ismael Bonfim,win
"November 08, 2025",Christian Leroy Duncan,Marco Tulio,win
"November 08, 2025",Jamall Emmers,Hyder Amil,win
"November 08, 2025",Raoni Barcelos,Ricky Simon,win
"November 08, 2025",Jacqueline Cavalcanti,Mayra Bueno Silva,win
"November 08, 2025",Josh Hokit,Max Gimenis,win
"November 08, 2025",Denise Gomes,Tecia Pennington,win
"November 08, 2025",Daniel Marcos,Miles Johns,win
"November 08, 2025",Zach Reese,Jackson McVey,win
"November 01, 2025",Steve Garcia,David Onama,win
"November 01, 2025",Waldo Cortes Acosta,Ante Delija,win
"November 01, 2025",Jeremiah Wells,Themba Gorimbo,win
"November 01, 2025",Yadier del Valle,Isaac Dulgarian,win
"November 01, 2025",Charles Radtke,Daniel Frunza,win
"November 01, 2025",Allan Nascimento,Cody Durden,win
"November 01, 2025",Billy Elekana,Kevin Christian,win
"November 01, 2025",Timmy Cuamba,ChangHo Lee,win
"November 01, 2025",Donte Johnson,Sedriques Dumas,win
"November 01, 2025",Norma Dumont,Ketlen Vieira,win
"November 01, 2025",Alice Ardelean,Montserrat Conejo Ruiz,win
"November 01, 2025",Seokhyeon Ko,Phil Rowe,win
"November 01, 2025",Talita Alencar,Ariane Carnelossi,win
"October 25, 2025",Tom Aspinall,Ciryl Gane,nc
"October 25, 2025",Mackenzie Dern,Virna Jandiroba,win
"October 25, 2025",Umar Nurmagomedov,Mario Bautista,win
"October 25, 2025",Alexander Volkov,Jailton Almeida,win
"October 25, 2025",Azamat Murzakanov,Aleksandar Rakic,win
"October 25, 2025",Quillan Salkilld,Nasrat Haqparast,win
"October 25, 2025",Ikram Aliskerov,JunYong Park,win
"October 25, 2025",Ludovit Klein,Mateusz Rebecki,win
"October 25, 2025",Valter Walker,Louie Sutherland,win
"October 25, 2025",Nathaniel Wood,Jose Delgado,win
"October 25, 2025",Hamdy Abdelwahab,Chris Barnett,win
"October 25, 2025",Mitch Raposo,Azat Maksum,win
"October 25, 2025",Mizuki,Jaqueline Amorim,win
"October 18, 2025",Brendan Allen,Reinier de Ridder,win
"October 18, 2025",Mike Malott,Kevin Holland,win
"October 18, 2025",Aiemann Zahabi,Marlon Vera,win
"October 18, 2025",Manon Fiorot,Jasmine Jasudavicius,win
"October 18, 2025",Charles Jourdain,Davey Grant,win
"October 18, 2025",Kyle Nelson,Matt Frevola,win
"October 18, 2025",Drew Dober,Kyle Prepolec,win
"October 18, 2025",Aoriqileng,Cody Gibson,win
"October 18, 2025",Bruno Silva,HyunSung Park,win
"October 18, 2025",Djorden Santos,Danny Barlow,win
"October 18, 2025",Stephanie Luciano,Ravena Oliveira,win
"October 18, 2025",Yousri Belgaroui,Azamat Bekoev,win
"October 18, 2025",Melissa Croden,Tainara Lisboa,win
"October 11, 2025",Charles Oliveira,Mateusz Gamrot,win
"October 11, 2025",Deiveson Figueiredo,Montel Jackson,win
"October 11, 2025",Joel Alvarez,Vicente Luque,win
"October 11, 2025",Mario Pinto,Jhonata Diniz,win
"October 11, 2025",Kaan Ofli,Ricardo Ramos,win
"October 11, 2025",Michael Aswell Jr.,Lucas Almeida,win
"October 11, 2025",Jafel Filho,Clayton Carpenter,win
"October 11, 2025",Vitor Petrino,Thomas Petersen,win
"October 11, 2025",Bia Mesquita,Irina Alekseeva,win
"October 11, 2025",Lucas Rocha,Stewart Nicoll,win
"October 11, 2025",Julia Polastri,Karolina Kowalkiewicz,win
"October 11, 2025",Luan Lacerda,Saimon Oliveira,win
"October 04, 2025",Alex Pereira,Magomed Ankalaev,win
"October 04, 2025",Merab Dvalishvili,Cory Sandhagen,win
"October 04, 2025",Jiri Prochazka,Khalil Rountree Jr.,win
"October 04, 2025",Youssef Zalal,Josh Emmett,win
"October 04, 2025",Joe Pyfer,Abus Magomedov,win
"October 04, 2025",Ateba Gautier,Tre'ston Vines,win
"October 04, 2025",Daniel Santos,JooSang Yoo,win
"October 04, 2025",Jakub Wiklacz,Patchy Mix,win
"October 04, 2025",Edmen Shahbazyan,Andre Muniz,win
"October 04, 2025",Punahele Soriano,Nikolay Veretennikov,win
"October 04, 2025",Yana Santos,Macy Chiasson,win
"October 04, 2025",Farid Basharat,Chris Gutierrez,win
"October 04, 2025",Ramiz Brahimaj,Austin Vanderford,win
"October 04, 2025",Veronica Hardy,Brogan Walker,win
"September 27, 2025",Carlos Ulberg,Dominick Reyes,win
"September 27, 2025",Jimmy Crute,Ivan Erslan,win
"September 27, 2025",Jack Jenkins,Ramon Taveras,win
"September 27, 2025",Neil Magny,Jake Matthews,win
"September 27, 2025",Tom Nolan,Charlie Campbell,win
"September 27, 2025",Navajo Stirling,Rodolfo Bellato,win
"September 27, 2025",Cam Rowston,Andre Petroski,win
"September 27, 2025",Jamie Mullarkey,Rolando Bedoya,win
"September 27, 2025",Colby Thicknesse,Josias Musasa,win
"September 27, 2025",Michelle Montague,Luana Carolina,win
"September 27, 2025",Brando Pericic,Elisha Ellison,win
"September 27, 2025",Alexia Thainara,Loma Lookboonmee,win
"September 13, 2025",Diego Lopes,Jean Silva,win
"September 13, 2025",David Martinez,Rob Font,win
"September 13, 2025",Rafa Garcia,Jared Gordon,win
"September 13, 2025",Kelvin Gastelum,Dustin Stoltzfus,win
"September 13, 2025",Alexander Hernandez,Diego Ferreira,win
"September 13, 2025",Santiago Luna,Quang Le,win
"September 13, 2025",Dusko Todorovic,Jose Daniel Medina,win
"September 13, 2025",Joaquim Silva,Claudio Puelles,win
"September 13, 2025",Tatiana Suarez,Amanda Lemos,win
"September 13, 2025",Jesus Aguilar,Luis Gurule,win
"September 13, 2025",Zach Reese,Sedriques Dumas,nc
"September 13, 2025",Alden Coria,Alessandro Costa,win
"September 13, 2025",Montse Rendon,Alice Pereira,win
"September 13, 2025",Daniil Donchenko,Rodrigo Sezinando,win
"September 06, 2025",Nassourdine Imavov,Caio Borralho,win
"September 06, 2025",Benoit Saint Denis,Mauricio Ruffy,win
"September 06, 2025",Modestas Bukauskas,Paul Craig,win
"September 06, 2025",Mason Jones,Bolaji Oki,win
"September 06, 2025",Axel Sola,Rhys McKee,win
"September 06, 2025",William Gomis,Robert Ruchala,win
"September 06, 2025",Oumar Sy,Brendson Ribeiro,win
"September 06, 2025",Ante Delija,Marcin Tybura,win
"September 06, 2025",Kaue Fernandes,Harry Hardwick,win
"September 06, 2025",Sam Patterson,Trey Waters,win
"September 06, 2025",Robert Bryczek,Brad Tavares,win
"September 06, 2025",Rinat Fakhretdinov,Andreas Gustafsson,win
"September 06, 2025",Sam Hughes,Shauna Bannon,win
"August 23, 2025",Johnny Walker,Zhang Mingyang,win
"August 23, 2025",Aljamain Sterling,Brian Ortega,win
"August 23, 2025",Sergei Pavlovich,Waldo Cortes Acosta,win
"August 23, 2025",Sumudaerji,Kevin Borjas,win
"August 23, 2025",Taiyilake Nueraji,Kiefer Crosbie,win
"August 23, 2025",Gauge Young,Maheshate,win
"August 23, 2025",Charles Johnson,Lone'er Kavanagh,win
"August 23, 2025",Rongzhu,Austin Hubbard,win
"August 23, 2025",Kyle Daukaus,Michel Pereira,win
"August 23, 2025",Yizha,Westin Wilson,win
"August 23, 2025",SuYoung You,Xiao Long,win
"August 23, 2025",Uran Satybaldiev,Diyar Nurgozhay,win
"August 16, 2025",Khamzat Chimaev,Dricus Du Plessis,win
"August 16, 2025",Lerone Murphy,Aaron Pico,win
"August 16, 2025",Carlos Prates,Geoff Neal,win
"August 16, 2025",Michael Page,Jared Cannonier,win
"August 16, 2025",Tim Elliott,Kai Asakura,win
"August 16, 2025",Baisangur Susurkaev,Eric Nolan,win
"August 16, 2025",Michal Oleksiejczuk,Gerald Meerschaert,win
"August 16, 2025",Loopy Godinez,Jessica Andrade,win
"August 16, 2025",Alexander Hernandez,Chase Hooper,win
"August 16, 2025",Drakkar Klose,Edson Barboza,win
"August 16, 2025",Karine Silva,Dione Barbosa,win
"August 16, 2025",Joseph Morales,Alibi Idiris,win
"August 09, 2025",Anthony Hernandez,Roman Dolidze,win
"August 09, 2025",Steve Erceg,Ode Osbourne,win
"August 09, 2025",Iasmin Lucindo,Angela Hill,win
"August 09, 2025",Andre Fili,Christian Rodriguez,win
"August 09, 2025",Jean Matsumoto,Miles Johns,win
"August 09, 2025",Christian Leroy Duncan,Eryk Anders,win
"August 09, 2025",Julius Walker,Rafael Cerqueira,win
"August 09, 2025",Elijah Smith,Toshiomi Kazama,win
"August 09, 2025",Joselyne Edwards,Priscila Cachoeira,win
"August 09, 2025",Uros Medic,Gilbert Urbina,win
"August 09, 2025",Gabriella Fernandes,Julija Stoliarenko,win
"August 09, 2025",Eric McConico,Cody Brundage,win
"August 02, 2025",Tatsuro Taira,HyunSung Park,win
"August 02, 2025",Chris Duncan,Mateusz Rebecki,win
"August 02, 2025",Esteban Ribovics,Elves Brener,win
"August 02, 2025",Karol Rosa,Nora Cornolle,win
"August 02, 2025",Neil Magny,Elizeu Zaleski dos Santos,win
"August 02, 2025",Kevin Vallejos,Danny Silva,win
"August 02, 2025",Rinya Nakamura,Nathan Fletcher,win
"August 02, 2025",Rodolfo Vieira,Tresean Gore,win
"August 02, 2025",Andrey Pulyaev,Nick Klein,win
"August 02, 2025",Austin Bashi,John Yannis,win
"August 02, 2025",Rafael Estevam,Felipe Bunes,win
"August 02, 2025",Piera Rodriguez,Ketlen Souza,win
"July 26, 2025",Reinier de Ridder,Robert Whittaker,win
"July 26, 2025",Petr Yan,Marcus McGhee,win
"July 26, 2025",Shara Magomedov,Marc-Andre Barriault,win
"July 26, 2025",Asu Almabayev,Jose Ochoa,win
"July 26, 2025",Bogdan Guskov,Nikita Krylov,win
"July 26, 2025",Bryce Mitchell,Said Nurmagomedov,win
"July 26, 2025",Muslim Salikhov,Carlos Leal,win
"July 26, 2025",Davey Grant,Da'Mon Blackshear,win
"July 26, 2025",Tabatha Ricci,Amanda Ribas,win
"July 26, 2025",Billy Elekana,Ibo Aslan,win
"July 26, 2025",Steven Nguyen,Mohammad Yahya,win
"July 26, 2025",Martin Buday,Marcus Buchecha,win
"July 19, 2025",Max Holloway,Dustin Poirier,win
"July 19, 2025",Paulo Costa,Roman Kopylov,win
"July 19, 2025",Daniel Rodriguez,Kevin Holland,win
"July 19, 2025",Patricio Pitbull,Dan Ige,win
"July 19, 2025",Michael Johnson,Daniel Zellhuber,win
"July 19, 2025",Vinicius Oliveira,Kyler Phillips,win
"July 19, 2025",Brendan Allen,Marvin Vettori,win
"July 19, 2025",Nikolay Veretennikov,Francisco Prado,win
"July 19, 2025",Ateba Gautier,Robert Valentin,win
"July 19, 2025",Islam Dulatov,Adam Fugitt,win
"July 19, 2025",Jimmy Crute,Marcin Prachnio,win
"July 19, 2025",Ryan Spann,Lukasz Brzeski,win
"July 19, 2025",Brunno Ferreira,Jackson McVey,win
"July 19, 2025",Carli Judice,Nicolle Caliari,win
"July 12, 2025",Derrick Lewis,Tallison Teixeira,win
"July 12, 2025",Gabriel Bonfim,Stephen Thompson,win
"July 12, 2025",Steve Garcia,Calvin Kattar,win
"July 12, 2025",Morgan Charriere,Nate Landwehr,win
"July 12, 2025",Vitor Petrino,Austen Lane,win
"July 12, 2025",Tuco Tokkos,Junior Tafa,win
"July 12, 2025",Chris Curtis,Max Griffin,win
"July 12, 2025",Jake Matthews,Chidi Njokuani,win
"July 12, 2025",Eduarda Moura,Lauren Murphy,win
"July 12, 2025",Valter Walker,Kennedy Nzechukwu,win
"July 12, 2025",Mike Davis,Mitch Ramirez,win
"July 12, 2025",Fatima Kline,Melissa Martinez,win
"June 28, 2025",Ilia Topuria,Charles Oliveira,win
"June 28, 2025",Alexandre Pantoja,Kai Kara-France,win
"June 28, 2025",Joshua Van,Brandon Royval,win
"June 28, 2025",Beneil Dariush,Renato Moicano,win
"June 28, 2025",Payton Talbott,Felipe Lima,win
"June 28, 2025",Gregory Rodrigues,Jack Hermansson,win
"June 28, 2025",Jose Delgado,Hyder Amil,win
"June 28, 2025",Tracy Cortez,Viviane Araujo,win
"June 28, 2025",Terrance McKinney,Viacheslav Borshchev,win
"June 28, 2025",Jacobe Smith,Niko Price,win
"June 28, 2025",Jhonata Diniz,Alvin Hines,win
"June 21, 2025",Khalil Rountree Jr.,Jamahal Hill,win
"June 21, 2025",Rafael Fiziev,Ignacio Bahamondes,win
"June 21, 2025",Curtis Blaydes,Rizvan Kuniev,win
"June 21, 2025",Myktybek Orolbai,Tofiq Musayev,win
"June 21, 2025",Nazim Sadykhov,Nikolas Motta,win
"June 21, 2025",Muhammad Naimov,Bogdan Grad,win
"June 21, 2025",Seokhyeon Ko,Oban Elliott,win
"June 21, 2025",JunYong Park,Ismail Naurdiev,win
"June 21, 2025",Daria Zhelezniakova,Melissa Mullins,win
"June 21, 2025",Klaudia Sygula,Irina Alekseeva,win
"June 21, 2025",Tagir Ulanbekov,Azat Maksum,win
"June 21, 2025",Mohammed Usman,Hamdy Abdelwahab,win
"June 14, 2025",Kamaru Usman,Joaquin Buckley,win
"June 14, 2025",Rose Namajunas,Miranda Maverick,win
"June 14, 2025",Edmen Shahbazyan,Andre Petroski,win
"June 14, 2025",Raoni Barcelos,Cody Garbrandt,win
"June 14, 2025",Mansur Abdul-Malik,Cody Brundage,draw
"June 14, 2025",Alonzo Menifield,Oumar Sy,win
"June 14, 2025",Paul Craig,Rodolfo Bellato,nc
"June 14, 2025",Michael Chiesa,Court McGee,win
"June 14, 2025",Malcolm Wellmaker,Kris Moutinho,win
"June 14, 2025",Jose Ochoa,Cody Durden,win
"June 14, 2025",Ricky Simon,Cameron Smotherman,win
"June 14, 2025",Phil Rowe,Ange Loosa,win
"June 14, 2025",Jamey-Lyn Horth,Vanessa Demopoulos,win
"June 07, 2025",Merab Dvalishvili,Sean O'Malley,win
"June 07, 2025",Kayla Harrison,Julianna Pena,win
"June 07, 2025",Joe Pyfer,Kelvin Gastelum,win
"June 07, 2025",Mario Bautista,Patchy Mix,win
"June 07, 2025",Kevin Holland,Vicente Luque,win
"June 07, 2025",Joshua Van,Bruno Silva,win
"June 07, 2025",Azamat Murzakanov,Brendson Ribeiro,win
"June 07, 2025",Waldo Cortes Acosta,Serghei Spivac,win
"June 07, 2025",Andreas Gustafsson,Khaos Williams,win
"June 07, 2025",Wang Cong,Ariane da Silva,win
"June 07, 2025",JooSang Yoo,Jeka Saragih,win
"June 07, 2025",Quillan Salkilld,Yanal Ashmouz,win
"June 07, 2025",MarQuel Mederos,Mark Choinski,win
"May 31, 2025",Mateusz Gamrot,Ludovit Klein,win
"May 31, 2025",Ramiz Brahimaj,Billy Ray Goff,win
"May 31, 2025",Dustin Jacoby,Bruno Lopes,win
"May 31, 2025",Ketlen Vieira,Macy Chiasson,win
"May 31, 2025",Zach Reese,Dusko Todorovic,win
"May 31, 2025",Allan Nascimento,Jafel Filho,win
"May 31, 2025",Jordan Leavitt,Kurt Holobaugh,win
"May 31, 2025",Bolaji Oki,Michael Aswell Jr.,win
"May 31, 2025",Alice Ardelean,Rayanne dos Santos,win
"May 17, 2025",Michael Morales,Gilbert Burns,win
"May 17, 2025",Mairon Santos,Sodiq Yusuff,win
"May 17, 2025",Nursulton Ruziboev,Dustin Stoltzfus,win
"May 17, 2025",Melquizael Costa,Julian Erosa,win
"May 17, 2025",Gabe Green,Matheus Camilo,win
"May 17, 2025",Jared Gordon,Thiago Moises,win
"May 17, 2025",Yadier del Valle,Connor Matthews,win
"May 17, 2025",Luana Santos,Tainara Lisboa,win
"May 17, 2025",Denise Gomes,Elise Reed,win
"May 17, 2025",HyunSung Park,Carlos Hernandez,win
"May 17, 2025",Tecia Pennington,Luana Pinheiro,win
"May 10, 2025",Jack Della Maddalena,Belal Muhammad,win
"May 10, 2025",Valentina Shevchenko,Manon Fiorot,win
"May 10, 2025",Aiemann Zahabi,Jose Aldo,win
"May 10, 2025",Natalia Silva,Alexa Grasso,win
"May 10, 2025",Benoit Saint Denis,Kyle Prepolec,win
"May 10, 2025",Mike Malott,Charles Radtke,win
"May 10, 2025",Jasmine Jasudavicius,Jessica Andrade,win
"May 10, 2025",Modestas Bukauskas,Ion Cutelaba,win
"May 10, 2025",Navajo Stirling,Ivan Erslan,win
"May 10, 2025",Marc-Andre Barriault,Bruno Silva,win
"May 10, 2025",Daniel Santos,JeongYeong Lee,win
"May 10, 2025",Bekzat Almakhan,Brad Katona,win
"May 03, 2025",Cory Sandhagen,Deiveson Figueiredo,win
"May 03, 2025",Reinier de Ridder,Bo Nickal,win
"May 03, 2025",Daniel Rodriguez,Santiago Ponzinibbio,win
"May 03, 2025",Montel Jackson,Daniel Marcos,win
"May 03, 2025",Serhiy Sidey,Cameron Smotherman,win
"May 03, 2025",Mason Jones,Jeremy Stephens,win
"May 03, 2025",Yana Santos,Miesha Tate,win
"May 03, 2025",Azamat Bekoev,Ryan Loder,win
"May 03, 2025",Gillian Robertson,Marina Rodriguez,win
"May 03, 2025",Quang Le,Gaston Bolanos,win
"May 03, 2025",Thomas Petersen,Don'Tale Mayes,win
"May 03, 2025",Juliana Miller,Ivana Petrovic,win
"April 26, 2025",Ian Machado Garry,Carlos Prates,win
"April 26, 2025",Zhang Mingyang,Anthony Smith,win
"April 26, 2025",David Onama,Giga Chikadze,win
"April 26, 2025",Abus Magomedov,Michel Pereira,win
"April 26, 2025",Randy Brown,Nicolas Dalby,win
"April 26, 2025",Ikram Aliskerov,Andre Muniz,win
"April 26, 2025",Matt Schnell,Jimmy Flick,win
"April 26, 2025",Evan Elder,Gauge Young,win
"April 26, 2025",Chris Gutierrez,John Castaneda,win
"April 26, 2025",Da'Mon Blackshear,Alatengheili,win
"April 26, 2025",Malcolm Wellmaker,Cameron Saaiman,win
"April 26, 2025",Jaqueline Amorim,Polyana Viana,win
"April 26, 2025",Timmy Cuamba,Roberto Romero,win
"April 26, 2025",Joselyne Edwards,Chelsea Chandler,win
"April 12, 2025",Alexander Volkanovski,Diego Lopes,win
"April 12, 2025",Paddy Pimblett,Michael Chandler,win
"April 12, 2025",Yair Rodriguez,Patricio Pitbull,win
"April 12, 2025",Jean Silva,Bryce Mitchell,win
"April 12, 2025",Dominick Reyes,Nikita Krylov,win
"April 12, 2025",Dan Ige,Sean Woodson,win
"April 12, 2025",Virna Jandiroba,Yan Xiaonan,win
"April 12, 2025",Chase Hooper,Jim Miller,win
"April 12, 2025",Julian Erosa,Darren Elkins,win
"April 12, 2025",Michal Oleksiejczuk,Sedriques Dumas,win
"April 12, 2025",Sumudaerji,Mitch Raposo,win
"April 12, 2025",Marco Tulio,Tresean Gore,win
"April 12, 2025",Nora Cornolle,Hailey Cowan,win
"April 05, 2025",Lerone Murphy,Josh Emmett,win
"April 05, 2025",Pat Sabatini,Joanderson Brito,win
"April 05, 2025",ChangHo Lee,Cortavious Romious,win
"April 05, 2025",Brad Tavares,Gerald Meerschaert,win
"April 05, 2025",Ode Osbourne,Luis Gurule,win
"April 05, 2025",Torrez Finney,Robert Valentin,win
"April 05, 2025",Dione Barbosa,Diana Belbita,win
"April 05, 2025",Rhys McKee,Daniel Frunza,win
"April 05, 2025",Loma Lookboonmee,Istela Nunes,win
"April 05, 2025",Victor Henry,Pedro Falcao,win
"April 05, 2025",Martin Buday,Uran Satybaldiev,win
"April 05, 2025",Talita Alencar,Vanessa Demopoulos,win
"March 29, 2025",Brandon Moreno,Steve Erceg,win
"March 29, 2025",Manuel Torres,Drew Dober,win
"March 29, 2025",Edgar Chairez,CJ Vergara,win
"March 29, 2025",Raul Rosas Jr.,Vince Morales,win
"March 29, 2025",David Martinez,Saimon Oliveira,win
"March 29, 2025",Kevin Borjas,Ronaldo Rodriguez,win
"March 29, 2025",Ateba Gautier,Jose Daniel Medina,win
"March 29, 2025",Melquizael Costa,Christian Rodriguez,win
"March 29, 2025",Loopy Godinez,Julia Polastri,win
"March 29, 2025",Rafa Garcia,Vinc Pichel,win
"March 29, 2025",Jamall Emmers,Gabriel Miranda,win
"March 29, 2025",MarQuel Mederos,Austin Hubbard,win
"March 22, 2025",Sean Brady,Leon Edwards,win
"March 22, 2025",Carlos Ulberg,Jan Blachowicz,win
"March 22, 2025",Kevin Holland,Gunnar Nelson,win
"March 22, 2025",Alexia Thainara,Molly McCann,win
"March 22, 2025",Chris Duncan,Jordan Vucenic,win
"March 22, 2025",Nathaniel Wood,Morgan Charriere,win
"March 22, 2025",Chris Padilla,Jai Herbert,win
"March 22, 2025",Lone'er Kavanagh,Felipe dos Santos,win
"March 22, 2025",Marcin Tybura,Mick Parkin,win
"March 22, 2025",Christian Leroy Duncan,Andrey Pulyaev,win
"March 22, 2025",Shauna Bannon,Puja Tomar,win
"March 22, 2025",Caolan Loughran,Nathan Fletcher,win
"March 22, 2025",Kaue Fernandes,Guram Kutateladze,win
"March 15, 2025",Roman Dolidze,Marvin Vettori,win
"March 15, 2025",Chidi Njokuani,Elizeu Zaleski dos Santos,win
"March 15, 2025",Alexander Hernandez,Kurt Holobaugh,win
"March 15, 2025",Da'Mon Blackshear,Cody Gibson,win
"March 15, 2025",Brendson Ribeiro,Diyar Nurgozhay,win
"March 15, 2025",Kevin Vallejos,SeungWoo Choi,win
"March 15, 2025",Waldo Cortes Acosta,Ryan Spann,win
"March 15, 2025",SuYoung You,AJ Cunningham,win
"March 15, 2025",Carlos Vera,Josias Musasa,win
"March 15, 2025",Sam Hughes,Stephanie Luciano,win
"March 15, 2025",Andre Lima,Daniel Barez,win
"March 15, 2025",Priscila Cachoeira,Josiane Nunes,win
"March 15, 2025",Carli Judice,Yuneisy Duben,win
"March 08, 2025",Magomed Ankalaev,Alex Pereira,win
"March 08, 2025",Justin Gaethje,Rafael Fiziev,win
"March 08, 2025",Ignacio Bahamondes,Jalin Turner,win
"March 08, 2025",Amanda Lemos,Iasmin Lucindo,win
"March 08, 2025",Mauricio Ruffy,King Green,win
"March 08, 2025",Joshua Van,Rei Tsuruya,win
"March 08, 2025",Brunno Ferreira,Armen Petrosyan,win
"March 08, 2025",Carlos Leal,Alex Morono,win
"March 08, 2025",Mairon Santos,Francis Marshall,win
"March 08, 2025",Ozzy Diaz,Djorden Santos,win
"March 01, 2025",Manel Kape,Asu Almabayev,win
"March 01, 2025",Cody Brundage,Julian Marquez,win
"March 01, 2025",Nasrat Haqparast,Esteban Ribovics,win
"March 01, 2025",Hyder Amil,William Gomis,win
"March 01, 2025",Sam Patterson,Danny Barlow,win
"March 01, 2025",Mario Pinto,Austen Lane,win
"March 01, 2025",Chepe Mariscal,Ricardo Ramos,win
"March 01, 2025",Danny Silva,Lucas Almeida,win
"March 01, 2025",JJ Aldrich,Andrea Lee,win
"March 01, 2025",Ramazan Temirov,Charles Johnson,win
"February 22, 2025",Song Yadong,Henry Cejudo,win
"February 22, 2025",Anthony Hernandez,Brendan Allen,win
"February 22, 2025",Rob Font,Jean Matsumoto,win
"February 22, 2025",Jean Silva,Melsik Baghdasaryan,win
"February 22, 2025",Alonzo Menifield,Julius Walker,win
"February 22, 2025",Ion Cutelaba,Ibo Aslan,win
"February 22, 2025",Melquizael Costa,Andre Fili,win
"February 22, 2025",Mansur Abdul-Malik,Nick Klein,win
"February 22, 2025",Ricky Simon,Javid Basharat,win
"February 22, 2025",Austin Vanderford,Nikolay Veretennikov,win
"February 22, 2025",Nursulton Ruziboev,Eric McConico,win
"February 22, 2025",Modestas Bukauskas,Rafael Cerqueira,win
"February 15, 2025",Jared Cannonier,Gregory Rodrigues,win
"February 15, 2025",Youssef Zalal,Calvin Kattar,win
"February 15, 2025",Edmen Shahbazyan,Dylan Budka,win
"February 15, 2025",Nazim Sadykhov,Ismael Bonfim,win
"February 15, 2025",Andre Petroski,Rodolfo Vieira,win
"February 15, 2025",Jose Delgado,Connor Matthews,win
"February 15, 2025",Angela Hill,Ketlen Souza,win
"February 15, 2025",Rafael Estevam,Jesus Aguilar,win
"February 15, 2025",Gabriel Bonfim,Khaos Williams,win
"February 15, 2025",Elijah Smith,Vince Morales,win
"February 15, 2025",Valter Walker,Don'Tale Mayes,win
"February 15, 2025",Jacqueline Cavalcanti,Julia Avila,win
"February 08, 2025",Dricus Du Plessis,Sean Strickland,win
"February 08, 2025",Zhang Weili,Tatiana Suarez,win
"February 08, 2025",Tallison Teixeira,Justin Tafa,win
"February 08, 2025",Jimmy Crute,Rodolfo Bellato,draw
"February 08, 2025",Jake Matthews,Francisco Prado,win
"February 08, 2025",Gabriel Santos,Jack Jenkins,win
"February 08, 2025",Tom Nolan,Viacheslav Borshchev,win
"February 08, 2025",Wang Cong,Bruna Brasil,win
"February 08, 2025",Aleksandre Topuria,Colby Thicknesse,win
"February 08, 2025",Rongzhu,Kody Steele,win
"February 08, 2025",Jonathan Micallef,Kevin Jousset,win
"February 08, 2025",Quillan Salkilld,Anshul Jubli,win
"February 01, 2025",Nassourdine Imavov,Israel Adesanya,win
"February 01, 2025",Michael Page,Shara Magomedov,win
"February 01, 2025",Sergei Pavlovich,Jairzinho Rozenstruik,win
"February 01, 2025",Vinicius Oliveira,Said Nurmagomedov,win
"February 01, 2025",Fares Ziam,Mike Davis,win
"February 01, 2025",Muhammad Naimov,Kaan Ofli,win
"February 01, 2025",Shamil Gaziev,Thomas Petersen,win
"February 01, 2025",Terrance McKinney,Damir Hadzovic,win
"February 01, 2025",Jasmine Jasudavicius,Mayra Bueno Silva,win
"February 01, 2025",Bogdan Grad,Lucas Alexander,win
"February 01, 2025",Hamdy Abdelwahab,Jamal Pogues,win
"January 18, 2025",Islam Makhachev,Renato Moicano,win
"January 18, 2025",Merab Dvalishvili,Umar Nurmagomedov,win
"January 18, 2025",Jiri Prochazka,Jamahal Hill,win
"January 18, 2025",Jailton Almeida,Serghei Spivac,win
"January 18, 2025",Reinier de Ridder,Kevin Holland,win
"January 18, 2025",Raoni Barcelos,Payton Talbott,win
"January 18, 2025",Azamat Bekoev,Zach Reese,win
"January 18, 2025",Bogdan Guskov,Billy Elekana,win
"January 18, 2025",Grant Dawson,Diego Ferreira,win
"January 18, 2025",Ailin Perez,Karol Rosa,win
"January 18, 2025",Muin Gafurov,Rinya Nakamura,win
"January 18, 2025",Benardo Sopaj,Ricky Turcios,win
"January 18, 2025",Tagir Ulanbekov,Clayton Carpenter,win
"January 11, 2025",Mackenzie Dern,Amanda Ribas,win
"January 11, 2025",Santiago Ponzinibbio,Carlston Harris,win
"January 11, 2025",Cesar Almeida,Abdul Razak Alhassan,win
"January 11, 2025",Roman Kopylov,Chris Curtis,win
"January 11, 2025",Christian Rodriguez,Austin Bashi,win
"January 11, 2025",Punahele Soriano,Uros Medic,win
"January 11, 2025",Felipe Bunes,Jose Johnson,win
"January 11, 2025",Marco Tulio,Ihor Potieria,win
"January 11, 2025",Thiago Moises,Trey Ogden,win
"January 11, 2025",Jacobe Smith,Preston Parsons,win
"January 11, 2025",Ernesta Kareckaite,Nicolle Caliari,win
"January 11, 2025",Bruno Lopes,Magomed Gadzhiyasulov,win
"January 11, 2025",Fatima Kline,Viktoriia Dudakova,win
"January 11, 2025",Nurullo Aliev,Joe Solecki,win
"December 14, 2024",Joaquin Buckley,Colby Covington,win
"December 14, 2024",Cub Swanson,Billy Quarantillo,win
"December 14, 2024",Manel Kape,Bruno Silva,win
"December 14, 2024",Dustin Jacoby,Vitor Petrino,win
"December 14, 2024",Daniel Marcos,Adrian Yanez,win
"December 14, 2024",Navajo Stirling,Tuco Tokkos,win
"December 14, 2024",Michael Johnson,Ottman Azaitar,win
"December 14, 2024",Joel Alvarez,Drakkar Klose,win
"December 14, 2024",Sean Woodson,Fernando Padilla,win
"December 14, 2024",Felipe Lima,Miles Johns,win
"December 14, 2024",Miranda Maverick,Jamey-Lyn Horth,win
"December 14, 2024",Davey Grant,Ramon Taveras,win
"December 14, 2024",Piera Rodriguez,Josefine Knutsson,win
"December 07, 2024",Alexandre Pantoja,Kai Asakura,win
"December 07, 2024",Shavkat Rakhmonov,Ian Machado Garry,win
"December 07, 2024",Ciryl Gane,Alexander Volkov,win
"December 07, 2024",Bryce Mitchell,Kron Gracie,win
"December 07, 2024",Dooho Choi,Nate Landwehr,win
"December 07, 2024",Dominick Reyes,Anthony Smith,win
"December 07, 2024",Vicente Luque,Themba Gorimbo,win
"December 07, 2024",Movsar Evloev,Aljamain Sterling,win
"December 07, 2024",Bryan Battle,Randy Brown,win
"December 07, 2024",Eryk Anders,Chris Weidman,win
"December 07, 2024",Joshua Van,Cody Durden,win
"December 07, 2024",Michael Chiesa,Max Griffin,win
"December 07, 2024",Chase Hooper,Clay Guida,win
"December 07, 2024",Kennedy Nzechukwu,Lukasz Brzeski,win
"November 23, 2024",Petr Yan,Deiveson Figueiredo,win
"November 23, 2024",Yan Xiaonan,Tabatha Ricci,win
"November 23, 2024",Muslim Salikhov,Song Kenan,win
"November 23, 2024",Gabriella Fernandes,Wang Cong,win
"November 23, 2024",Carlos Ulberg,Volkan Oezdemir,win
"November 23, 2024",Zhang Mingyang,Ozzy Diaz,win
"November 23, 2024",SuYoung You,Baergeng Jieleyisi,win
"November 23, 2024",DongHun Choi,Kiru Sahota,win
"November 23, 2024",Shi Ming,Feng Xiaocan,win
"November 23, 2024",Carlos Hernandez,Nyamjargal Tumendemberel,win
"November 23, 2024",Lone'er Kavanagh,Jose Ochoa,win
"November 23, 2024",Xiao Long,Quang Le,win
"November 23, 2024",Nikolas Motta,Maheshate,win
"November 16, 2024",Jon Jones,Stipe Miocic,win
"November 16, 2024",Charles Oliveira,Michael Chandler,win
"November 16, 2024",Bo Nickal,Paul Craig,win
"November 16, 2024",Viviane Araujo,Karine Silva,win
"November 16, 2024",Mauricio Ruffy,James Llontop,win
"November 16, 2024",Marcus McGhee,Jonathan Martinez,win
"November 16, 2024",Jim Miller,Damon Jackson,win
"November 16, 2024",David Onama,Roberto Romero,win
"November 16, 2024",Marcin Tybura,Jhonata Diniz,win
"November 16, 2024",Ramiz Brahimaj,Mickey Gall,win
"November 16, 2024",Oban Elliott,Bassil Hafez,win
"November 16, 2024",Eduarda Moura,Veronica Hardy,win
"November 09, 2024",Carlos Prates,Neil Magny,win
"November 09, 2024",Reinier de Ridder,Gerald Meerschaert,win
"November 09, 2024",Gaston Bolanos,Cortavious Romious,win
"November 09, 2024",Gillian Robertson,Luana Pinheiro,win
"November 09, 2024",Mansur Abdul-Malik,Dusko Todorovic,win
"November 09, 2024",Denise Gomes,Karolina Kowalkiewicz,win
"November 09, 2024",Elizeu Zaleski dos Santos,Zachary Scroggin,win
"November 09, 2024",Charles Radtke,Matthew Semelsberger,win
"November 09, 2024",Da'Mon Blackshear,Cody Stamann,win
"November 09, 2024",Tresean Gore,Antonio Trocoli,win
"November 09, 2024",Melissa Mullins,Klaudia Sygula,win
"November 02, 2024",Brandon Moreno,Amir Albazi,win
"November 02, 2024",Erin Blanchfield,Rose Namajunas,win
"November 02, 2024",Brendson Ribeiro,Caio Machado,win
"November 02, 2024",Jasmine Jasudavicius,Ariane da Silva,win
"November 02, 2024",Dustin Stoltzfus,Marc-Andre Barriault,win
"November 02, 2024",Mike Malott,Trevin Giles,win
"November 02, 2024",Aiemann Zahabi,Pedro Munhoz,win
"November 02, 2024",Charles Jourdain,Victor Henry,win
"November 02, 2024",Youssef Zalal,Jack Shore,win
"November 02, 2024",Alexandr Romanov,Rodrigo Nascimento,win
"November 02, 2024",Serhiy Sidey,Garrett Armfield,win
"November 02, 2024",Cody Gibson,Chad Anheliger,win
"November 02, 2024",Jamey-Lyn Horth,Ivana Petrovic,win
"October 26, 2024",Ilia Topuria,Max Holloway,win
"October 26, 2024",Khamzat Chimaev,Robert Whittaker,win
"October 26, 2024",Magomed Ankalaev,Aleksandar Rakic,win
"October 26, 2024",Lerone Murphy,Dan Ige,win
"October 26, 2024",Shara Magomedov,Armen Petrosyan,win
"October 26, 2024",Ibo Aslan,Rafael Cerqueira,win
"October 26, 2024",Geoff Neal,Rafael Dos Anjos,win
"October 26, 2024",Mateusz Rebecki,Myktybek Orolbai,win
"October 26, 2024",Abus Magomedov,Brunno Ferreira,win
"October 26, 2024",Kennedy Nzechukwu,Chris Barnett,win
"October 26, 2024",Farid Basharat,Victor Hugo,win
"October 26, 2024",Ismail Naurdiev,Bruno Silva,win
"October 26, 2024",Rinat Fakhretdinov,Carlos Leal,win
"October 19, 2024",Anthony Hernandez,Michel Pereira,win
"October 19, 2024",Rob Font,Kyler Phillips,win
"October 19, 2024",Charles Johnson,Sumudaerji,win
"October 19, 2024",Cameron Smotherman,Jake Hadley,win
"October 19, 2024",Darren Elkins,Daniel Pineda,win
"October 19, 2024",Asu Almabayev,Matheus Nicolau,win
"October 19, 2024",Jean Matsumoto,Brad Katona,win
"October 19, 2024",Joselyne Edwards,Tamires Vidal,win
"October 19, 2024",Elise Reed,Jessica Penne,win
"October 19, 2024",Melissa Martinez,Alice Ardelean,win
"October 19, 2024",Austen Lane,Robelis Despaigne,win
"October 12, 2024",Brandon Royval,Tatsuro Taira,win
"October 12, 2024",JunYong Park,Brad Tavares,win
"October 12, 2024",Chidi Njokuani,Jared Gooden,win
"October 12, 2024",Grant Dawson,Rafa Garcia,win
"October 12, 2024",Daniel Rodriguez,Alex Morono,win
"October 12, 2024",Ramazan Temirov,CJ Vergara,win
"October 12, 2024",Pat Sabatini,Jonathan Pearce,win
"October 12, 2024",Themba Gorimbo,Niko Price,win
"October 12, 2024",Junior Tafa,Sean Sharaf,win
"October 12, 2024",Julia Polastri,Cory McKenna,win
"October 12, 2024",Cody Haddon,Dan Argueta,win
"October 12, 2024",Clayton Carpenter,Lucas Rocha,win
"October 05, 2024",Alex Pereira,Khalil Rountree Jr.,win
"October 05, 2024",Julianna Pena,Raquel Pennington,win
"October 05, 2024",Mario Bautista,Jose Aldo,win
"October 05, 2024",Roman Dolidze,Kevin Holland,win
"October 05, 2024",Kayla Harrison,Ketlen Vieira,win
"October 05, 2024",Joaquin Buckley,Stephen Thompson,win
"October 05, 2024",Iasmin Lucindo,Marina Rodriguez,win
"October 05, 2024",Alexander Hernandez,Austin Hubbard,win
"October 05, 2024",Cesar Almeida,Ihor Potieria,win
"October 05, 2024",Ryan Spann,Ovince Saint Preux,win
"October 05, 2024",Tecia Pennington,Carla Esparza,win
"October 05, 2024",Court McGee,Tim Means,win
"September 28, 2024",Renato Moicano,Benoit Saint Denis,win
"September 28, 2024",Nassourdine Imavov,Brendan Allen,win
"September 28, 2024",William Gomis,Joanderson Brito,win
"September 28, 2024",Bryan Battle,Kevin Jousset,win
"September 28, 2024",Morgan Charriere,Gabriel Miranda,win
"September 28, 2024",Fares Ziam,Matt Frevola,win
"September 28, 2024",Ion Cutelaba,Ivan Erslan,win
"September 28, 2024",Oumar Sy,Da Woon Jung,win
"September 28, 2024",Ludovit Klein,Roosevelt Roberts,win
"September 28, 2024",Taylor Lapilus,Vince Morales,win
"September 28, 2024",Ailin Perez,Daria Zhelezniakova,win
"September 28, 2024",Daniel Barez,Victor Altamirano,win
"September 28, 2024",Jacqueline Cavalcanti,Nora Cornolle,win
"September 28, 2024",Chris Duncan,Bolaji Oki,win
"September 14, 2024",Merab Dvalishvili,Sean O'Malley,win
"September 14, 2024",Valentina Shevchenko,Alexa Grasso,win
"September 14, 2024",Diego Lopes,Brian Ortega,win
"September 14, 2024",Esteban Ribovics,Daniel Zellhuber,win
"September 14, 2024",Ronaldo Rodriguez,Ode Osbourne,win
"September 14, 2024",Norma Dumont,Irene Aldana,win
"September 14, 2024",Ignacio Bahamondes,Manuel Torres,win
"September 14, 2024",Ketlen Souza,Yazmin Jauregui,win
"September 14, 2024",Joshua Van,Edgar Chairez,win
"September 14, 2024",Raul Rosas Jr.,Aoriqileng,win
"September 07, 2024",Sean Brady,Gilbert Burns,win
"September 07, 2024",Natalia Silva,Jessica Andrade,win
"September 07, 2024",Steve Garcia,Kyle Nelson,win
"September 07, 2024",Cody Durden,Matt Schnell,win
"September 07, 2024",Yanal Ashmouz,Trevor Peek,win
"September 07, 2024",Chris Padilla,Rongzhu,win
"September 07, 2024",Isaac Dulgarian,Brendon Marotte,win
"September 07, 2024",Andre Lima,Felipe dos Santos,win
"September 07, 2024",Gabriel Santos,Yizha,win
"September 07, 2024",Jaqueline Amorim,Vanessa Demopoulos,win
"September 07, 2024",Andre Petroski,Dylan Budka,win
"September 07, 2024",Nathan Fletcher,Zygimantas Ramaska,win
"August 24, 2024",Caio Borralho,Jared Cannonier,win
"August 24, 2024",Tabatha Ricci,Angela Hill,win
"August 24, 2024",Ryan Loder,Robert Valentin,win
"August 24, 2024",Mairon Santos,Kaan Ofli,win
"August 24, 2024",Michael Morales,Neil Magny,win
"August 24, 2024",Gerald Meerschaert,Edmen Shahbazyan,win
"August 24, 2024",Francis Marshall,Dennis Buzukja,win
"August 24, 2024",Zach Reese,Jose Daniel Medina,win
"August 24, 2024",Viacheslav Borshchev,James Llontop,win
"August 24, 2024",Jacqueline Cavalcanti,Josiane Nunes,win
"August 24, 2024",Wang Cong,Victoria Leonardo,win
"August 17, 2024",Dricus Du Plessis,Israel Adesanya,win
"August 17, 2024",Kai Kara-France,Steve Erceg,win
"August 17, 2024",Dan Hooker,Mateusz Gamrot,win
"August 17, 2024",Jairzinho Rozenstruik,Tai Tuivasa,win
"August 17, 2024",Carlos Prates,Li Jingliang,win
"August 17, 2024",Valter Walker,Junior Tafa,win
"August 17, 2024",Ricardo Ramos,Josh Culibao,win
"August 17, 2024",Casey O'Neill,Luana Santos,win
"August 17, 2024",Jack Jenkins,Herbert Burns,win
"August 17, 2024",Tom Nolan,Alex Reyes,win
"August 17, 2024",Song Kenan,Ricky Glenn,win
"August 17, 2024",Jesus Aguilar,Stewart Nicoll,win
"August 10, 2024",Serghei Spivac,Marcin Tybura,win
"August 10, 2024",Chepe Mariscal,Damon Jackson,win
"August 10, 2024",Danny Barlow,Nikolay Veretennikov,win
"August 10, 2024",Chris Gutierrez,Quang Le,win
"August 10, 2024",Yana Santos,Chelsea Chandler,win
"August 10, 2024",Toshiomi Kazama,Charalampos Grigoriou,win
"August 10, 2024",Karol Rosa,Pannie Kianzad,win
"August 10, 2024",Jhonata Diniz,Karl Williams,win
"August 10, 2024",Youssef Zalal,Jarno Errens,win
"August 10, 2024",Stephanie Luciano,Talita Alencar,win
"August 03, 2024",Umar Nurmagomedov,Cory Sandhagen,win
"August 03, 2024",Shara Magomedov,Michal Oleksiejczuk,win
"August 03, 2024",Deiveson Figueiredo,Marlon Vera,win
"August 03, 2024",Michael Chiesa,Tony Ferguson,win
"August 03, 2024",Mackenzie Dern,Loopy Godinez,win
"August 03, 2024",Joel Alvarez,Elves Brener,win
"August 03, 2024",Azamat Murzakanov,Alonzo Menifield,win
"August 03, 2024",Kaue Fernandes,Mohammad Yahya,win
"August 03, 2024",Shamil Gaziev,Don'Tale Mayes,win
"August 03, 2024",Guram Kutateladze,Jordan Vucenic,win
"August 03, 2024",Sam Hughes,Viktoriia Dudakova,win
"August 03, 2024",Jai Herbert,Rolando Bedoya,win
"August 03, 2024",Sedriques Dumas,Denis Tiuliulin,win
"July 27, 2024",Belal Muhammad,Leon Edwards,win
"July 27, 2024",Tom Aspinall,Curtis Blaydes,win
"July 27, 2024",Paddy Pimblett,King Green,win
"July 27, 2024",Gregory Rodrigues,Christian Leroy Duncan,win
"July 27, 2024",Arnold Allen,Giga Chikadze,win
"July 27, 2024",Nathaniel Wood,Daniel Pineda,win
"July 27, 2024",Bruna Brasil,Molly McCann,win
"July 27, 2024",Jake Hadley,Caolan Loughran,win
"July 27, 2024",Muhammad Mokaev,Manel Kape,win
"July 27, 2024",Oban Elliott,Preston Parsons,win
"July 27, 2024",Modestas Bukauskas,Marcin Prachnio,win
"July 27, 2024",Sam Patterson,Kiefer Crosbie,win
"July 27, 2024",Mick Parkin,Lukasz Brzeski,win
"July 27, 2024",Shauna Bannon,Alice Ardelean,win
"July 20, 2024",Virna Jandiroba,Amanda Lemos,win
"July 20, 2024",Steve Garcia,SeungWoo Choi,win
"July 20, 2024",Kurt Holobaugh,Kaynan Kruschewsky,win
"July 20, 2024",Bruno Silva,Cody Durden,win
"July 20, 2024",Dooho Choi,Bill Algeo,win
"July 20, 2024",Hyder Amil,JeongYeong Lee,win
"July 20, 2024",Cody Gibson,Brian Kelleher,win
"July 20, 2024",Miranda Maverick,Dione Barbosa,win
"July 20, 2024",Trey Ogden,Loik Radzhabov,win
"July 20, 2024",Luana Carolina,Lucie Pudilova,win
"July 20, 2024",Thomas Petersen,Mohammed Usman,win
"July 13, 2024",Rose Namajunas,Tracy Cortez,win
"July 13, 2024",Muslim Salikhov,Santiago Ponzinibbio,win
"July 13, 2024",Jean Silva,Drew Dober,win
"July 13, 2024",Gabriel Bonfim,Ange Loosa,win
"July 13, 2024",Julian Erosa,Christian Rodriguez,win
"July 13, 2024",Abdul Razak Alhassan,Cody Brundage,nc
"July 13, 2024",Charles Johnson,Joshua Van,win
"July 13, 2024",Jasmine Jasudavicius,Fatima Kline,win
"July 13, 2024",Montel Jackson,Da'Mon Blackshear,win
"July 13, 2024",Luana Santos,Mariya Agapova,win
"July 13, 2024",Andre Petroski,Josh Fremd,win
"July 13, 2024",Evan Elder,Darrius Flowers,win
"June 29, 2024",Alex Pereira,Jiri Prochazka,win
"June 29, 2024",Diego Lopes,Dan Ige,win
"June 29, 2024",Roman Dolidze,Anthony Smith,win
"June 29, 2024",Macy Chiasson,Mayra Bueno Silva,win
"June 29, 2024",Ian Machado Garry,Michael Page,win
"June 29, 2024",Joe Pyfer,Marc-Andre Barriault,win
"June 29, 2024",Andre Fili,Cub Swanson,win
"June 29, 2024",Jean Silva,Charles Jourdain,win
"June 29, 2024",Payton Talbott,Yanis Ghemmouri,win
"June 29, 2024",Gillian Robertson,Michelle Waterson-Gomez,win
"June 29, 2024",Martin Buday,Andrei Arlovski,win
"June 29, 2024",Rei Tsuruya,Carlos Hernandez,win
"June 29, 2024",Vinicius Oliveira,Ricky Simon,win
"June 22, 2024",Robert Whittaker,Ikram Aliskerov,win
"June 22, 2024",Alexander Volkov,Sergei Pavlovich,win
"June 22, 2024",Kelvin Gastelum,Daniel Rodriguez,win
"June 22, 2024",Shara Magomedov,Antonio Trocoli,win
"June 22, 2024",Volkan Oezdemir,Johnny Walker,win
"June 22, 2024",Nasrat Haqparast,Jared Gordon,win
"June 22, 2024",Felipe Lima,Muhammad Naimov,win
"June 22, 2024",Rinat Fakhretdinov,Nicolas Dalby,win
"June 22, 2024",Muin Gafurov,Kyung Ho Kang,win
"June 22, 2024",Magomed Gadzhiyasulov,Brendson Ribeiro,win
"June 22, 2024",ChangHo Lee,Xiao Long,win
"June 15, 2024",Tatsuro Taira,Alex Perez,win
"June 15, 2024",Miles Johns,Douglas Silva de Andrade,win
"June 15, 2024",Lucas Almeida,Timmy Cuamba,win
"June 15, 2024",Brady Hiestand,Garrett Armfield,win
"June 15, 2024",Asu Almabayev,Jose Johnson,win
"June 15, 2024",Adam Fugitt,Josh Quinlan,win
"June 15, 2024",Nate Maness,Jimmy Flick,win
"June 15, 2024",Gabriella Fernandes,Carli Judice,win
"June 15, 2024",Westin Wilson,Jeka Saragih,win
"June 15, 2024",Melquizael Costa,Shayilan Nuerdanbieke,win
"June 15, 2024",Josefine Knutsson,Julia Polastri,win
"June 08, 2024",Nassourdine Imavov,Jared Cannonier,win
"June 08, 2024",Dominick Reyes,Dustin Jacoby,win
"June 08, 2024",Raul Rosas Jr.,Ricky Turcios,win
"June 08, 2024",Brunno Ferreira,Dustin Stoltzfus,win
"June 08, 2024",Zach Reese,Julian Marquez,win
"June 08, 2024",Punahele Soriano,Miguel Baeza,win
"June 08, 2024",Ludovit Klein,Thiago Moises,win
"June 08, 2024",Carlos Prates,Charles Radtke,win
"June 08, 2024",Brad Katona,Jesse Butler,win
"June 08, 2024",Montana De La Rosa,Andrea Lee,win
"June 08, 2024",Daniel Marcos,John Castaneda,win
"June 08, 2024",Denise Gomes,Eduarda Moura,win
"June 08, 2024",Taylor Lapilus,Cody Stamann,win
"June 08, 2024",Puja Tomar,Rayanne dos Santos,win
"June 01, 2024",Islam Makhachev,Dustin Poirier,win
"June 01, 2024",Sean Strickland,Paulo Costa,win
"June 01, 2024",Kevin Holland,Michal Oleksiejczuk,win
"June 01, 2024",Niko Price,Alex Morono,win
"June 01, 2024",Randy Brown,Elizeu Zaleski dos Santos,win
"June 01, 2024",Roman Kopylov,Cesar Almeida,win
"June 01, 2024",Jailton Almeida,Alexandr Romanov,win
"June 01, 2024",Grant Dawson,Joe Solecki,win
"June 01, 2024",Jake Matthews,Phil Rowe,win
"June 01, 2024",Bassil Hafez,Mickey Gall,win
"June 01, 2024",Ailin Perez,Joselyne Edwards,win
"June 01, 2024",Andre Lima,Mitch Raposo,win
"May 18, 2024",Lerone Murphy,Edson Barboza,win
"May 18, 2024",Khaos Williams,Carlston Harris,win
"May 18, 2024",Themba Gorimbo,Ramiz Brahimaj,win
"May 18, 2024",Adrian Yanez,Vinicius Salvador,win
"May 18, 2024",Angela Hill,Luana Pinheiro,win
"May 18, 2024",Tom Nolan,Victor Martinez,win
"May 18, 2024",Oumar Sy,Tuco Tokkos,win
"May 18, 2024",Melissa Gatto,Tamires Vidal,win
"May 18, 2024",Abus Magomedov,Warlley Alves,win
"May 18, 2024",Ariane Carnelossi,Piera Rodriguez,win
"May 18, 2024",Alatengheili,Kleydson Rodrigues,win
"May 18, 2024",Vanessa Demopoulos,Emily Ducote,win
"May 11, 2024",Derrick Lewis,Rodrigo Nascimento,win
"May 11, 2024",Joaquin Buckley,Nursulton Ruziboev,win
"May 11, 2024",Carlos Ulberg,Alonzo Menifield,win
"May 11, 2024",Diego Ferreira,Mateusz Rebecki,win
"May 11, 2024",Sean Woodson,Alex Caceres,win
"May 11, 2024",Waldo Cortes Acosta,Robelis Despaigne,win
"May 11, 2024",Chase Hooper,Viacheslav Borshchev,win
"May 11, 2024",Esteban Ribovics,Terrance McKinney,win
"May 11, 2024",Tabatha Ricci,Tecia Pennington,win
"May 11, 2024",Trey Waters,Billy Ray Goff,win
"May 11, 2024",Charles Johnson,Jake Hadley,win
"May 11, 2024",Veronica Hardy,JJ Aldrich,win
"May 04, 2024",Alexandre Pantoja,Steve Erceg,win
"May 04, 2024",Jose Aldo,Jonathan Martinez,win
"May 04, 2024",Anthony Smith,Vitor Petrino,win
"May 04, 2024",Michel Pereira,Ihor Potieria,win
"May 04, 2024",Caio Borralho,Paul Craig,win
"May 04, 2024",Joanderson Brito,Jack Shore,win
"May 04, 2024",Iasmin Lucindo,Karolina Kowalkiewicz,win
"May 04, 2024",Myktybek Orolbai,Elves Brener,win
"May 04, 2024",Drakkar Klose,Joaquim Silva,win
"May 04, 2024",Mauricio Ruffy,Jamie Mullarkey,win
"May 04, 2024",Dione Barbosa,Ernesta Kareckaite,win
"May 04, 2024",Ismael Bonfim,Vinc Pichel,win
"May 04, 2024",Alessandro Costa,Kevin Borjas,win
"April 27, 2024",Alex Perez,Matheus Nicolau,win
"April 27, 2024",Bogdan Guskov,Ryan Spann,win
"April 27, 2024",Karine Silva,Ariane da Silva,win
"April 27, 2024",Jhonata Diniz,Austen Lane,win
"April 27, 2024",David Onama,Jonathan Pearce,win
"April 27, 2024",Uros Medic,Tim Means,win
"April 27, 2024",Victor Henry,Rani Yahya,win
"April 27, 2024",Austin Hubbard,Michal Figlak,win
"April 27, 2024",Don'Tale Mayes,Caio Machado,win
"April 27, 2024",Ketlen Souza,Marnic Mann,win
"April 27, 2024",Chris Padilla,James Llontop,win
"April 27, 2024",Ivana Petrovic,Liang Na,win
"April 27, 2024",Maheshate,Gabriel Benitez,win
"April 13, 2024",Alex Pereira,Jamahal Hill,win
"April 13, 2024",Zhang Weili,Yan Xiaonan,win
"April 13, 2024",Max Holloway,Justin Gaethje,win
"April 13, 2024",Arman Tsarukyan,Charles Oliveira,win
"April 13, 2024",Bo Nickal,Cody Brundage,win
"April 13, 2024",Jiri Prochazka,Aleksandar Rakic,win
"April 13, 2024",Aljamain Sterling,Calvin Kattar,win
"April 13, 2024",Kayla Harrison,Holly Holm,win
"April 13, 2024",Diego Lopes,Sodiq Yusuff,win
"April 13, 2024",Renato Moicano,Jalin Turner,win
"April 13, 2024",Jessica Andrade,Marina Rodriguez,win
"April 13, 2024",King Green,Jim Miller,win
"April 13, 2024",Deiveson Figueiredo,Cody Garbrandt,win
"April 06, 2024",Brendan Allen,Chris Curtis,win
"April 06, 2024",Damon Jackson,Alexander Hernandez,win
"April 06, 2024",Chepe Mariscal,Morgan Charriere,win
"April 06, 2024",Ignacio Bahamondes,Christos Giagos,win
"April 06, 2024",Charlie Campbell,Trevor Peek,win
"April 06, 2024",Alex Morono,Court McGee,win
"April 06, 2024",Lukasz Brzeski,Valter Walker,win
"April 06, 2024",Norma Dumont,Germaine de Randamie,win
"April 06, 2024",Victor Hugo,Pedro Falcao,win
"April 06, 2024",Jean Matsumoto,Dan Argueta,win
"April 06, 2024",Cesar Almeida,Dylan Budka,win
"April 06, 2024",Nora Cornolle,Melissa Mullins,win
"March 30, 2024",Manon Fiorot,Erin Blanchfield,win
"March 30, 2024",Joaquin Buckley,Vicente Luque,win
"March 30, 2024",Chris Weidman,Bruno Silva,win
"March 30, 2024",Nursulton Ruziboev,Sedriques Dumas,win
"March 30, 2024",Kyle Nelson,Bill Algeo,win
"March 30, 2024",Chidi Njokuani,Rhys McKee,win
"March 30, 2024",Nate Landwehr,Jamall Emmers,win
"March 30, 2024",Virna Jandiroba,Loopy Godinez,win
"March 30, 2024",Julio Arce,Herbert Burns,win
"March 30, 2024",Dennis Buzukja,Connor Matthews,win
"March 30, 2024",Ibo Aslan,Anton Turkalj,win
"March 30, 2024",Jacob Malkoun,Andre Petroski,win
"March 30, 2024",Caolan Loughran,Angel Pacheco,win
"March 23, 2024",Rose Namajunas,Amanda Ribas,win
"March 23, 2024",Karl Williams,Justin Tafa,win
"March 23, 2024",Edmen Shahbazyan,AJ Dobson,win
"March 23, 2024",Payton Talbott,Cameron Saaiman,win
"March 23, 2024",Youssef Zalal,Billy Quarantillo,win
"March 23, 2024",Fernando Padilla,Luis Pajuelo,win
"March 23, 2024",Trey Ogden,Kurt Holobaugh,win
"March 23, 2024",Julian Erosa,Ricardo Ramos,win
"March 23, 2024",Miles Johns,Cody Gibson,win
"March 23, 2024",Jarno Errens,Steven Nguyen,win
"March 23, 2024",Daria Zhelezniakova,Montse Rendon,win
"March 23, 2024",Andre Lima,Igor Severino,win
"March 23, 2024",Mick Parkin,Mohammed Usman,win
"March 16, 2024",Marcin Tybura,Tai Tuivasa,win
"March 16, 2024",Bryan Battle,Ange Loosa,nc
"March 16, 2024",Ovince Saint Preux,Kennedy Nzechukwu,win
"March 16, 2024",Christian Rodriguez,Isaac Dulgarian,win
"March 16, 2024",Macy Chiasson,Pannie Kianzad,win
"March 16, 2024",Gerald Meerschaert,Bryan Barberena,win
"March 16, 2024",Mike Davis,Natan Levy,win
"March 16, 2024",Chelsea Chandler,Josiane Nunes,win
"March 16, 2024",Jafel Filho,Ode Osbourne,win
"March 16, 2024",Danny Silva,Josh Culibao,win
"March 16, 2024",Jaqueline Amorim,Cory McKenna,win
"March 16, 2024",Thiago Moises,Mitch Ramirez,win
"March 16, 2024",Chad Anheliger,Charalampos Grigoriou,win
"March 09, 2024",Sean O'Malley,Marlon Vera,win
"March 09, 2024",Dustin Poirier,Benoit Saint Denis,win
"March 09, 2024",Michael Page,Kevin Holland,win
"March 09, 2024",Jack Della Maddalena,Gilbert Burns,win
"March 09, 2024",Petr Yan,Song Yadong,win
"March 09, 2024",Curtis Blaydes,Jailton Almeida,win
"March 09, 2024",Maycee Barber,Katlyn Cerminara,win
"March 09, 2024",Mateusz Gamrot,Rafael Dos Anjos,win
"March 09, 2024",Kyler Phillips,Pedro Munhoz,win
"March 09, 2024",Philipe Lins,Ion Cutelaba,win
"March 09, 2024",Michel Pereira,Michal Oleksiejczuk,win
"March 09, 2024",Robelis Despaigne,Josh Parisian,win
"March 09, 2024",Asu Almabayev,CJ Vergara,win
"March 09, 2024",Joanne Wood,Maryna Moroz,win
"March 02, 2024",Jairzinho Rozenstruik,Shamil Gaziev,win
"March 02, 2024",Vitor Petrino,Tyson Pedro,win
"March 02, 2024",Muhammad Mokaev,Alex Perez,win
"March 02, 2024",Umar Nurmagomedov,Bekzat Almakhan,win
"March 02, 2024",Steve Erceg,Matt Schnell,win
"March 02, 2024",Eryk Anders,Jamie Pickett,win
"March 02, 2024",Vinicius Oliveira,Benardo Sopaj,win
"March 02, 2024",Aiemann Zahabi,Javid Basharat,win
"March 02, 2024",Christian Leroy Duncan,Claudio Ribeiro,win
"March 02, 2024",Ludovit Klein,AJ Cunningham,win
"March 02, 2024",Loik Radzhabov,Abdul-Kareem Al-Selwady,win
"February 24, 2024",Brandon Royval,Brandon Moreno,win
"February 24, 2024",Brian Ortega,Yair Rodriguez,win
"February 24, 2024",Daniel Zellhuber,Francisco Prado,win
"February 24, 2024",Yazmin Jauregui,Sam Hughes,win
"February 24, 2024",Manuel Torres,Chris Duncan,win
"February 24, 2024",Raoni Barcelos,Cristian Quinonez,win
"February 24, 2024",Jesus Aguilar,Mateus Mendonca,win
"February 24, 2024",Edgar Chairez,Daniel Lacerda,win
"February 24, 2024",Fares Ziam,Claudio Puelles,win
"February 24, 2024",Ronaldo Rodriguez,Denys Bondar,win
"February 24, 2024",Felipe dos Santos,Victor Altamirano,win
"February 24, 2024",Muhammad Naimov,Erik Silva,win
"February 17, 2024",Ilia Topuria,Alexander Volkanovski,win
"February 17, 2024",Robert Whittaker,Paulo Costa,win
"February 17, 2024",Ian Machado Garry,Geoff Neal,win
"February 17, 2024",Merab Dvalishvili,Henry Cejudo,win
"February 17, 2024",Anthony Hernandez,Roman Kopylov,win
"February 17, 2024",Amanda Lemos,Mackenzie Dern,win
"February 17, 2024",Marcos Rogerio de Lima,Junior Tafa,win
"February 17, 2024",Rinya Nakamura,Carlos Vera,win
"February 17, 2024",Zhang Mingyang,Brendson Ribeiro,win
"February 17, 2024",Danny Barlow,Josh Quinlan,win
"February 17, 2024",Oban Elliott,Val Woodburn,win
"February 17, 2024",Miranda Maverick,Andrea Lee,win
"February 10, 2024",Jack Hermansson,Joe Pyfer,win
"February 10, 2024",Dan Ige,Andre Fili,win
"February 10, 2024",Ihor Potieria,Robert Bryczek,win
"February 10, 2024",Gregory Rodrigues,Brad Tavares,win
"February 10, 2024",Michael Johnson,Darrius Flowers,win
"February 10, 2024",Rodolfo Vieira,Armen Petrosyan,win
"February 10, 2024",Carlos Prates,Trevin Giles,win
"February 10, 2024",Bolaji Oki,Timmy Cuamba,win
"February 10, 2024",Loma Lookboonmee,Bruna Brasil,win
"February 10, 2024",Marcin Prachnio,Devin Clark,win
"February 10, 2024",Max Griffin,Jeremiah Wells,win
"February 10, 2024",Bogdan Guskov,Zac Pauga,win
"February 10, 2024",Hyder Amil,Fernie Garcia,win
"February 10, 2024",Daniel Marcos,Aoriqileng,nc
"February 03, 2024",Nassourdine Imavov,Roman Dolidze,win
"February 03, 2024",Renato Moicano,Drew Dober,win
"February 03, 2024",Randy Brown,Muslim Salikhov,win
"February 03, 2024",Natalia Silva,Viviane Araujo,win
"February 03, 2024",Aliaskhab Khizriev,Makhmud Muradov,nc
"February 03, 2024",Charles Radtke,Gilbert Urbina,win
"February 03, 2024",Molly McCann,Diana Belbita,win
"February 03, 2024",Charles Johnson,Azat Maksum,win
"February 03, 2024",Themba Gorimbo,Pete Rodriguez,win
"February 03, 2024",JeongYeong Lee,Blake Bilder,win
"February 03, 2024",Luana Carolina,Julija Stoliarenko,win
"February 03, 2024",MarQuel Mederos,Landon Quinones,win
"February 03, 2024",Jamal Pogues,Thomas Petersen,win
"January 20, 2024",Dricus Du Plessis,Sean Strickland,win
"January 20, 2024",Raquel Pennington,Mayra Bueno Silva,win
"January 20, 2024",Neil Magny,Mike Malott,win
"January 20, 2024",Chris Curtis,Marc-Andre Barriault,win
"January 20, 2024",Movsar Evloev,Arnold Allen,win
"January 20, 2024",Garrett Armfield,Brad Katona,win
"January 20, 2024",Sean Woodson,Charles Jourdain,win
"January 20, 2024",Ramon Taveras,Serhiy Sidey,win
"January 20, 2024",Gillian Robertson,Polyana Viana,win
"January 20, 2024",Sam Patterson,Yohan Lainesse,win
"January 20, 2024",Jasmine Jasudavicius,Priscila Cachoeira,win
"January 20, 2024",Jimmy Flick,Malcolm Gordon,win
"January 13, 2024",Magomed Ankalaev,Johnny Walker,win
"January 13, 2024",Jim Miller,Gabriel Benitez,win
"January 13, 2024",Mario Bautista,Ricky Simon,win
"January 13, 2024",Brunno Ferreira,Phil Hawes,win
"January 13, 2024",Waldo Cortes Acosta,Andrei Arlovski,win
"January 13, 2024",Preston Parsons,Matthew Semelsberger,win
"January 13, 2024",Marcus McGhee,Gaston Bolanos,win
"January 13, 2024",Farid Basharat,Taylor Lapilus,win
"January 13, 2024",Jean Silva,Westin Wilson,win
"January 13, 2024",Nikolas Motta,Tom Nolan,win
"January 13, 2024",Joshua Van,Felipe Bunes,win
"December 16, 2023",Leon Edwards,Colby Covington,win
"December 16, 2023",Alexandre Pantoja,Brandon Royval,win
"December 16, 2023",Shavkat Rakhmonov,Stephen Thompson,win
"December 16, 2023",Paddy Pimblett,Tony Ferguson,win
"December 16, 2023",Josh Emmett,Bryce Mitchell,win
"December 16, 2023",Alonzo Menifield,Dustin Jacoby,win
"December 16, 2023",Irene Aldana,Karol Rosa,win
"December 16, 2023",Cody Garbrandt,Brian Kelleher,win
"December 16, 2023",Ariane da Silva,Casey O'Neill,win
"December 16, 2023",Tagir Ulanbekov,Cody Durden,win
"December 16, 2023",Andre Fili,Lucas Almeida,win
"December 16, 2023",Shamil Gaziev,Martin Buday,win
"December 09, 2023",Song Yadong,Chris Gutierrez,win
"December 09, 2023",Khalil Rountree Jr.,Anthony Smith,win
"December 09, 2023",Nasrat Haqparast,Jamie Mullarkey,win
"December 09, 2023",Tim Elliott,Sumudaerji,win
"December 09, 2023",Andre Muniz,JunYong Park,win
"December 09, 2023",Kevin Jousset,Song Kenan,win
"December 09, 2023",HyunSung Park,Shannon Ross,win
"December 09, 2023",Steve Garcia,Melquizael Costa,win
"December 09, 2023",Luana Santos,Stephanie Egger,win
"December 09, 2023",Tatsuro Taira,Carlos Hernandez,win
"December 09, 2023",Talita Alencar,Rayanne dos Santos,win
"December 02, 2023",Arman Tsarukyan,Beneil Dariush,win
"December 02, 2023",Jalin Turner,King Green,win
"December 02, 2023",Deiveson Figueiredo,Rob Font,win
"December 02, 2023",Sean Brady,Kelvin Gastelum,win
"December 02, 2023",Joaquim Silva,Clay Guida,win
"December 02, 2023",Dustin Stoltzfus,Punahele Soriano,win
"December 02, 2023",Miesha Tate,Julia Avila,win
"December 02, 2023",Cody Brundage,Zach Reese,win
"December 02, 2023",Drakkar Klose,Joe Solecki,win
"December 02, 2023",Rodolfo Bellato,Ihor Potieria,win
"December 02, 2023",Jared Gooden,Wellington Turman,win
"December 02, 2023",Veronica Hardy,Jamey-Lyn Horth,win
"November 18, 2023",Brendan Allen,Paul Craig,win
"November 18, 2023",Michael Morales,Jake Matthews,win
"November 18, 2023",Chase Hooper,Jordan Leavitt,win
"November 18, 2023",Payton Talbott,Nick Aguirre,win
"November 18, 2023",Amanda Ribas,Luana Pinheiro,win
"November 18, 2023",Myktybek Orolbai,Uros Medic,win
"November 18, 2023",Joanderson Brito,Jonathan Pearce,win
"November 18, 2023",Jose Johnson,Chad Anheliger,win
"November 18, 2023",Christian Leroy Duncan,Denis Tiuliulin,win
"November 18, 2023",Mick Parkin,Caio Machado,win
"November 18, 2023",Jeka Saragih,Lucas Alexander,win
"November 18, 2023",Ailin Perez,Lucie Pudilova,win
"November 18, 2023",Trey Ogden,Nikolas Motta,nc
"November 18, 2023",Rafael Estevam,Charles Johnson,win
"November 11, 2023",Alex Pereira,Jiri Prochazka,win
"November 11, 2023",Tom Aspinall,Sergei Pavlovich,win
"November 11, 2023",Jessica Andrade,Mackenzie Dern,win
"November 11, 2023",Benoit Saint Denis,Matt Frevola,win
"November 11, 2023",Diego Lopes,Pat Sabatini,win
"November 11, 2023",Steve Erceg,Alessandro Costa,win
"November 11, 2023",Loopy Godinez,Tabatha Ricci,win
"November 11, 2023",Mateusz Rebecki,Roosevelt Roberts,win
"November 11, 2023",Nazim Sadykhov,Viacheslav Borshchev,draw
"November 11, 2023",Jared Gordon,Mark Madsen,win
"November 11, 2023",John Castaneda,Kyung Ho Kang,win
"November 11, 2023",Joshua Van,Kevin Borjas,win
"November 11, 2023",Jamall Emmers,Dennis Buzukja,win
"November 04, 2023",Jailton Almeida,Derrick Lewis,win
"November 04, 2023",Nicolas Dalby,Gabriel Bonfim,win
"November 04, 2023",Rodrigo Nascimento,Don'Tale Mayes,win
"November 04, 2023",Caio Borralho,Abus Magomedov,win
"November 04, 2023",Elves Brener,Kaynan Kruschewsky,win
"November 04, 2023",Rinat Fakhretdinov,Elizeu Zaleski dos Santos,draw
"November 04, 2023",Vitor Petrino,Modestas Bukauskas,win
"November 04, 2023",Angela Hill,Denise Gomes,win
"November 04, 2023",Eduarda Moura,Montserrat Conejo Ruiz,win
"November 04, 2023",Marc Diakiese,Kaue Fernandes,win
"October 21, 2023",Islam Makhachev,Alexander Volkanovski,win
"October 21, 2023",Khamzat Chimaev,Kamaru Usman,win
"October 21, 2023",Magomed Ankalaev,Johnny Walker,nc
"October 21, 2023",Ikram Aliskerov,Warlley Alves,win
"October 21, 2023",Said Nurmagomedov,Muin Gafurov,win
"October 21, 2023",Muhammad Mokaev,Tim Elliott,win
"October 21, 2023",Trevor Peek,Mohammad Yahya,win
"October 21, 2023",Javid Basharat,Victor Henry,nc
"October 21, 2023",Sedriques Dumas,Abu Azaitar,win
"October 21, 2023",Mike Breeden,Anshul Jubli,win
"October 21, 2023",Muhammad Naimov,Nathaniel Wood,win
"October 21, 2023",Viktoriia Dudakova,Jinh Yu Frey,win
"October 21, 2023",Shara Magomedov,Bruno Silva,win
"October 14, 2023",Edson Barboza,Sodiq Yusuff,win
"October 14, 2023",Viviane Araujo,Jennifer Maia,win
"October 14, 2023",Jonathan Martinez,Adrian Yanez,win
"October 14, 2023",Michel Pereira,Andre Petroski,win
"October 14, 2023",Christian Rodriguez,Cameron Saaiman,win
"October 14, 2023",Darren Elkins,TJ Brown,win
"October 14, 2023",Tainara Lisboa,Ravena Oliveira,win
"October 14, 2023",Terrance McKinney,Brendon Marotte,win
"October 14, 2023",Melissa Mullins,Irina Alekseeva,win
"October 14, 2023",Chris Gutierrez,Alatengheili,win
"October 14, 2023",Emily Ducote,Ashley Yoder,win
"October 07, 2023",King Green,Grant Dawson,win
"October 07, 2023",Joe Pyfer,Abdul Razak Alhassan,win
"October 07, 2023",Joaquin Buckley,Alex Morono,win
"October 07, 2023",Drew Dober,Ricky Glenn,win
"October 07, 2023",Bill Algeo,Alexander Hernandez,win
"October 07, 2023",Karolina Kowalkiewicz,Diana Belbita,win
"October 07, 2023",Nate Maness,Mateus Mendonca,win
"October 07, 2023",Vanessa Demopoulos,Kanako Murata,win
"October 07, 2023",Aoriqileng,Johnny Munoz,win
"October 07, 2023",JJ Aldrich,Montana De La Rosa,win
"September 23, 2023",Mateusz Gamrot,Rafael Fiziev,win
"September 23, 2023",Bryce Mitchell,Dan Ige,win
"September 23, 2023",Marina Rodriguez,Michelle Waterson-Gomez,win
"September 23, 2023",Bryan Battle,AJ Fletcher,win
"September 23, 2023",Charles Jourdain,Ricardo Ramos,win
"September 23, 2023",Dan Argueta,Miles Johns,nc
"September 23, 2023",Tim Means,Andre Fialho,win
"September 23, 2023",Cody Brundage,Jacob Malkoun,win
"September 23, 2023",Mohammed Usman,Jake Collier,win
"September 23, 2023",Mizuki,Hannah Goldy,win
"September 23, 2023",Montse Rendon,Tamires Vidal,win
"September 16, 2023",Alexa Grasso,Valentina Shevchenko,draw
"September 16, 2023",Jack Della Maddalena,Kevin Holland,win
"September 16, 2023",Raul Rosas Jr.,Terrence Mitchell,win
"September 16, 2023",Daniel Zellhuber,Christos Giagos,win
"September 16, 2023",Kyle Nelson,Fernando Padilla,win
"September 16, 2023",Loopy Godinez,Elise Reed,win
"September 16, 2023",Roman Kopylov,Josh Fremd,win
"September 16, 2023",Edgar Chairez,Daniel Lacerda,nc
"September 16, 2023",Tracy Cortez,Jasmine Jasudavicius,win
"September 16, 2023",Charlie Campbell,Alex Reyes,win
"September 16, 2023",Josefine Knutsson,Marnic Mann,win
"September 09, 2023",Sean Strickland,Israel Adesanya,win
"September 09, 2023",Alexander Volkov,Tai Tuivasa,win
"September 09, 2023",Manel Kape,Felipe dos Santos,win
"September 09, 2023",Justin Tafa,Austen Lane,win
"September 09, 2023",Tyson Pedro,Anton Turkalj,win
"September 09, 2023",Carlos Ulberg,Da Woon Jung,win
"September 09, 2023",Chepe Mariscal,Jack Jenkins,win
"September 09, 2023",Jamie Mullarkey,John Makdessi,win
"September 09, 2023",Nasrat Haqparast,Landon Quinones,win
"September 09, 2023",Charles Radtke,Blood Diamond,win
"September 09, 2023",Gabriel Miranda,Shane Young,win
"September 09, 2023",Kevin Jousset,Kiefer Crosbie,win
"September 02, 2023",Ciryl Gane,Serghei Spivac,win
"September 02, 2023",Manon Fiorot,Rose Namajunas,win
"September 02, 2023",Benoit Saint Denis,Thiago Moises,win
"September 02, 2023",Volkan Oezdemir,Bogdan Guskov,win
"September 02, 2023",William Gomis,Yanis Ghemmouri,win
"September 02, 2023",Morgan Charriere,Manolo Zecchini,win
"September 02, 2023",Taylor Lapilus,Caolan Loughran,win
"September 02, 2023",Ange Loosa,Rhys McKee,win
"September 02, 2023",Nora Cornolle,Joselyne Edwards,win
"September 02, 2023",Farid Basharat,Kleydson Rodrigues,win
"September 02, 2023",Jacqueline Cavalcanti,Zarah Fairn,win
"August 26, 2023",Max Holloway,Chan Sung Jung,win
"August 26, 2023",Anthony Smith,Ryan Spann,win
"August 26, 2023",Giga Chikadze,Alex Caceres,win
"August 26, 2023",Rinya Nakamura,Fernie Garcia,win
"August 26, 2023",Erin Blanchfield,Taila Santos,win
"August 26, 2023",Junior Tafa,Parker Porter,win
"August 26, 2023",Waldo Cortes Acosta,Lukasz Brzeski,win
"August 26, 2023",Garrett Armfield,Toshiomi Kazama,win
"August 26, 2023",Michal Oleksiejczuk,Chidi Njokuani,win
"August 26, 2023",Song Kenan,Rolando Bedoya,win
"August 26, 2023",Billy Ray Goff,Yusaku Kinoshita,win
"August 26, 2023",JJ Aldrich,Liang Na,win
"August 26, 2023",SeungWoo Choi,Jarno Errens,win
"August 19, 2023",Sean O'Malley,Aljamain Sterling,win
"August 19, 2023",Zhang Weili,Amanda Lemos,win
"August 19, 2023",Ian Machado Garry,Neil Magny,win
"August 19, 2023",Mario Bautista,Da'Mon Blackshear,win
"August 19, 2023",Marlon Vera,Pedro Munhoz,win
"August 19, 2023",Brad Tavares,Chris Weidman,win
"August 19, 2023",Gregory Rodrigues,Denis Tiuliulin,win
"August 19, 2023",Kurt Holobaugh,Austin Hubbard,win
"August 19, 2023",Brad Katona,Cody Gibson,win
"August 19, 2023",Andre Petroski,Gerald Meerschaert,win
"August 19, 2023",Natalia Silva,Andrea Lee,win
"August 19, 2023",Karine Silva,Maryna Moroz,win
"August 12, 2023",Vicente Luque,Rafael Dos Anjos,win
"August 12, 2023",Cub Swanson,Hakeem Dawodu,win
"August 12, 2023",Khalil Rountree Jr.,Chris Daukaus,win
"August 12, 2023",Iasmin Lucindo,Polyana Viana,win
"August 12, 2023",AJ Dobson,Tafon Nchukwi,win
"August 12, 2023",Josh Fremd,Jamie Pickett,win
"August 12, 2023",Marcus McGhee,JP Buys,win
"August 12, 2023",Terrance McKinney,Mike Breeden,win
"August 12, 2023",Isaac Dulgarian,Francis Marshall,win
"August 12, 2023",Martin Buday,Josh Parisian,win
"August 12, 2023",Jaqueline Amorim,Montserrat Conejo Ruiz,win
"August 12, 2023",Da'Mon Blackshear,Jose Johnson,win
"August 12, 2023",Luana Santos,Juliana Miller,win
"August 05, 2023",Cory Sandhagen,Rob Font,win
"August 05, 2023",Tatiana Suarez,Jessica Andrade,win
"August 05, 2023",Dustin Jacoby,Kennedy Nzechukwu,win
"August 05, 2023",Diego Lopes,Gavin Tucker,win
"August 05, 2023",Tanner Boser,Aleksa Camur,win
"August 05, 2023",Ludovit Klein,Ignacio Bahamondes,win
"August 05, 2023",Kyler Phillips,Raoni Barcelos,win
"August 05, 2023",Carlston Harris,Jeremiah Wells,win
"August 05, 2023",Billy Quarantillo,Damon Jackson,win
"August 05, 2023",Cody Durden,Jake Hadley,win
"August 05, 2023",Sean Woodson,Dennis Buzukja,win
"August 05, 2023",Asu Almabayev,Ode Osbourne,win
"July 29, 2023",Justin Gaethje,Dustin Poirier,win
"July 29, 2023",Alex Pereira,Jan Blachowicz,win
"July 29, 2023",Derrick Lewis,Marcos Rogerio de Lima,win
"July 29, 2023",King Green,Tony Ferguson,win
"July 29, 2023",Kevin Holland,Michael Chiesa,win
"July 29, 2023",Gabriel Bonfim,Trevin Giles,win
"July 29, 2023",CJ Vergara,Vinicius Salvador,win
"July 29, 2023",Roman Kopylov,Claudio Ribeiro,win
"July 29, 2023",Jake Matthews,Darrius Flowers,win
"July 29, 2023",Uros Medic,Matthew Semelsberger,win
"July 29, 2023",Miranda Maverick,Priscila Cachoeira,win
"July 22, 2023",Tom Aspinall,Marcin Tybura,win
"July 22, 2023",Julija Stoliarenko,Molly McCann,win
"July 22, 2023",Nathaniel Wood,Andre Fili,win
"July 22, 2023",Paul Craig,Andre Muniz,win
"July 22, 2023",Fares Ziam,Jai Herbert,win
"July 22, 2023",Lerone Murphy,Josh Culibao,win
"July 22, 2023",Daniel Marcos,Davey Grant,win
"July 22, 2023",Jonny Parsons,Danny Roberts,win
"July 22, 2023",Joel Alvarez,Marc Diakiese,win
"July 22, 2023",Mick Parkin,Jamal Pogues,win
"July 22, 2023",Makhmud Muradov,Bryan Barberena,win
"July 22, 2023",Ketlen Vieira,Pannie Kianzad,win
"July 22, 2023",Chris Duncan,Yanal Ashmouz,win
"July 22, 2023",Bruna Brasil,Shauna Bannon,win
"July 22, 2023",Jafel Filho,Daniel Barez,win
"July 15, 2023",Holly Holm,Mayra Bueno Silva,nc
"July 15, 2023",Jack Della Maddalena,Bassil Hafez,win
"July 15, 2023",Francisco Prado,Ottman Azaitar,win
"July 15, 2023",JunYong Park,Albert Duraev,win
"July 15, 2023",Norma Dumont,Chelsea Chandler,win
"July 15, 2023",Nazim Sadykhov,Terrance McKinney,win
"July 15, 2023",Melsik Baghdasaryan,Tucker Lutz,win
"July 15, 2023",Viktoriia Dudakova,Istela Nunes,win
"July 15, 2023",Melquizael Costa,Austin Lingo,win
"July 15, 2023",Evan Elder,Genaro Valdez,win
"July 15, 2023",Azat Maksum,Tyson Nam,win
"July 15, 2023",Alexander Munoz,Carl Deaton,win
"July 15, 2023",Ailin Perez,Ashlee Evans-Smith,win
"July 08, 2023",Alexander Volkanovski,Yair Rodriguez,win
"July 08, 2023",Alexandre Pantoja,Brandon Moreno,win
"July 08, 2023",Dricus Du Plessis,Robert Whittaker,win
"July 08, 2023",Dan Hooker,Jalin Turner,win
"July 08, 2023",Bo Nickal,Val Woodburn,win
"July 08, 2023",Robbie Lawler,Niko Price,win
"July 08, 2023",Tatsuro Taira,Edgar Chairez,win
"July 08, 2023",Denise Gomes,Yazmin Jauregui,win
"July 08, 2023",Alonzo Menifield,Jimmy Crute,win
"July 08, 2023",Vitor Petrino,Marcin Prachnio,win
"July 08, 2023",Cameron Saaiman,Terrence Mitchell,win
"July 08, 2023",Jesus Aguilar,Shannon Ross,win
"July 08, 2023",Esteban Ribovics,Kamuela Kirk,win
"July 01, 2023",Sean Strickland,Abus Magomedov,win
"July 01, 2023",Grant Dawson,Damir Ismagulov,win
"July 01, 2023",Michael Morales,Max Griffin,win
"July 01, 2023",Ariane da Silva,Melissa Gatto,win
"July 01, 2023",Benoit Saint Denis,Ismael Bonfim,win
"July 01, 2023",Nursulton Ruziboev,Brunno Ferreira,win
"July 01, 2023",Rinat Fakhretdinov,Kevin Lee,win
"July 01, 2023",Joanderson Brito,Westin Wilson,win
"July 01, 2023",Karol Rosa,Yana Santos,win
"July 01, 2023",Elves Brener,Guram Kutateladze,win
"July 01, 2023",Luana Carolina,Ivana Petrovic,win
"July 01, 2023",Alexandr Romanov,Blagoy Ivanov,win
"June 24, 2023",Ilia Topuria,Josh Emmett,win
"June 24, 2023",Maycee Barber,Amanda Ribas,win
"June 24, 2023",Austen Lane,Justin Tafa,nc
"June 24, 2023",David Onama,Gabriel Santos,win
"June 24, 2023",Brendan Allen,Bruno Silva,win
"June 24, 2023",Neil Magny,Phil Rowe,win
"June 24, 2023",Randy Brown,Wellington Turman,win
"June 24, 2023",Mateusz Rebecki,Loik Radzhabov,win
"June 24, 2023",Tabatha Ricci,Gillian Robertson,win
"June 24, 2023",Joshua Van,Zhalgas Zhumagulov,win
"June 24, 2023",Chepe Mariscal,Trevor Peek,win
"June 24, 2023",Jack Jenkins,Jamall Emmers,win
"June 24, 2023",Sedriques Dumas,Cody Brundage,win
"June 17, 2023",Jared Cannonier,Marvin Vettori,win
"June 17, 2023",Arman Tsarukyan,Joaquim Silva,win
"June 17, 2023",Armen Petrosyan,Christian Leroy Duncan,win
"June 17, 2023",Pat Sabatini,Lucas Almeida,win
"June 17, 2023",Manuel Torres,Nikolas Motta,win
"June 17, 2023",Nicolas Dalby,Muslim Salikhov,win
"June 17, 2023",Alessandro Costa,Jimmy Flick,win
"June 17, 2023",Kyung Ho Kang,Cristian Quinonez,win
"June 17, 2023",Carlos Hernandez,Denys Bondar,win
"June 17, 2023",Tereza Bleda,Gabriella Fernandes,win
"June 17, 2023",Dan Argueta,Ronnie Lawrence,nc
"June 17, 2023",Modestas Bukauskas,Zac Pauga,win
"June 10, 2023",Amanda Nunes,Irene Aldana,win
"June 10, 2023",Charles Oliveira,Beneil Dariush,win
"June 10, 2023",Mike Malott,Adam Fugitt,win
"June 10, 2023",Dan Ige,Nate Landwehr,win
"June 10, 2023",Marc-Andre Barriault,Eryk Anders,win
"June 10, 2023",Nassourdine Imavov,Chris Curtis,nc
"June 10, 2023",Jasmine Jasudavicius,Miranda Maverick,win
"June 10, 2023",Aiemann Zahabi,Aoriqileng,win
"June 10, 2023",Kyle Nelson,Blake Bilder,win
"June 10, 2023",Steve Erceg,David Dvorak,win
"June 10, 2023",Diana Belbita,Maria Oliveira,win
"June 03, 2023",Amir Albazi,Kai Kara-France,win
"June 03, 2023",Alex Caceres,Daniel Pineda,win
"June 03, 2023",Jim Miller,Jesse Butler,win
"June 03, 2023",Tim Elliott,Victor Altamirano,win
"June 03, 2023",Karine Silva,Ketlen Souza,win
"June 03, 2023",Elizeu Zaleski dos Santos,Abubakar Nurmagomedov,win
"June 03, 2023",Daniel Santos,Johnny Munoz,win
"June 03, 2023",Don'Tale Mayes,Andrei Arlovski,win
"June 03, 2023",John Castaneda,Muin Gafurov,win
"June 03, 2023",Muhammad Naimov,Jamie Mullarkey,win
"June 03, 2023",Elise Reed,Jinh Yu Frey,win
"June 03, 2023",Da'Mon Blackshear,Luan Lacerda,win
"June 03, 2023",Philipe Lins,Maxim Grishin,win
"May 20, 2023",Mackenzie Dern,Angela Hill,win
"May 20, 2023",Anthony Hernandez,Edmen Shahbazyan,win
"May 20, 2023",Loopy Godinez,Emily Ducote,win
"May 20, 2023",Joaquin Buckley,Andre Fialho,win
"May 20, 2023",Diego Ferreira,Michael Johnson,win
"May 20, 2023",Viacheslav Borshchev,Maheshate,win
"May 20, 2023",Karolina Kowalkiewicz,Vanessa Demopoulos,win
"May 20, 2023",Gilbert Urbina,Orion Cosce,win
"May 20, 2023",Rodrigo Nascimento,Ilir Latifi,win
"May 20, 2023",Chase Hooper,Nick Fiore,win
"May 20, 2023",Natalia Silva,Victoria Leonardo,win
"May 20, 2023",Themba Gorimbo,Takashi Sato,win
"May 13, 2023",Jailton Almeida,Jairzinho Rozenstruik,win
"May 13, 2023",Johnny Walker,Anthony Smith,win
"May 13, 2023",Ian Machado Garry,Daniel Rodriguez,win
"May 13, 2023",Carlos Ulberg,Ihor Potieria,win
"May 13, 2023",Alex Morono,Tim Means,win
"May 13, 2023",Matt Brown,Court McGee,win
"May 13, 2023",Karl Williams,Chase Sherman,win
"May 13, 2023",Douglas Silva de Andrade,Cody Stamann,win
"May 13, 2023",Mandy Bohm,Ji Yeon Kim,win
"May 13, 2023",Bryan Battle,Gabe Green,win
"May 13, 2023",Tainara Lisboa,Jessica-Rose Clark,win
"May 06, 2023",Aljamain Sterling,Henry Cejudo,win
"May 06, 2023",Belal Muhammad,Gilbert Burns,win
"May 06, 2023",Yan Xiaonan,Jessica Andrade,win
"May 06, 2023",Movsar Evloev,Diego Lopes,win
"May 06, 2023",Charles Jourdain,Kron Gracie,win
"May 06, 2023",Matt Frevola,Drew Dober,win
"May 06, 2023",Kennedy Nzechukwu,Devin Clark,win
"May 06, 2023",Khaos Williams,Rolando Bedoya,win
"May 06, 2023",Virna Jandiroba,Marina Rodriguez,win
"May 06, 2023",Parker Porter,Braxton Smith,win
"May 06, 2023",Ikram Aliskerov,Phil Hawes,win
"May 06, 2023",Claudio Ribeiro,Joseph Holmes,win
"April 29, 2023",Song Yadong,Ricky Simon,win
"April 29, 2023",Caio Borralho,Michal Oleksiejczuk,win
"April 29, 2023",Rodolfo Vieira,Cody Brundage,win
"April 29, 2023",Fernando Padilla,Julian Erosa,win
"April 29, 2023",Marcos Rogerio de Lima,Waldo Cortes Acosta,win
"April 29, 2023",Trey Waters,Josh Quinlan,win
"April 29, 2023",Martin Buday,Jake Collier,win
"April 29, 2023",Cody Durden,Charles Johnson,win
"April 29, 2023",Irina Alekseeva,Stephanie Egger,win
"April 29, 2023",Marcus McGhee,Journey Newson,win
"April 29, 2023",Jamey-Lyn Horth,Hailey Cowan,win
"April 22, 2023",Sergei Pavlovich,Curtis Blaydes,win
"April 22, 2023",Bruno Silva,Brad Tavares,win
"April 22, 2023",King Green,Jared Gordon,nc
"April 22, 2023",Iasmin Lucindo,Brogan Walker,win
"April 22, 2023",Jeremiah Wells,Matthew Semelsberger,win
"April 22, 2023",Christos Giagos,Ricky Glenn,win
"April 22, 2023",Montel Jackson,Rani Yahya,win
"April 22, 2023",Norma Dumont,Karol Rosa,win
"April 22, 2023",Mohammed Usman,Junior Tafa,win
"April 22, 2023",William Gomis,Francis Marshall,win
"April 22, 2023",Brady Hiestand,Batgerel Danaa,win
"April 15, 2023",Max Holloway,Arnold Allen,win
"April 15, 2023",Edson Barboza,Billy Quarantillo,win
"April 15, 2023",Azamat Murzakanov,Dustin Jacoby,win
"April 15, 2023",Ion Cutelaba,Tanner Boser,win
"April 15, 2023",Pedro Munhoz,Chris Gutierrez,win
"April 15, 2023",Rafa Garcia,Clay Guida,win
"April 15, 2023",Bill Algeo,TJ Brown,win
"April 15, 2023",Brandon Royval,Matheus Nicolau,win
"April 15, 2023",Zak Cummings,Ed Herman,win
"April 15, 2023",Gillian Robertson,Piera Rodriguez,win
"April 15, 2023",Daniel Zellhuber,Lando Vannata,win
"April 15, 2023",Denise Gomes,Bruna Brasil,win
"April 15, 2023",Gaston Bolanos,Aaron Phillips,win
"April 15, 2023",Joselyne Edwards,Lucie Pudilova,win
"April 08, 2023",Israel Adesanya,Alex Pereira,win
"April 08, 2023",Gilbert Burns,Jorge Masvidal,win
"April 08, 2023",Rob Font,Adrian Yanez,win
"April 08, 2023",Kevin Holland,Santiago Ponzinibbio,win
"April 08, 2023",Christian Rodriguez,Raul Rosas Jr.,win
"April 08, 2023",Kelvin Gastelum,Chris Curtis,win
"April 08, 2023",Luana Pinheiro,Michelle Waterson-Gomez,win
"April 08, 2023",Joe Pyfer,Gerald Meerschaert,win
"April 08, 2023",Loopy Godinez,Cynthia Calvillo,win
"April 08, 2023",Ignacio Bahamondes,Trey Ogden,win
"April 08, 2023",Steve Garcia,Shayilan Nuerdanbieke,win
"April 08, 2023",Sam Hughes,Jaqueline Amorim,win
"March 25, 2023",Cory Sandhagen,Marlon Vera,win
"March 25, 2023",Holly Holm,Yana Santos,win
"March 25, 2023",Nate Landwehr,Austin Lingo,win
"March 25, 2023",Maycee Barber,Andrea Lee,win
"March 25, 2023",Albert Duraev,Chidi Njokuani,win
"March 25, 2023",Daniel Pineda,Tucker Lutz,win
"March 25, 2023",Lucas Alexander,Steven Peterson,win
"March 25, 2023",Trevin Giles,Preston Parsons,win
"March 25, 2023",CJ Vergara,Daniel Lacerda,win
"March 25, 2023",Victor Altamirano,Vinicius Salvador,win
"March 18, 2023",Leon Edwards,Kamaru Usman,win
"March 18, 2023",Justin Gaethje,Rafael Fiziev,win
"March 18, 2023",Gunnar Nelson,Bryan Barberena,win
"March 18, 2023",Jennifer Maia,Casey O'Neill,win
"March 18, 2023",Marvin Vettori,Roman Dolidze,win
"March 18, 2023",Jack Shore,Makwan Amirkhani,win
"March 18, 2023",Chris Duncan,Omar Morales,win
"March 18, 2023",Yanal Ashmouz,Sam Patterson,win
"March 18, 2023",Muhammad Mokaev,Jafel Filho,win
"March 18, 2023",Lerone Murphy,Gabriel Santos,win
"March 18, 2023",Christian Leroy Duncan,Dusko Todorovic,win
"March 18, 2023",Jake Hadley,Malcolm Gordon,win
"March 18, 2023",Joanne Wood,Luana Carolina,win
"March 18, 2023",Jai Herbert,Ludovit Klein,draw
"March 18, 2023",Veronica Hardy,Juliana Miller,win
"March 11, 2023",Merab Dvalishvili,Petr Yan,win
"March 11, 2023",Alexander Volkov,Alexandr Romanov,win
"March 11, 2023",Nikita Krylov,Ryan Spann,win
"March 11, 2023",Jonathan Martinez,Said Nurmagomedov,win
"March 11, 2023",Mario Bautista,Guido Cannetti,win
"March 11, 2023",Vitor Petrino,Anton Turkalj,win
"March 11, 2023",Karl Williams,Lukasz Brzeski,win
"March 11, 2023",Davey Grant,Raphael Assuncao,win
"March 11, 2023",Josh Fremd,Sedriques Dumas,win
"March 11, 2023",Victor Henry,Tony Gravely,win
"March 11, 2023",Ariane da Silva,JJ Aldrich,win
"March 11, 2023",Bruno Silva,Tyson Nam,win
"March 11, 2023",Carlston Harris,Jared Gooden,win
"March 04, 2023",Jon Jones,Ciryl Gane,win
"March 04, 2023",Alexa Grasso,Valentina Shevchenko,win
"March 04, 2023",Shavkat Rakhmonov,Geoff Neal,win
"March 04, 2023",Mateusz Gamrot,Jalin Turner,win
"March 04, 2023",Bo Nickal,Jamie Pickett,win
"March 04, 2023",Cody Garbrandt,Trevin Jones,win
"March 04, 2023",Dricus Du Plessis,Derek Brunson,win
"March 04, 2023",Amanda Ribas,Viviane Araujo,win
"March 04, 2023",Marc-Andre Barriault,Julian Marquez,win
"March 04, 2023",Ian Machado Garry,Song Kenan,win
"March 04, 2023",Cameron Saaiman,Mana Martinez,win
"March 04, 2023",Tabatha Ricci,Jessica Penne,win
"March 04, 2023",Farid Basharat,Da'Mon Blackshear,win
"March 04, 2023",Loik Radzhabov,Esteban Ribovics,win
"February 25, 2023",Brendan Allen,Andre Muniz,win
"February 25, 2023",Augusto Sakai,Don'Tale Mayes,win
"February 25, 2023",Tatiana Suarez,Montana De La Rosa,win
"February 25, 2023",Mike Malott,Yohan Lainesse,win
"February 25, 2023",Trevor Peek,Erick Gonzalez,win
"February 25, 2023",Jasmine Jasudavicius,Gabriella Fernandes,win
"February 25, 2023",Jordan Leavitt,Victor Martinez,win
"February 25, 2023",Ode Osbourne,Charles Johnson,win
"February 25, 2023",Joe Solecki,Carl Deaton,win
"February 25, 2023",Nurullo Aliev,Rafael Alves,win
"February 18, 2023",Erin Blanchfield,Jessica Andrade,win
"February 18, 2023",Zac Pauga,Jordan Wright,win
"February 18, 2023",Jamal Pogues,Josh Parisian,win
"February 18, 2023",Marcin Prachnio,William Knight,win
"February 18, 2023",Alexander Hernandez,Jim Miller,win
"February 18, 2023",Nazim Sadykhov,Evan Elder,win
"February 18, 2023",Mayra Bueno Silva,Lina Lansberg,win
"February 18, 2023",Jamall Emmers,Khusein Askhabov,win
"February 18, 2023",Philipe Lins,Ovince Saint Preux,win
"February 18, 2023",AJ Fletcher,Themba Gorimbo,win
"February 18, 2023",Clayton Carpenter,Juancamilo Ronderos,win
"February 11, 2023",Islam Makhachev,Alexander Volkanovski,win
"February 11, 2023",Yair Rodriguez,Josh Emmett,win
"February 11, 2023",Jack Della Maddalena,Randy Brown,win
"February 11, 2023",Justin Tafa,Parker Porter,win
"February 11, 2023",Jimmy Crute,Alonzo Menifield,draw
"February 11, 2023",Modestas Bukauskas,Tyson Pedro,win
"February 11, 2023",Josh Culibao,Melsik Baghdasaryan,win
"February 11, 2023",Kleydson Rodrigues,Shannon Ross,win
"February 11, 2023",Jamie Mullarkey,Francisco Prado,win
"February 11, 2023",Jack Jenkins,Don Shainis,win
"February 11, 2023",Loma Lookboonmee,Elise Reed,win
"February 11, 2023",Blake Bilder,Shane Young,win
"February 11, 2023",Elves Brener,Zubaira Tukhugov,win
"February 04, 2023",Serghei Spivac,Derrick Lewis,win
"February 04, 2023",Devin Clark,Da Woon Jung,win
"February 04, 2023",Marcin Tybura,Blagoy Ivanov,win
"February 04, 2023",Dooho Choi,Kyle Nelson,draw
"February 04, 2023",Adam Fugitt,Yusaku Kinoshita,win
"February 04, 2023",Anshul Jubli,Jeka Saragih,win
"February 04, 2023",JeongYeong Lee,Yizha,win
"February 04, 2023",Rinya Nakamura,Toshiomi Kazama,win
"February 04, 2023",HyunSung Park,SeungGuk Choi,win
"February 04, 2023",JunYong Park,Denis Tiuliulin,win
"February 04, 2023",Tatsuro Taira,Jesus Aguilar,win
"January 21, 2023",Jamahal Hill,Glover Teixeira,win
"January 21, 2023",Brandon Moreno,Deiveson Figueiredo,win
"January 21, 2023",Gilbert Burns,Neil Magny,win
"January 21, 2023",Jessica Andrade,Lauren Murphy,win
"January 21, 2023",Johnny Walker,Paul Craig,win
"January 21, 2023",Ihor Potieria,Mauricio Rua,win
"January 21, 2023",Brunno Ferreira,Gregory Rodrigues,win
"January 21, 2023",Thiago Moises,Melquizael Costa,win
"January 21, 2023",Gabriel Bonfim,Mounir Lazzez,win
"January 21, 2023",Jailton Almeida,Shamil Abdurakhimov,win
"January 21, 2023",Cody Stamann,Luan Lacerda,win
"January 21, 2023",Ismael Bonfim,Terrance McKinney,win
"January 21, 2023",Nicolas Dalby,Warlley Alves,win
"January 21, 2023",Josiane Nunes,Zarah Fairn,win
"January 21, 2023",Daniel Marcos,Saimon Oliveira,win
"January 14, 2023",Sean Strickland,Nassourdine Imavov,win
"January 14, 2023",Dan Ige,Damon Jackson,win
"January 14, 2023",Roman Kopylov,Punahele Soriano,win
"January 14, 2023",Raquel Pennington,Ketlen Vieira,win
"January 14, 2023",Umar Nurmagomedov,Raoni Barcelos,win
"January 14, 2023",Javid Basharat,Mateus Mendonca,win
"January 14, 2023",Abdul Razak Alhassan,Claudio Ribeiro,win
"January 14, 2023",Mateusz Rebecki,Nick Fiore,win
"January 14, 2023",Allan Nascimento,Carlos Hernandez,win
"January 14, 2023",Dan Argueta,Nick Aguirre,win
"January 14, 2023",Charles Johnson,Jimmy Flick,win
"December 17, 2022",Jared Cannonier,Sean Strickland,win
"December 17, 2022",Arman Tsarukyan,Damir Ismagulov,win
"December 17, 2022",Amir Albazi,Alessandro Costa,win
"December 17, 2022",Alex Caceres,Julian Erosa,win
"December 17, 2022",Drew Dober,King Green,win
"December 17, 2022",Michal Oleksiejczuk,Cody Brundage,win
"December 17, 2022",Cory McKenna,Cheyanne Vlismas,win
"December 17, 2022",Matthew Semelsberger,Jake Matthews,win
"December 17, 2022",Said Nurmagomedov,Saidyokub Kakhramonov,win
"December 17, 2022",Rafa Garcia,Maheshate,win
"December 17, 2022",Rinat Fakhretdinov,Bryan Battle,win
"December 17, 2022",Manel Kape,David Dvorak,win
"December 17, 2022",Sergey Morozov,Journey Newson,win
"December 10, 2022",Jan Blachowicz,Magomed Ankalaev,draw
"December 10, 2022",Paddy Pimblett,Jared Gordon,win
"December 10, 2022",Santiago Ponzinibbio,Alex Morono,win
"December 10, 2022",Dricus Du Plessis,Darren Till,win
"December 10, 2022",Ilia Topuria,Bryce Mitchell,win
"December 10, 2022",Raul Rosas Jr.,Jay Perrin,win
"December 10, 2022",Jairzinho Rozenstruik,Chris Daukaus,win
"December 10, 2022",Edmen Shahbazyan,Dalcha Lungiambula,win
"December 10, 2022",Chris Curtis,Joaquin Buckley,win
"December 10, 2022",Billy Quarantillo,Alexander Hernandez,win
"December 10, 2022",TJ Brown,Erik Silva,win
"December 10, 2022",Cameron Saaiman,Steven Koslow,win
"December 03, 2022",Stephen Thompson,Kevin Holland,win
"December 03, 2022",Rafael Dos Anjos,Bryan Barberena,win
"December 03, 2022",Matheus Nicolau,Matt Schnell,win
"December 03, 2022",Sergei Pavlovich,Tai Tuivasa,win
"December 03, 2022",Roman Dolidze,Jack Hermansson,win
"December 03, 2022",Eryk Anders,Kyle Daukaus,win
"December 03, 2022",Phil Rowe,Niko Price,win
"December 03, 2022",Angela Hill,Emily Ducote,win
"December 03, 2022",Clay Guida,Scott Holtzman,win
"December 03, 2022",Michael Johnson,Marc Diakiese,win
"December 03, 2022",Jonathan Pearce,Darren Elkins,win
"December 03, 2022",Natan Levy,Genaro Valdez,win
"December 03, 2022",Francis Marshall,Marcelo Rojo,win
"December 03, 2022",Yazmin Jauregui,Istela Nunes,win
"November 19, 2022",Kennedy Nzechukwu,Ion Cutelaba,win
"November 19, 2022",Waldo Cortes Acosta,Chase Sherman,win
"November 19, 2022",Muslim Salikhov,Andre Fialho,win
"November 19, 2022",Jack Della Maddalena,Danny Roberts,win
"November 19, 2022",Charles Johnson,Zhalgas Zhumagulov,win
"November 19, 2022",Jennifer Maia,Maryna Moroz,win
"November 19, 2022",Miles Johns,Vince Morales,win
"November 19, 2022",Ricky Turcios,Kevin Natividad,win
"November 19, 2022",Vanessa Demopoulos,Maria Oliveira,win
"November 19, 2022",Brady Hiestand,Fernie Garcia,win
"November 19, 2022",Natalia Silva,Tereza Bleda,win
"November 12, 2022",Alex Pereira,Israel Adesanya,win
"November 12, 2022",Zhang Weili,Carla Esparza,win
"November 12, 2022",Dustin Poirier,Michael Chandler,win
"November 12, 2022",Chris Gutierrez,Frankie Edgar,win
"November 12, 2022",Dan Hooker,Claudio Puelles,win
"November 12, 2022",Renato Moicano,Brad Riddell,win
"November 12, 2022",Ryan Spann,Dominick Reyes,win
"November 12, 2022",Erin Blanchfield,Molly McCann,win
"November 12, 2022",Andre Petroski,Wellington Turman,win
"November 12, 2022",Matt Frevola,Ottman Azaitar,win
"November 12, 2022",Karolina Kowalkiewicz,Silvana Gomez Juarez,win
"November 12, 2022",Michael Trizano,SeungWoo Choi,win
"November 12, 2022",Montel Jackson,Julio Arce,win
"November 12, 2022",Carlos Ulberg,Nicolae Negumereanu,win
"November 05, 2022",Amanda Lemos,Marina Rodriguez,win
"November 05, 2022",Neil Magny,Daniel Rodriguez,win
"November 05, 2022",Shayilan Nuerdanbieke,Darrick Minner,win
"November 05, 2022",Tagir Ulanbekov,Nate Maness,win
"November 05, 2022",Grant Dawson,Mark Madsen,win
"November 05, 2022",Miranda Maverick,Shanna Young,win
"November 05, 2022",Mario Bautista,Benito Lopez,win
"November 05, 2022",Polyana Viana,Jinh Yu Frey,win
"November 05, 2022",Johnny Munoz,Liudvik Sholinian,win
"November 05, 2022",Jake Hadley,Carlos Candelario,win
"November 05, 2022",Tamires Vidal,Ramona Pascual,win
"October 29, 2022",Arnold Allen,Calvin Kattar,win
"October 29, 2022",Max Griffin,Tim Means,win
"October 29, 2022",Waldo Cortes Acosta,Jared Vanderaa,win
"October 29, 2022",Tresean Gore,Josh Fremd,win
"October 29, 2022",Khalil Rountree Jr.,Dustin Jacoby,win
"October 29, 2022",Roman Dolidze,Phil Hawes,win
"October 29, 2022",Marcos Rogerio de Lima,Andrei Arlovski,win
"October 29, 2022",JunYong Park,Joseph Holmes,win
"October 29, 2022",Steve Garcia,Chase Hooper,win
"October 29, 2022",Cody Durden,Carlos Mota,win
"October 29, 2022",Christian Rodriguez,Joshua Weems,win
"October 22, 2022",Islam Makhachev,Charles Oliveira,win
"October 22, 2022",Aljamain Sterling,TJ Dillashaw,win
"October 22, 2022",Sean O'Malley,Petr Yan,win
"October 22, 2022",Beneil Dariush,Mateusz Gamrot,win
"October 22, 2022",Manon Fiorot,Katlyn Cerminara,win
"October 22, 2022",Belal Muhammad,Sean Brady,win
"October 22, 2022",Caio Borralho,Makhmud Muradov,win
"October 22, 2022",Nikita Krylov,Volkan Oezdemir,win
"October 22, 2022",Abubakar Nurmagomedov,Gadzhi Omargadzhiev,win
"October 22, 2022",Armen Petrosyan,AJ Dobson,win
"October 22, 2022",Muhammad Mokaev,Malcolm Gordon,win
"October 22, 2022",Karol Rosa,Lina Lansberg,win
"October 15, 2022",Alexa Grasso,Viviane Araujo,win
"October 15, 2022",Jonathan Martinez,Cub Swanson,win
"October 15, 2022",Dusko Todorovic,Jordan Wright,win
"October 15, 2022",Raphael Assuncao,Victor Henry,win
"October 15, 2022",Alonzo Menifield,Misha Cirkunov,win
"October 15, 2022",Mana Martinez,Brandon Davis,win
"October 15, 2022",Jacob Malkoun,Nick Maximov,win
"October 15, 2022",Joanderson Brito,Lucas Alexander,win
"October 15, 2022",Piera Rodriguez,Sam Hughes,win
"October 15, 2022",Tatsuro Taira,CJ Vergara,win
"October 15, 2022",Pete Rodriguez,Mike Jackson,win
"October 01, 2022",Yan Xiaonan,Mackenzie Dern,win
"October 01, 2022",Randy Brown,Francisco Trinaldo,win
"October 01, 2022",Raoni Barcelos,Trevin Jones,win
"October 01, 2022",Sodiq Yusuff,Don Shainis,win
"October 01, 2022",Mike Davis,Viacheslav Borshchev,win
"October 01, 2022",Daniel Santos,John Castaneda,win
"October 01, 2022",Ilir Latifi,Aleksei Oleinik,win
"October 01, 2022",Joaquim Silva,Jesse Ronson,win
"October 01, 2022",Brendan Allen,Krzysztof Jotko,win
"October 01, 2022",Chelsea Chandler,Julija Stoliarenko,win
"October 01, 2022",Guido Cannetti,Randy Costa,win
"September 17, 2022",Cory Sandhagen,Song Yadong,win
"September 17, 2022",Gregory Rodrigues,Chidi Njokuani,win
"September 17, 2022",Andre Fili,Bill Algeo,win
"September 17, 2022",Joe Pyfer,Alen Amedovski,win
"September 17, 2022",Rodrigo Nascimento,Tanner Boser,win
"September 17, 2022",Anthony Hernandez,Marc-Andre Barriault,win
"September 17, 2022",Damon Jackson,Pat Sabatini,win
"September 17, 2022",Trevin Giles,Louis Cosce,win
"September 17, 2022",Loma Lookboonmee,Denise Gomes,win
"September 17, 2022",Trey Ogden,Daniel Zellhuber,win
"September 17, 2022",Gillian Robertson,Mariya Agapova,win
"September 17, 2022",Javid Basharat,Tony Gravely,win
"September 17, 2022",Nikolas Motta,Cameron VanCamp,win
"September 10, 2022",Nate Diaz,Tony Ferguson,win
"September 10, 2022",Khamzat Chimaev,Kevin Holland,win
"September 10, 2022",Daniel Rodriguez,Li Jingliang,win
"September 10, 2022",Irene Aldana,Macy Chiasson,win
"September 10, 2022",Johnny Walker,Ion Cutelaba,win
"September 10, 2022",Julian Erosa,Hakeem Dawodu,win
"September 10, 2022",Jailton Almeida,Anton Turkalj,win
"September 10, 2022",Denis Tiuliulin,Jamie Pickett,win
"September 10, 2022",Chris Barnett,Jake Collier,win
"September 10, 2022",Norma Dumont,Danyelle Wolf,win
"September 10, 2022",Alatengheili,Chad Anheliger,win
"September 10, 2022",Elise Reed,Melissa Martinez,win
"September 10, 2022",Yohan Lainesse,Darian Weeks,win
"September 03, 2022",Ciryl Gane,Tai Tuivasa,win
"September 03, 2022",Robert Whittaker,Marvin Vettori,win
"September 03, 2022",Nassourdine Imavov,Joaquin Buckley,win
"September 03, 2022",Roman Kopylov,Alessio Di Chirico,win
"September 03, 2022",William Gomis,Jarno Errens,win
"September 03, 2022",Nathaniel Wood,Charles Jourdain,win
"September 03, 2022",Abus Magomedov,Dustin Stoltzfus,win
"September 03, 2022",Nasrat Haqparast,John Makdessi,win
"September 03, 2022",Fares Ziam,Michal Figlak,win
"September 03, 2022",Benoit Saint Denis,Gabriel Miranda,win
"September 03, 2022",Cristian Quinonez,Khalid Taha,win
"September 03, 2022",Stephanie Egger,Ailin Perez,win
"August 20, 2022",Leon Edwards,Kamaru Usman,win
"August 20, 2022",Paulo Costa,Luke Rockhold,win
"August 20, 2022",Merab Dvalishvili,Jose Aldo,win
"August 20, 2022",Lucie Pudilova,Wu Yanan,win
"August 20, 2022",Tyson Pedro,Harry Hunsucker,win
"August 20, 2022",Marcin Tybura,Alexandr Romanov,win
"August 20, 2022",Jared Gordon,Leonardo Santos,win
"August 20, 2022",Sean Woodson,Luis Saldana,draw
"August 20, 2022",Ange Loosa,AJ Fletcher,win
"August 20, 2022",Amir Albazi,Francisco Figueiredo,win
"August 20, 2022",Aoriqileng,Jay Perrin,win
"August 20, 2022",Victor Altamirano,Daniel Lacerda,win
"August 13, 2022",Marlon Vera,Dominick Cruz,win
"August 13, 2022",Nate Landwehr,David Onama,win
"August 13, 2022",Yazmin Jauregui,Iasmin Lucindo,win
"August 13, 2022",Azamat Murzakanov,Devin Clark,win
"August 13, 2022",Priscila Cachoeira,Ariane da Silva,win
"August 13, 2022",Gerald Meerschaert,Bruno Silva,win
"August 13, 2022",Angela Hill,Loopy Godinez,win
"August 13, 2022",Martin Buday,Lukasz Brzeski,win
"August 13, 2022",Nina Nunes,Cynthia Calvillo,win
"August 13, 2022",Gabriel Benitez,Charlie Ontiveros,win
"August 13, 2022",Tyson Nam,Ode Osbourne,win
"August 13, 2022",Josh Quinlan,Jason Witt,win
"August 13, 2022",Youssef Zalal,Da'Mon Blackshear,draw
"August 06, 2022",Jamahal Hill,Thiago Santos,win
"August 06, 2022",Geoff Neal,Vicente Luque,win
"August 06, 2022",Mohammed Usman,Zac Pauga,win
"August 06, 2022",Juliana Miller,Brogan Walker,win
"August 06, 2022",Serghei Spivac,Augusto Sakai,win
"August 06, 2022",Terrance McKinney,Erick Gonzalez,win
"August 06, 2022",Michal Oleksiejczuk,Sam Alvey,win
"August 06, 2022",Bryan Battle,Takashi Sato,win
"August 06, 2022",Cory McKenna,Miranda Granger,win
"August 06, 2022",Mayra Bueno Silva,Stephanie Egger,win
"July 30, 2022",Amanda Nunes,Julianna Pena,win
"July 30, 2022",Brandon Moreno,Kai Kara-France,win
"July 30, 2022",Sergei Pavlovich,Derrick Lewis,win
"July 30, 2022",Alexandre Pantoja,Alex Perez,win
"July 30, 2022",Magomed Ankalaev,Anthony Smith,win
"July 30, 2022",Alex Morono,Matthew Semelsberger,win
"July 30, 2022",Drew Dober,Rafael Alves,win
"July 30, 2022",Don'Tale Mayes,Hamdy Abdelwahab,nc
"July 30, 2022",Drakkar Klose,Rafa Garcia,win
"July 30, 2022",Michael Morales,Adam Fugitt,win
"July 30, 2022",Joselyne Edwards,Ji Yeon Kim,win
"July 30, 2022",Nicolae Negumereanu,Ihor Potieria,win
"July 30, 2022",Orion Cosce,Blood Diamond,win
"July 23, 2022",Curtis Blaydes,Tom Aspinall,win
"July 23, 2022",Jack Hermansson,Chris Curtis,win
"July 23, 2022",Paddy Pimblett,Jordan Leavitt,win
"July 23, 2022",Nikita Krylov,Alexander Gustafsson,win
"July 23, 2022",Molly McCann,Hannah Goldy,win
"July 23, 2022",Volkan Oezdemir,Paul Craig,win
"July 23, 2022",Ludovit Klein,Mason Jones,win
"July 23, 2022",Marc Diakiese,Damir Hadzovic,win
"July 23, 2022",Nathaniel Wood,Charles Rosa,win
"July 23, 2022",Jonathan Pearce,Makwan Amirkhani,win
"July 23, 2022",Muhammad Mokaev,Charles Johnson,win
"July 23, 2022",Jai Herbert,Kyle Nelson,win
"July 23, 2022",Victoria Leonardo,Mandy Bohm,win
"July 23, 2022",Nicolas Dalby,Claudio Silva,win
"July 16, 2022",Yair Rodriguez,Brian Ortega,win
"July 16, 2022",Amanda Lemos,Michelle Waterson-Gomez,win
"July 16, 2022",Li Jingliang,Muslim Salikhov,win
"July 16, 2022",Matt Schnell,Sumudaerji,win
"July 16, 2022",Shane Burgos,Charles Jourdain,win
"July 16, 2022",Lauren Murphy,Miesha Tate,win
"July 16, 2022",Punahele Soriano,Dalcha Lungiambula,win
"July 16, 2022",Ricky Simon,Jack Shore,win
"July 16, 2022",Bill Algeo,Herbert Burns,win
"July 16, 2022",Dustin Jacoby,Da Woon Jung,win
"July 16, 2022",Dustin Stoltzfus,Dwight Grant,win
"July 16, 2022",Emily Ducote,Jessica Penne,win
"July 09, 2022",Rafael Fiziev,Rafael Dos Anjos,win
"July 09, 2022",Caio Borralho,Armen Petrosyan,win
"July 09, 2022",Said Nurmagomedov,Douglas Silva de Andrade,win
"July 09, 2022",Chase Sherman,Jared Vanderaa,win
"July 09, 2022",Aiemann Zahabi,Ricky Turcios,win
"July 09, 2022",Jamie Mullarkey,Michael Johnson,win
"July 09, 2022",Cody Brundage,Tresean Gore,win
"July 09, 2022",Antonina Shevchenko,Cortney Casey,win
"July 09, 2022",David Onama,Garrett Armfield,win
"July 09, 2022",Kennedy Nzechukwu,Karl Roberson,win
"July 09, 2022",Saidyokub Kakhramonov,Ronnie Lawrence,win
"July 02, 2022",Israel Adesanya,Jared Cannonier,win
"July 02, 2022",Alexander Volkanovski,Max Holloway,win
"July 02, 2022",Alex Pereira,Sean Strickland,win
"July 02, 2022",Bryan Barberena,Robbie Lawler,win
"July 02, 2022",Pedro Munhoz,Sean O'Malley,nc
"July 02, 2022",Jalin Turner,Brad Riddell,win
"July 02, 2022",Jim Miller,Donald Cerrone,win
"July 02, 2022",Ian Machado Garry,Gabe Green,win
"July 02, 2022",Dricus Du Plessis,Brad Tavares,win
"July 02, 2022",Andre Muniz,Uriah Hall,win
"July 02, 2022",Maycee Barber,Jessica Eye,win
"July 02, 2022",Julija Stoliarenko,Jessica-Rose Clark,win
"June 25, 2022",Mateusz Gamrot,Arman Tsarukyan,win
"June 25, 2022",Shavkat Rakhmonov,Neil Magny,win
"June 25, 2022",Josh Parisian,Alan Baudot,win
"June 25, 2022",Thiago Moises,Christos Giagos,win
"June 25, 2022",Umar Nurmagomedov,Nate Maness,win
"June 25, 2022",Chris Curtis,Rodolfo Vieira,win
"June 25, 2022",Carlos Ulberg,Tafon Nchukwi,win
"June 25, 2022",Shayilan Nuerdanbieke,TJ Brown,win
"June 25, 2022",Sergey Morozov,Raulian Paiva,win
"June 25, 2022",Cody Durden,JP Buys,win
"June 25, 2022",Mario Bautista,Brian Kelleher,win
"June 25, 2022",Vanessa Demopoulos,Jinh Yu Frey,win
"June 18, 2022",Josh Emmett,Calvin Kattar,win
"June 18, 2022",Kevin Holland,Tim Means,win
"June 18, 2022",Joaquin Buckley,Albert Duraev,win
"June 18, 2022",Damir Ismagulov,Guram Kutateladze,win
"June 18, 2022",Gregory Rodrigues,Julian Marquez,win
"June 18, 2022",Adrian Yanez,Tony Kelley,win
"June 18, 2022",Natalia Silva,Jasmine Jasudavicius,win
"June 18, 2022",Jeremiah Wells,Court McGee,win
"June 18, 2022",Ricardo Ramos,Danny Chavez,win
"June 18, 2022",Maria Oliveira,Gloria de Paula,win
"June 18, 2022",Cody Stamann,Eddie Wineland,win
"June 18, 2022",Phil Hawes,Deron Winn,win
"June 18, 2022",Roman Dolidze,Kyle Daukaus,win
"June 11, 2022",Jiri Prochazka,Glover Teixeira,win
"June 11, 2022",Valentina Shevchenko,Taila Santos,win
"June 11, 2022",Zhang Weili,Joanna Jedrzejczyk,win
"June 11, 2022",Jake Matthews,Andre Fialho,win
"June 11, 2022",Jack Della Maddalena,Ramazan Emeev,win
"June 11, 2022",Josh Culibao,SeungWoo Choi,win
"June 11, 2022",Maheshate,Steve Garcia,win
"June 11, 2022",Brendan Allen,Jacob Malkoun,win
"June 11, 2022",Kyung Ho Kang,Batgerel Danaa,win
"June 11, 2022",Silvana Gomez Juarez,Liang Na,win
"June 11, 2022",Joselyne Edwards,Ramona Pascual,win
"June 04, 2022",Alexander Volkov,Jairzinho Rozenstruik,win
"June 04, 2022",Movsar Evloev,Dan Ige,win
"June 04, 2022",Lucas Almeida,Michael Trizano,win
"June 04, 2022",Karine Silva,Poliana Botelho,win
"June 04, 2022",Ode Osbourne,Zarrukh Adashev,win
"June 04, 2022",Alonzo Menifield,Askar Mozharov,win
"June 04, 2022",Karolina Kowalkiewicz,Felice Herrig,win
"June 04, 2022",Joe Solecki,Alex Da Silva,win
"June 04, 2022",Damon Jackson,Dan Argueta,win
"June 04, 2022",Benoit Saint Denis,Niklas Stolze,win
"June 04, 2022",Tony Gravely,Johnny Munoz,win
"June 04, 2022",Jeff Molina,Zhalgas Zhumagulov,win
"June 04, 2022",Rinat Fakhretdinov,Andreas Michailidis,win
"June 04, 2022",Erin Blanchfield,JJ Aldrich,win
"May 21, 2022",Ketlen Vieira,Holly Holm,win
"May 21, 2022",Michel Pereira,Santiago Ponzinibbio,win
"May 21, 2022",Chidi Njokuani,Dusko Todorovic,win
"May 21, 2022",Tabatha Ricci,Polyana Viana,win
"May 21, 2022",JunYong Park,Eryk Anders,win
"May 21, 2022",Joseph Holmes,Alen Amedovski,win
"May 21, 2022",Jailton Almeida,Parker Porter,win
"May 21, 2022",Uros Medic,Omar Morales,win
"May 21, 2022",Jonathan Martinez,Vince Morales,win
"May 21, 2022",Chase Hooper,Felipe Colares,win
"May 21, 2022",Sam Hughes,Elise Reed,win
"May 14, 2022",Jan Blachowicz,Aleksandar Rakic,win
"May 14, 2022",Ryan Spann,Ion Cutelaba,win
"May 14, 2022",Davey Grant,Louis Smolka,win
"May 14, 2022",Katlyn Cerminara,Amanda Ribas,win
"May 14, 2022",Manuel Torres,Frank Camacho,win
"May 14, 2022",Allan Nascimento,Jake Hadley,win
"May 14, 2022",Viviane Araujo,Andrea Lee,win
"May 14, 2022",Michael Johnson,Alan Patrick,win
"May 14, 2022",Virna Jandiroba,Angela Hill,win
"May 14, 2022",Tatsuro Taira,Carlos Candelario,win
"May 14, 2022",Andre Petroski,Nick Maximov,win
"May 07, 2022",Charles Oliveira,Justin Gaethje,win
"May 07, 2022",Carla Esparza,Rose Namajunas,win
"May 07, 2022",Michael Chandler,Tony Ferguson,win
"May 07, 2022",Ovince Saint Preux,Mauricio Rua,win
"May 07, 2022",Randy Brown,Khaos Williams,win
"May 07, 2022",Francisco Trinaldo,Danny Roberts,win
"May 07, 2022",Macy Chiasson,Norma Dumont,win
"May 07, 2022",Brandon Royval,Matt Schnell,win
"May 07, 2022",Blagoy Ivanov,Marcos Rogerio de Lima,win
"May 07, 2022",Andre Fialho,Cameron VanCamp,win
"May 07, 2022",Tracy Cortez,Melissa Gatto,win
"May 07, 2022",CJ Vergara,Kleydson Rodrigues,win
"May 07, 2022",Loopy Godinez,Ariane Carnelossi,win
"May 07, 2022",Journey Newson,Fernie Garcia,win
"April 30, 2022",Marlon Vera,Rob Font,win
"April 30, 2022",Andrei Arlovski,Jake Collier,win
"April 30, 2022",Joanderson Brito,Andre Fili,win
"April 30, 2022",Grant Dawson,Jared Gordon,win
"April 30, 2022",Darren Elkins,Tristan Connelly,win
"April 30, 2022",Krzysztof Jotko,Gerald Meerschaert,win
"April 30, 2022",Alexandr Romanov,Chase Sherman,win
"April 30, 2022",Francisco Figueiredo,Daniel Lacerda,win
"April 30, 2022",Gabe Green,Yohan Lainesse,win
"April 30, 2022",Natan Levy,Mike Breeden,win
"April 30, 2022",Shanna Young,Gina Mazany,win
"April 23, 2022",Jessica Andrade,Amanda Lemos,win
"April 23, 2022",Claudio Puelles,Clay Guida,win
"April 23, 2022",Maycee Barber,Montana De La Rosa,win
"April 23, 2022",Charles Jourdain,Lando Vannata,win
"April 23, 2022",Marc-Andre Barriault,Jordan Wright,win
"April 23, 2022",Sergey Khandozhko,Dwight Grant,win
"April 23, 2022",Tyson Pedro,Ike Villanueva,win
"April 23, 2022",Aoriqileng,Cameron Else,win
"April 23, 2022",Preston Parsons,Evan Elder,win
"April 23, 2022",Philipe Lins,Marcin Prachnio,win
"April 23, 2022",Mike Jackson,Dean Barry,win
"April 16, 2022",Belal Muhammad,Vicente Luque,win
"April 16, 2022",Caio Borralho,Gadzhi Omargadzhiev,win
"April 16, 2022",Andre Fialho,Miguel Baeza,win
"April 16, 2022",Mayra Bueno Silva,Wu Yanan,win
"April 16, 2022",Pat Sabatini,TJ Laramie,win
"April 16, 2022",Mounir Lazzez,Ange Loosa,win
"April 16, 2022",Devin Clark,William Knight,win
"April 16, 2022",Pannie Kianzad,Lina Lansberg,win
"April 16, 2022",Drakkar Klose,Brandon Jenkins,win
"April 16, 2022",Rafa Garcia,Jesse Ronson,win
"April 16, 2022",Martin Buday,Chris Barnett,win
"April 16, 2022",Jordan Leavitt,Trey Ogden,win
"April 16, 2022",Sam Hughes,Istela Nunes,win
"April 16, 2022",Alatengheili,Kevin Croom,win
"April 09, 2022",Alexander Volkanovski,Chan Sung Jung,win
"April 09, 2022",Aljamain Sterling,Petr Yan,win
"April 09, 2022",Khamzat Chimaev,Gilbert Burns,win
"April 09, 2022",Mackenzie Dern,Tecia Pennington,win
"April 09, 2022",Mark Madsen,Vinc Pichel,win
"April 09, 2022",Ian Machado Garry,Darian Weeks,win
"April 09, 2022",Anthony Hernandez,Josh Fremd,win
"April 09, 2022",Raquel Pennington,Aspen Ladd,win
"April 09, 2022",Mike Malott,Mickey Gall,win
"April 09, 2022",Aleksei Oleinik,Jared Vanderaa,win
"April 09, 2022",Piera Rodriguez,Kay Hansen,win
"April 09, 2022",Julio Arce,Daniel Santos,win
"March 26, 2022",Curtis Blaydes,Chris Daukaus,win
"March 26, 2022",Alexa Grasso,Joanne Wood,win
"March 26, 2022",Bryan Barberena,Matt Brown,win
"March 26, 2022",Kai Kara-France,Askar Askarov,win
"March 26, 2022",Neil Magny,Max Griffin,win
"March 26, 2022",Marc Diakiese,Viacheslav Borshchev,win
"March 26, 2022",Sara McMann,Karol Rosa,win
"March 26, 2022",Chris Gutierrez,Batgerel Danaa,win
"March 26, 2022",Aliaskhab Khizriev,Denis Tiuliulin,win
"March 26, 2022",Manon Fiorot,Jennifer Maia,win
"March 26, 2022",Matheus Nicolau,David Dvorak,win
"March 26, 2022",Luis Saldana,Bruno Souza,win
"March 19, 2022",Tom Aspinall,Alexander Volkov,win
"March 19, 2022",Arnold Allen,Dan Hooker,win
"March 19, 2022",Paddy Pimblett,Kazula Vargas,win
"March 19, 2022",Gunnar Nelson,Takashi Sato,win
"March 19, 2022",Molly McCann,Luana Carolina,win
"March 19, 2022",Ilia Topuria,Jai Herbert,win
"March 19, 2022",Makwan Amirkhani,Mike Grundy,win
"March 19, 2022",Sergei Pavlovich,Shamil Abdurakhimov,win
"March 19, 2022",Paul Craig,Nikita Krylov,win
"March 19, 2022",Jack Shore,Timur Valiev,win
"March 19, 2022",Elise Reed,Cory McKenna,win
"March 19, 2022",Muhammad Mokaev,Cody Durden,win
"March 12, 2022",Magomed Ankalaev,Thiago Santos,win
"March 12, 2022",Song Yadong,Marlon Moraes,win
"March 12, 2022",Sodiq Yusuff,Alex Caceres,win
"March 12, 2022",Khalil Rountree Jr.,Karl Roberson,win
"March 12, 2022",Drew Dober,Terrance McKinney,win
"March 12, 2022",Alex Pereira,Bruno Silva,win
"March 12, 2022",Matthew Semelsberger,AJ Fletcher,win
"March 12, 2022",JJ Aldrich,Gillian Robertson,win
"March 12, 2022",Javid Basharat,Trevin Jones,win
"March 12, 2022",Damon Jackson,Kamuela Kirk,win
"March 12, 2022",Miranda Maverick,Sabina Mazo,win
"March 12, 2022",Cody Brundage,Dalcha Lungiambula,win
"March 12, 2022",Guido Cannetti,Kris Moutinho,win
"March 12, 2022",Azamat Murzakanov,Tafon Nchukwi,win
"March 05, 2022",Colby Covington,Jorge Masvidal,win
"March 05, 2022",Rafael Dos Anjos,Renato Moicano,win
"March 05, 2022",Bryce Mitchell,Edson Barboza,win
"March 05, 2022",Kevin Holland,Alex Oliveira,win
"March 05, 2022",Serghei Spivac,Greg Hardy,win
"March 05, 2022",Jalin Turner,Jamie Mullarkey,win
"March 05, 2022",Marina Rodriguez,Yan Xiaonan,win
"March 05, 2022",Nicolae Negumereanu,Kennedy Nzechukwu,win
"March 05, 2022",Maryna Moroz,Mariya Agapova,win
"March 05, 2022",Umar Nurmagomedov,Brian Kelleher,win
"March 05, 2022",Tim Elliott,Tagir Ulanbekov,win
"March 05, 2022",Ludovit Klein,Devonte Smith,win
"March 05, 2022",Dustin Jacoby,Michal Oleksiejczuk,win
"February 26, 2022",Islam Makhachev,King Green,win
"February 26, 2022",Wellington Turman,Misha Cirkunov,win
"February 26, 2022",Priscila Cachoeira,Ji Yeon Kim,win
"February 26, 2022",Arman Tsarukyan,Joel Alvarez,win
"February 26, 2022",Armen Petrosyan,Gregory Rodrigues,win
"February 26, 2022",Ignacio Bahamondes,Rongzhu,win
"February 26, 2022",Josiane Nunes,Ramona Pascual,win
"February 26, 2022",Terrance McKinney,Fares Ziam,win
"February 26, 2022",Jonathan Martinez,Alejandro Perez,win
"February 26, 2022",Ramiz Brahimaj,Micheal Gillmore,win
"February 26, 2022",Carlos Hernandez,Victor Altamirano,win
"February 19, 2022",Jamahal Hill,Johnny Walker,win
"February 19, 2022",Kyle Daukaus,Jamie Pickett,win
"February 19, 2022",Parker Porter,Alan Baudot,win
"February 19, 2022",Jim Miller,Nikolas Motta,win
"February 19, 2022",Joaquin Buckley,Abdul Razak Alhassan,win
"February 19, 2022",David Onama,Gabriel Benitez,win
"February 19, 2022",Stephanie Egger,Jessica-Rose Clark,win
"February 19, 2022",Chas Skelly,Mark Striegl,win
"February 19, 2022",Gloria de Paula,Diana Belbita,win
"February 19, 2022",Chad Anheliger,Jesse Strader,win
"February 19, 2022",Jonathan Pearce,Christian Rodriguez,win
"February 19, 2022",Mario Bautista,Jay Perrin,win
"February 12, 2022",Israel Adesanya,Robert Whittaker,win
"February 12, 2022",Tai Tuivasa,Derrick Lewis,win
"February 12, 2022",Jared Cannonier,Derek Brunson,win
"February 12, 2022",Renato Moicano,Alexander Hernandez,win
"February 12, 2022",King Green,Nasrat Haqparast,win
"February 12, 2022",Andrei Arlovski,Jared Vanderaa,win
"February 12, 2022",Casey O'Neill,Roxanne Modafferi,win
"February 12, 2022",Kyler Phillips,Marcelo Rojo,win
"February 12, 2022",Carlos Ulberg,Fabio Cherant,win
"February 12, 2022",Ronnie Lawrence,Mana Martinez,win
"February 12, 2022",Jacob Malkoun,AJ Dobson,win
"February 12, 2022",Douglas Silva de Andrade,Sergey Morozov,win
"February 12, 2022",Jeremiah Wells,Blood Diamond,win
"February 12, 2022",Maxim Grishin,William Knight,win
"February 05, 2022",Sean Strickland,Jack Hermansson,win
"February 05, 2022",Nick Maximov,Punahele Soriano,win
"February 05, 2022",Shavkat Rakhmonov,Carlston Harris,win
"February 05, 2022",Brendan Allen,Sam Alvey,win
"February 05, 2022",Bryan Battle,Tresean Gore,win
"February 05, 2022",Julian Erosa,Steven Peterson,win
"February 05, 2022",John Castaneda,Miles Johns,win
"February 05, 2022",Hakeem Dawodu,Michael Trizano,win
"February 05, 2022",Chidi Njokuani,Marc-Andre Barriault,win
"February 05, 2022",Alexis Davis,Julija Stoliarenko,win
"February 05, 2022",Jailton Almeida,Danilo Marques,win
"February 05, 2022",Phil Rowe,Jason Witt,win
"February 05, 2022",Malcolm Gordon,Denys Bondar,win
"January 22, 2022",Francis Ngannou,Ciryl Gane,win
"January 22, 2022",Deiveson Figueiredo,Brandon Moreno,win
"January 22, 2022",Michel Pereira,Andre Fialho,win
"January 22, 2022",Said Nurmagomedov,Cody Stamann,win
"January 22, 2022",Michael Morales,Trevin Giles,win
"January 22, 2022",Victor Henry,Raoni Barcelos,win
"January 22, 2022",Jack Della Maddalena,Pete Rodriguez,win
"January 22, 2022",Tony Gravely,Saimon Oliveira,win
"January 22, 2022",Matt Frevola,Genaro Valdez,win
"January 22, 2022",Vanessa Demopoulos,Silvana Gomez Juarez,win
"January 22, 2022",Jasmine Jasudavicius,Kay Hansen,win
"January 15, 2022",Calvin Kattar,Giga Chikadze,win
"January 15, 2022",Jake Collier,Chase Sherman,win
"January 15, 2022",Brandon Royval,Rogerio Bontorin,win
"January 15, 2022",Katlyn Cerminara,Jennifer Maia,win
"January 15, 2022",Viacheslav Borshchev,Dakota Bush,win
"January 15, 2022",Bill Algeo,Joanderson Brito,win
"January 15, 2022",Jamie Pickett,Joseph Holmes,win
"January 15, 2022",Court McGee,Ramiz Brahimaj,win
"January 15, 2022",Brian Kelleher,Kevin Croom,win
"January 15, 2022",TJ Brown,Charles Rosa,win
"December 18, 2021",Derrick Lewis,Chris Daukaus,win
"December 18, 2021",Belal Muhammad,Stephen Thompson,win
"December 18, 2021",Amanda Lemos,Angela Hill,win
"December 18, 2021",Ricky Simon,Raphael Assuncao,win
"December 18, 2021",Mateusz Gamrot,Diego Ferreira,win
"December 18, 2021",Cub Swanson,Darren Elkins,win
"December 18, 2021",Gerald Meerschaert,Dustin Stoltzfus,win
"December 18, 2021",Justin Tafa,Harry Hunsucker,win
"December 18, 2021",Melissa Gatto,Sijara Eubanks,win
"December 18, 2021",Charles Jourdain,Andre Ewell,win
"December 18, 2021",Raquel Pennington,Macy Chiasson,win
"December 18, 2021",Don'Tale Mayes,Josh Parisian,win
"December 18, 2021",Jordan Leavitt,Matt Sayles,win
"December 11, 2021",Charles Oliveira,Dustin Poirier,win
"December 11, 2021",Julianna Pena,Amanda Nunes,win
"December 11, 2021",Geoff Neal,Santiago Ponzinibbio,win
"December 11, 2021",Kai Kara-France,Cody Garbrandt,win
"December 11, 2021",Sean O'Malley,Raulian Paiva,win
"December 11, 2021",Josh Emmett,Dan Ige,win
"December 11, 2021",Dominick Cruz,Pedro Munhoz,win
"December 11, 2021",Tai Tuivasa,Augusto Sakai,win
"December 11, 2021",Bruno Silva,Jordan Wright,win
"December 11, 2021",Andre Muniz,Eryk Anders,win
"December 11, 2021",Erin Blanchfield,Miranda Maverick,win
"December 11, 2021",Ryan Hall,Darrick Minner,win
"December 11, 2021",Tony Kelley,Randy Costa,win
"December 11, 2021",Gillian Robertson,Priscila Cachoeira,win
"December 04, 2021",Jose Aldo,Rob Font,win
"December 04, 2021",Rafael Fiziev,Brad Riddell,win
"December 04, 2021",Jamahal Hill,Jimmy Crute,win
"December 04, 2021",Clay Guida,Leonardo Santos,win
"December 04, 2021",Chris Curtis,Brendan Allen,win
"December 04, 2021",Alex Morono,Mickey Gall,win
"December 04, 2021",Dusko Todorovic,Maki Pitolo,win
"December 04, 2021",Manel Kape,Zhalgas Zhumagulov,win
"December 04, 2021",Bryan Barberena,Darian Weeks,win
"December 04, 2021",Cheyanne Vlismas,Mallory Martin,win
"December 04, 2021",William Knight,Alonzo Menifield,win
"December 04, 2021",Claudio Puelles,Chris Gruetzemacher,win
"December 04, 2021",Vince Morales,Louis Smolka,win
"November 20, 2021",Ketlen Vieira,Miesha Tate,win
"November 20, 2021",Sean Brady,Michael Chiesa,win
"November 20, 2021",Taila Santos,Joanne Wood,win
"November 20, 2021",Rani Yahya,Kyung Ho Kang,win
"November 20, 2021",Adrian Yanez,Davey Grant,win
"November 20, 2021",Pat Sabatini,Tucker Lutz,win
"November 20, 2021",Rafa Garcia,Natan Levy,win
"November 20, 2021",Loopy Godinez,Loma Lookboonmee,win
"November 20, 2021",Cody Durden,Aoriqileng,win
"November 20, 2021",Shayilan Nuerdanbieke,Sean Soriano,win
"November 20, 2021",Luana Pinheiro,Sam Hughes,win
"November 13, 2021",Max Holloway,Yair Rodriguez,win
"November 13, 2021",Marcos Rogerio de Lima,Ben Rothwell,win
"November 13, 2021",Felicia Spencer,Leah Letson,win
"November 13, 2021",Khaos Williams,Miguel Baeza,win
"November 13, 2021",Song Yadong,Julio Arce,win
"November 13, 2021",Joel Alvarez,Thiago Moises,win
"November 13, 2021",Andrea Lee,Cynthia Calvillo,win
"November 13, 2021",Sean Woodson,Collin Anglin,win
"November 13, 2021",Cortney Casey,Liana Jojua,win
"November 13, 2021",Rafael Alves,Marc Diakiese,win
"November 13, 2021",Da Woon Jung,Kennedy Nzechukwu,win
"November 06, 2021",Kamaru Usman,Colby Covington,win
"November 06, 2021",Rose Namajunas,Zhang Weili,win
"November 06, 2021",Marlon Vera,Frankie Edgar,win
"November 06, 2021",Shane Burgos,Billy Quarantillo,win
"November 06, 2021",Justin Gaethje,Michael Chandler,win
"November 06, 2021",Alex Pereira,Andreas Michailidis,win
"November 06, 2021",King Green,Al Iaquinta,win
"November 06, 2021",Chris Curtis,Phil Hawes,win
"November 06, 2021",Nassourdine Imavov,Edmen Shahbazyan,win
"November 06, 2021",Ian Machado Garry,Jordan Williams,win
"November 06, 2021",Chris Barnett,Gian Villante,win
"November 06, 2021",Dustin Jacoby,John Allan,win
"November 06, 2021",Melsik Baghdasaryan,Bruno Souza,win
"November 06, 2021",Ode Osbourne,CJ Vergara,win
"October 30, 2021",Glover Teixeira,Jan Blachowicz,win
"October 30, 2021",Petr Yan,Cory Sandhagen,win
"October 30, 2021",Islam Makhachev,Dan Hooker,win
"October 30, 2021",Alexander Volkov,Marcin Tybura,win
"October 30, 2021",Khamzat Chimaev,Li Jingliang,win
"October 30, 2021",Magomed Ankalaev,Volkan Oezdemir,win
"October 30, 2021",Amanda Ribas,Virna Jandiroba,win
"October 30, 2021",Zubaira Tukhugov,Ricardo Ramos,win
"October 30, 2021",Albert Duraev,Roman Kopylov,win
"October 30, 2021",Elizeu Zaleski dos Santos,Benoit Saint Denis,win
"October 30, 2021",Michal Oleksiejczuk,Shamil Gamzatov,win
"October 30, 2021",Lerone Murphy,Makwan Amirkhani,win
"October 30, 2021",Andre Petroski,Hu Yaozong,win
"October 30, 2021",Tagir Ulanbekov,Allan Nascimento,win
"October 23, 2021",Marvin Vettori,Paulo Costa,win
"October 23, 2021",Grant Dawson,Ricky Glenn,draw
"October 23, 2021",Jessica-Rose Clark,Joselyne Edwards,win
"October 23, 2021",Alex Caceres,SeungWoo Choi,win
"October 23, 2021",Francisco Trinaldo,Dwight Grant,win
"October 23, 2021",Nicolae Negumereanu,Ike Villanueva,win
"October 23, 2021",Gregory Rodrigues,JunYong Park,win
"October 23, 2021",Mason Jones,David Onama,win
"October 23, 2021",Tabatha Ricci,Maria Oliveira,win
"October 23, 2021",Jamie Pickett,Laureano Staropoli,win
"October 23, 2021",Jai Herbert,Khama Worthy,win
"October 23, 2021",Jeff Molina,Daniel Lacerda,win
"October 23, 2021",Randa Markos,Livinha Souza,win
"October 23, 2021",Jonathan Martinez,Zviad Lazishvili,win
"October 16, 2021",Norma Dumont,Aspen Ladd,win
"October 16, 2021",Andrei Arlovski,Carlos Felipe,win
"October 16, 2021",Jim Miller,Erick Gonzalez,win
"October 16, 2021",Manon Fiorot,Mayra Bueno Silva,win
"October 16, 2021",Nate Landwehr,Ludovit Klein,win
"October 16, 2021",Bruno Silva,Andrew Sanchez,win
"October 16, 2021",Danny Roberts,Ramazan Emeev,win
"October 16, 2021",Luana Carolina,Loopy Godinez,win
"October 16, 2021",Batgerel Danaa,Brandon Davis,win
"October 16, 2021",Ariane Carnelossi,Istela Nunes,win
"October 09, 2021",Marina Rodriguez,Mackenzie Dern,win
"October 09, 2021",Randy Brown,Jared Gooden,win
"October 09, 2021",Matheus Nicolau,Tim Elliott,win
"October 09, 2021",Mariya Agapova,Sabina Mazo,win
"October 09, 2021",Chris Gutierrez,Felipe Colares,win
"October 09, 2021",Alexandr Romanov,Jared Vanderaa,win
"October 09, 2021",Damon Jackson,Charles Rosa,win
"October 09, 2021",Loopy Godinez,Silvana Gomez Juarez,win
"October 09, 2021",Steve Garcia,Charlie Ontiveros,win
"October 02, 2021",Thiago Santos,Johnny Walker,win
"October 02, 2021",Kevin Holland,Kyle Daukaus,nc
"October 02, 2021",Niko Price,Alex Oliveira,win
"October 02, 2021",Krzysztof Jotko,Misha Cirkunov,win
"October 02, 2021",Alexander Hernandez,Mike Breeden,win
"October 02, 2021",Jared Gordon,Joe Solecki,win
"October 02, 2021",Casey O'Neill,Antonina Shevchenko,win
"October 02, 2021",Karol Rosa,Bethe Correia,win
"October 02, 2021",Jamie Mullarkey,Devonte Smith,win
"October 02, 2021",Douglas Silva de Andrade,Gaetano Pirrello,win
"October 02, 2021",Stephanie Egger,Shanna Young,win
"October 02, 2021",Alejandro Perez,Johnny Eduardo,win
"September 25, 2021",Alexander Volkanovski,Brian Ortega,win
"September 25, 2021",Valentina Shevchenko,Lauren Murphy,win
"September 25, 2021",Robbie Lawler,Nick Diaz,win
"September 25, 2021",Curtis Blaydes,Jairzinho Rozenstruik,win
"September 25, 2021",Jessica Andrade,Cynthia Calvillo,win
"September 25, 2021",Merab Dvalishvili,Marlon Moraes,win
"September 25, 2021",Dan Hooker,Nasrat Haqparast,win
"September 25, 2021",Chris Daukaus,Shamil Abdurakhimov,win
"September 25, 2021",Taila Santos,Roxanne Modafferi,win
"September 25, 2021",Jalin Turner,Uros Medic,win
"September 25, 2021",Nick Maximov,Cody Brundage,win
"September 25, 2021",Matthew Semelsberger,Martin Sano,win
"September 25, 2021",Jonathan Pearce,Omar Morales,win
"September 18, 2021",Anthony Smith,Ryan Spann,win
"September 18, 2021",Ion Cutelaba,Devin Clark,win
"September 18, 2021",Ariane da Silva,Mandy Bohm,win
"September 18, 2021",Arman Tsarukyan,Christos Giagos,win
"September 18, 2021",Nate Maness,Tony Gravely,win
"September 18, 2021",Joaquin Buckley,Antonio Arroyo,win
"September 18, 2021",Tafon Nchukwi,Mike Rodriguez,win
"September 18, 2021",Raquel Pennington,Pannie Kianzad,win
"September 18, 2021",Rongzhu,Brandon Jenkins,win
"September 18, 2021",Montel Jackson,JP Buys,win
"September 18, 2021",Erin Blanchfield,Sarah Alpar,win
"September 18, 2021",Carlston Harris,Impa Kasanganay,win
"September 18, 2021",Gustavo Lopez,Alatengheili,draw
"September 18, 2021",Hannah Goldy,Emily Whitmire,win
"September 04, 2021",Derek Brunson,Darren Till,win
"September 04, 2021",Tom Aspinall,Serghei Spivac,win
"September 04, 2021",Alex Morono,David Zawada,win
"September 04, 2021",Khalil Rountree Jr.,Modestas Bukauskas,win
"September 04, 2021",Paddy Pimblett,Luigi Vendramini,win
"September 04, 2021",Molly McCann,Ji Yeon Kim,win
"September 04, 2021",Jack Shore,Liudvik Sholinian,win
"September 04, 2021",Julian Erosa,Charles Jourdain,win
"September 04, 2021",Marc-Andre Barriault,Dalcha Lungiambula,win
"August 28, 2021",Giga Chikadze,Edson Barboza,win
"August 28, 2021",Bryan Battle,Gilbert Urbina,win
"August 28, 2021",Ricky Turcios,Brady Hiestand,win
"August 28, 2021",Daniel Rodriguez,Kevin Lee,win
"August 28, 2021",Andre Petroski,Micheal Gillmore,win
"August 28, 2021",Gerald Meerschaert,Makhmud Muradov,win
"August 28, 2021",Abdul Razak Alhassan,Alessio Di Chirico,win
"August 28, 2021",Wellington Turman,Sam Alvey,win
"August 28, 2021",Dustin Jacoby,Darren Stewart,win
"August 28, 2021",JJ Aldrich,Vanessa Demopoulos,win
"August 28, 2021",Pat Sabatini,Jamall Emmers,win
"August 28, 2021",Mana Martinez,Guido Cannetti,win
"August 21, 2021",Jared Cannonier,Kelvin Gastelum,win
"August 21, 2021",Mark Madsen,Clay Guida,win
"August 21, 2021",Parker Porter,Chase Sherman,win
"August 21, 2021",Saidyokub Kakhramonov,Trevin Jones,win
"August 21, 2021",Vinc Pichel,Austin Hubbard,win
"August 21, 2021",Alexandre Pantoja,Brandon Royval,win
"August 21, 2021",Austin Lingo,Luis Saldana,win
"August 21, 2021",Brian Kelleher,Domingo Pilarte,win
"August 21, 2021",Josiane Nunes,Bea Malecki,win
"August 21, 2021",William Knight,Fabio Cherant,win
"August 21, 2021",Ignacio Bahamondes,Roosevelt Roberts,win
"August 21, 2021",Ramiz Brahimaj,Sasha Palatnikov,win
"August 07, 2021",Ciryl Gane,Derrick Lewis,win
"August 07, 2021",Jose Aldo,Pedro Munhoz,win
"August 07, 2021",Vicente Luque,Michael Chiesa,win
"August 07, 2021",Tecia Pennington,Angela Hill,win
"August 07, 2021",Song Yadong,Casey Kenney,win
"August 07, 2021",Rafael Fiziev,King Green,win
"August 07, 2021",Vince Morales,Drako Rodriguez,win
"August 07, 2021",Alonzo Menifield,Ed Herman,win
"August 07, 2021",Jessica Penne,Karolina Kowalkiewicz,win
"August 07, 2021",Manel Kape,Ode Osbourne,win
"August 07, 2021",Miles Johns,Anderson Dos Santos,win
"August 07, 2021",Melissa Gatto,Victoria Leonardo,win
"August 07, 2021",Johnny Munoz,Jamey Simmons,win
"July 31, 2021",Sean Strickland,Uriah Hall,win
"July 31, 2021",Cheyanne Vlismas,Gloria de Paula,win
"July 31, 2021",Jared Gooden,Niklas Stolze,win
"July 31, 2021",Melsik Baghdasaryan,Collin Anglin,win
"July 31, 2021",Jason Witt,Bryan Barberena,win
"July 31, 2021",Chris Gruetzemacher,Rafa Garcia,win
"July 31, 2021",Danny Chavez,Kai Kamaka III,draw
"July 31, 2021",Jinh Yu Frey,Ashley Yoder,win
"July 31, 2021",Zarrukh Adashev,Ryan Benoit,win
"July 31, 2021",Phil Rowe,Orion Cosce,win
"July 24, 2021",TJ Dillashaw,Cory Sandhagen,win
"July 24, 2021",Raulian Paiva,Kyler Phillips,win
"July 24, 2021",Darren Elkins,Darrick Minner,win
"July 24, 2021",Maycee Barber,Miranda Maverick,win
"July 24, 2021",Adrian Yanez,Randy Costa,win
"July 24, 2021",Brendan Allen,Punahele Soriano,win
"July 24, 2021",Nassourdine Imavov,Ian Heinisch,win
"July 24, 2021",Mickey Gall,Jordan Williams,win
"July 24, 2021",Julio Arce,Andre Ewell,win
"July 24, 2021",Sijara Eubanks,Elise Reed,win
"July 24, 2021",Diana Belbita,Hannah Goldy,win
"July 17, 2021",Islam Makhachev,Thiago Moises,win
"July 17, 2021",Miesha Tate,Marion Reneau,win
"July 17, 2021",Mateusz Gamrot,Jeremy Stephens,win
"July 17, 2021",Rodolfo Vieira,Dustin Stoltzfus,win
"July 17, 2021",Billy Quarantillo,Gabriel Benitez,win
"July 17, 2021",Daniel Rodriguez,Preston Parsons,win
"July 17, 2021",Amanda Lemos,Montserrat Conejo Ruiz,win
"July 17, 2021",Sergey Morozov,Khalid Taha,win
"July 17, 2021",Malcolm Gordon,Francisco Figueiredo,win
"July 17, 2021",Alan Baudot,Rodrigo Nascimento,nc
"July 10, 2021",Dustin Poirier,Conor McGregor,win
"July 10, 2021",Gilbert Burns,Stephen Thompson,win
"July 10, 2021",Tai Tuivasa,Greg Hardy,win
"July 10, 2021",Irene Aldana,Yana Santos,win
"July 10, 2021",Sean O'Malley,Kris Moutinho,win
"July 10, 2021",Max Griffin,Carlos Condit,win
"July 10, 2021",Michel Pereira,Niko Price,win
"July 10, 2021",Ilia Topuria,Ryan Hall,win
"July 10, 2021",Dricus Du Plessis,Trevin Giles,win
"July 10, 2021",Jennifer Maia,Jessica Eye,win
"July 10, 2021",Brad Tavares,Omari Akhmedov,win
"July 10, 2021",Zhalgas Zhumagulov,Jerome Rivera,win
"June 26, 2021",Ciryl Gane,Alexander Volkov,win
"June 26, 2021",Tanner Boser,Ovince Saint Preux,win
"June 26, 2021",Timur Valiev,Raoni Barcelos,win
"June 26, 2021",Andre Fili,Daniel Pineda,nc
"June 26, 2021",Tim Means,Nicolas Dalby,win
"June 26, 2021",Renato Moicano,Jai Herbert,win
"June 26, 2021",Kennedy Nzechukwu,Danilo Marques,win
"June 26, 2021",Shavkat Rakhmonov,Michel Prazeres,win
"June 26, 2021",Jeremiah Wells,Warlley Alves,win
"June 26, 2021",Marcin Prachnio,Ike Villanueva,win
"June 26, 2021",Julia Avila,Julija Stoliarenko,win
"June 26, 2021",Charles Rosa,Justin Jaynes,win
"June 26, 2021",Damir Hadzovic,Yancy Medeiros,win
"June 19, 2021",Chan Sung Jung,Dan Ige,win
"June 19, 2021",Serghei Spivac,Aleksei Oleinik,win
"June 19, 2021",Marlon Vera,Davey Grant,win
"June 19, 2021",SeungWoo Choi,Julian Erosa,win
"June 19, 2021",Bruno Silva,Wellington Turman,win
"June 19, 2021",Matt Brown,Dhiego Lima,win
"June 19, 2021",Nicolae Negumereanu,Aleksa Camur,win
"June 19, 2021",Virna Jandiroba,Kanako Murata,win
"June 19, 2021",Khaos Williams,Matthew Semelsberger,win
"June 19, 2021",Josh Parisian,Roque Martinez,win
"June 19, 2021",Ricky Glenn,Joaquim Silva,win
"June 19, 2021",Casey O'Neill,Lara Procopio,win
"June 12, 2021",Israel Adesanya,Marvin Vettori,win
"June 12, 2021",Brandon Moreno,Deiveson Figueiredo,win
"June 12, 2021",Leon Edwards,Nate Diaz,win
"June 12, 2021",Belal Muhammad,Demian Maia,win
"June 12, 2021",Paul Craig,Jamahal Hill,win
"June 12, 2021",Brad Riddell,Drew Dober,win
"June 12, 2021",Eryk Anders,Darren Stewart,win
"June 12, 2021",Lauren Murphy,Joanne Wood,win
"June 12, 2021",Movsar Evloev,Hakeem Dawodu,win
"June 12, 2021",Pannie Kianzad,Alexis Davis,win
"June 12, 2021",Terrance McKinney,Matt Frevola,win
"June 12, 2021",Steven Peterson,Chase Hooper,win
"June 12, 2021",Fares Ziam,Luigi Vendramini,win
"June 12, 2021",Carlos Felipe,Jake Collier,win
"June 05, 2021",Jairzinho Rozenstruik,Augusto Sakai,win
"June 05, 2021",Marcin Tybura,Walt Harris,win
"June 05, 2021",Roman Dolidze,Laureano Staropoli,win
"June 05, 2021",Santiago Ponzinibbio,Miguel Baeza,win
"June 05, 2021",Gregory Rodrigues,Dusko Todorovic,win
"June 05, 2021",Montana De La Rosa,Ariane da Silva,win
"June 05, 2021",Ilir Latifi,Tanner Boser,win
"June 05, 2021",Muslim Salikhov,Francisco Trinaldo,win
"June 05, 2021",Kamuela Kirk,Makwan Amirkhani,win
"June 05, 2021",Alan Patrick,Mason Jones,nc
"June 05, 2021",Manon Fiorot,Tabatha Ricci,win
"June 05, 2021",Sean Woodson,Youssef Zalal,win
"June 05, 2021",Claudio Puelles,Jordan Leavitt,win
"May 22, 2021",Rob Font,Cody Garbrandt,win
"May 22, 2021",Carla Esparza,Yan Xiaonan,win
"May 22, 2021",Jared Vanderaa,Justin Tafa,win
"May 22, 2021",Norma Dumont,Felicia Spencer,win
"May 22, 2021",Ricardo Ramos,Bill Algeo,win
"May 22, 2021",Jack Hermansson,Edmen Shahbazyan,win
"May 22, 2021",Ben Rothwell,Chris Barnett,win
"May 22, 2021",Court McGee,Claudio Silva,win
"May 22, 2021",Bruno Silva,Victor Rodriguez,win
"May 22, 2021",Josh Culibao,Shayilan Nuerdanbieke,win
"May 22, 2021",David Dvorak,Juancamilo Ronderos,win
"May 22, 2021",Damir Ismagulov,Rafael Alves,win
"May 15, 2021",Charles Oliveira,Michael Chandler,win
"May 15, 2021",Beneil Dariush,Tony Ferguson,win
"May 15, 2021",Matt Schnell,Rogerio Bontorin,nc
"May 15, 2021",Katlyn Cerminara,Viviane Araujo,win
"May 15, 2021",Edson Barboza,Shane Burgos,win
"May 15, 2021",Andre Muniz,Jacare Souza,win
"May 15, 2021",Lando Vannata,Mike Grundy,win
"May 15, 2021",Jordan Wright,Jamie Pickett,win
"May 15, 2021",Andrea Lee,Antonina Shevchenko,win
"May 15, 2021",Priscila Cachoeira,Gina Mazany,win
"May 15, 2021",Tucker Lutz,Kevin Aguilar,win
"May 15, 2021",Christos Giagos,Sean Soriano,win
"May 08, 2021",Marina Rodriguez,Michelle Waterson-Gomez,win
"May 08, 2021",Alex Morono,Donald Cerrone,win
"May 08, 2021",Neil Magny,Geoff Neal,win
"May 08, 2021",Marcos Rogerio de Lima,Maurice Greene,win
"May 08, 2021",Gregor Gillespie,Diego Ferreira,win
"May 08, 2021",Phil Hawes,Kyle Daukaus,win
"May 08, 2021",Michael Trizano,Ludovit Klein,win
"May 08, 2021",JunYong Park,Tafon Nchukwi,win
"May 08, 2021",Carlston Harris,Christian Aguilera,win
"May 01, 2021",Jiri Prochazka,Dominick Reyes,win
"May 01, 2021",Giga Chikadze,Cub Swanson,win
"May 01, 2021",Ion Cutelaba,Dustin Jacoby,draw
"May 01, 2021",Sean Strickland,Krzysztof Jotko,win
"May 01, 2021",Merab Dvalishvili,Cody Stamann,win
"May 01, 2021",Luana Pinheiro,Randa Markos,win
"May 01, 2021",TJ Brown,Kai Kamaka III,win
"May 01, 2021",Luana Carolina,Poliana Botelho,win
"May 01, 2021",Loma Lookboonmee,Sam Hughes,win
"May 01, 2021",Andreas Michailidis,KB Bhullar,win
"May 01, 2021",Felipe Colares,Luke Sanders,win
"April 24, 2021",Kamaru Usman,Jorge Masvidal,win
"April 24, 2021",Rose Namajunas,Zhang Weili,win
"April 24, 2021",Valentina Shevchenko,Jessica Andrade,win
"April 24, 2021",Uriah Hall,Chris Weidman,win
"April 24, 2021",Anthony Smith,Jimmy Crute,win
"April 24, 2021",Randy Brown,Alex Oliveira,win
"April 24, 2021",Dwight Grant,Stefan Sekulic,win
"April 24, 2021",Brendan Allen,Karl Roberson,win
"April 24, 2021",Pat Sabatini,Tristan Connelly,win
"April 24, 2021",Batgerel Danaa,Kevin Natividad,win
"April 24, 2021",Kazula Vargas,Rongzhu,win
"April 24, 2021",Jeff Molina,Aoriqileng,win
"April 24, 2021",Ariane Carnelossi,Liang Na,win
"April 17, 2021",Robert Whittaker,Kelvin Gastelum,win
"April 17, 2021",Andrei Arlovski,Chase Sherman,win
"April 17, 2021",Jacob Malkoun,Abdul Razak Alhassan,win
"April 17, 2021",Tracy Cortez,Justine Kish,win
"April 17, 2021",Luis Pena,Alexander Munoz,win
"April 17, 2021",Alexandr Romanov,Juan Espino,win
"April 17, 2021",Jessica Penne,Loopy Godinez,win
"April 17, 2021",Gerald Meerschaert,Bartosz Fabinski,win
"April 17, 2021",Austin Hubbard,Dakota Bush,win
"April 17, 2021",Tony Gravely,Anthony Birchak,win
"April 10, 2021",Marvin Vettori,Kevin Holland,win
"April 10, 2021",Arnold Allen,Sodiq Yusuff,win
"April 10, 2021",Julian Marquez,Sam Alvey,win
"April 10, 2021",Mackenzie Dern,Nina Nunes,win
"April 10, 2021",Daniel Rodriguez,Mike Perry,win
"April 10, 2021",Joe Solecki,Jim Miller,win
"April 10, 2021",Mateusz Gamrot,Scott Holtzman,win
"April 10, 2021",John Makdessi,Ignacio Bahamondes,win
"April 10, 2021",Jarjis Danho,Yorgan De Castro,win
"April 10, 2021",Jack Shore,Hunter Azure,win
"April 10, 2021",Luis Saldana,Jordan Griffin,win
"April 10, 2021",Da Woon Jung,William Knight,win
"April 10, 2021",Impa Kasanganay,Sasha Palatnikov,win
"March 27, 2021",Francis Ngannou,Stipe Miocic,win
"March 27, 2021",Vicente Luque,Tyron Woodley,win
"March 27, 2021",Sean O'Malley,Thomas Almeida,win
"March 27, 2021",Miranda Maverick,Gillian Robertson,win
"March 27, 2021",Jamie Mullarkey,Khama Worthy,win
"March 27, 2021",Alonzo Menifield,Fabio Cherant,win
"March 27, 2021",Abubakar Nurmagomedov,Jared Gooden,win
"March 27, 2021",Michal Oleksiejczuk,Modestas Bukauskas,win
"March 27, 2021",Omar Morales,Shane Young,win
"March 27, 2021",Marc-Andre Barriault,Abu Azaitar,win
"March 20, 2021",Derek Brunson,Kevin Holland,win
"March 20, 2021",Max Griffin,Song Kenan,win
"March 20, 2021",Montserrat Conejo Ruiz,Cheyanne Vlismas,win
"March 20, 2021",Adrian Yanez,Gustavo Lopez,win
"March 20, 2021",Tai Tuivasa,Harry Hunsucker,win
"March 20, 2021",Macy Chiasson,Marion Reneau,win
"March 20, 2021",Grant Dawson,Leonardo Santos,win
"March 20, 2021",Trevin Giles,Roman Dolidze,win
"March 20, 2021",Montel Jackson,Jesse Strader,win
"March 20, 2021",Bruno Silva,JP Buys,win
"March 13, 2021",Leon Edwards,Belal Muhammad,nc
"March 13, 2021",Ryan Spann,Misha Cirkunov,win
"March 13, 2021",Dan Ige,Gavin Tucker,win
"March 13, 2021",Davey Grant,Jonathan Martinez,win
"March 13, 2021",Matheus Nicolau,Manel Kape,win
"March 13, 2021",Eryk Anders,Darren Stewart,nc
"March 13, 2021",Angela Hill,Ashley Yoder,win
"March 13, 2021",Charles Jourdain,Marcelo Rojo,win
"March 13, 2021",Rani Yahya,Ray Rodriguez,win
"March 13, 2021",Nasrat Haqparast,Rafa Garcia,win
"March 13, 2021",JJ Aldrich,Cortney Casey,win
"March 13, 2021",Jinh Yu Frey,Gloria de Paula,win
"March 13, 2021",Matthew Semelsberger,Jason Witt,win
"March 06, 2021",Jan Blachowicz,Israel Adesanya,win
"March 06, 2021",Amanda Nunes,Megan Anderson,win
"March 06, 2021",Aljamain Sterling,Petr Yan,win
"March 06, 2021",Islam Makhachev,Drew Dober,win
"March 06, 2021",Aleksandar Rakic,Thiago Santos,win
"March 06, 2021",Dominick Cruz,Casey Kenney,win
"March 06, 2021",Kyler Phillips,Song Yadong,win
"March 06, 2021",Askar Askarov,Joseph Benavidez,win
"March 06, 2021",Kai Kara-France,Rogerio Bontorin,win
"March 06, 2021",Tim Elliott,Jordan Espinosa,win
"March 06, 2021",Kennedy Nzechukwu,Carlos Ulberg,win
"March 06, 2021",Sean Brady,Jake Matthews,win
"March 06, 2021",Amanda Lemos,Livinha Souza,win
"March 06, 2021",Uros Medic,Aalon Cruz,win
"March 06, 2021",Trevin Jones,Mario Bautista,win
"February 27, 2021",Ciryl Gane,Jairzinho Rozenstruik,win
"February 27, 2021",Magomed Ankalaev,Nikita Krylov,win
"February 27, 2021",Montana De La Rosa,Mayra Bueno Silva,draw
"February 27, 2021",Pedro Munhoz,Jimmie Rivera,win
"February 27, 2021",Alex Caceres,Kevin Croom,win
"February 27, 2021",Thiago Moises,Alexander Hernandez,win
"February 27, 2021",Alexis Davis,Sabina Mazo,win
"February 27, 2021",Ronnie Lawrence,Vince Cachero,win
"February 27, 2021",Dustin Jacoby,Maxim Grishin,win
"February 20, 2021",Derrick Lewis,Curtis Blaydes,win
"February 20, 2021",Yana Santos,Ketlen Vieira,win
"February 20, 2021",Darrick Minner,Charles Rosa,win
"February 20, 2021",Chris Daukaus,Aleksei Oleinik,win
"February 20, 2021",Phil Hawes,Nassourdine Imavov,win
"February 20, 2021",Tom Aspinall,Andrei Arlovski,win
"February 20, 2021",Jared Gordon,Danny Chavez,win
"February 20, 2021",John Castaneda,Eddie Wineland,win
"February 20, 2021",Julian Erosa,Nate Landwehr,win
"February 20, 2021",Casey O'Neill,Shana Dobson,win
"February 20, 2021",Aiemann Zahabi,Drako Rodriguez,win
"February 20, 2021",Serghei Spivac,Jared Vanderaa,win
"February 13, 2021",Kamaru Usman,Gilbert Burns,win
"February 13, 2021",Alexa Grasso,Maycee Barber,win
"February 13, 2021",Kelvin Gastelum,Ian Heinisch,win
"February 13, 2021",Ricky Simon,Brian Kelleher,win
"February 13, 2021",Julian Marquez,Maki Pitolo,win
"February 13, 2021",Anthony Hernandez,Rodolfo Vieira,win
"February 13, 2021",Belal Muhammad,Dhiego Lima,win
"February 13, 2021",Polyana Viana,Mallory Martin,win
"February 13, 2021",Chris Gutierrez,Andre Ewell,win
"February 13, 2021",Gabe Green,Phil Rowe,win
"February 06, 2021",Alexander Volkov,Alistair Overeem,win
"February 06, 2021",Cory Sandhagen,Frankie Edgar,win
"February 06, 2021",Clay Guida,Michael Johnson,win
"February 06, 2021",Alexandre Pantoja,Manel Kape,win
"February 06, 2021",Beneil Dariush,Diego Ferreira,win
"February 06, 2021",Danilo Marques,Mike Rodriguez,win
"February 06, 2021",Devonte Smith,Justin Jaynes,win
"February 06, 2021",Karol Rosa,Joselyne Edwards,win
"February 06, 2021",Lara Procopio,Molly McCann,win
"February 06, 2021",SeungWoo Choi,Youssef Zalal,win
"February 06, 2021",Timur Valiev,Martin Day,win
"February 06, 2021",Ode Osbourne,Jerome Rivera,win
"January 23, 2021",Dustin Poirier,Conor McGregor,win
"January 23, 2021",Michael Chandler,Dan Hooker,win
"January 23, 2021",Joanne Wood,Jessica Eye,win
"January 23, 2021",Makhmud Muradov,Andrew Sanchez,win
"January 23, 2021",Marina Rodriguez,Amanda Ribas,win
"January 23, 2021",Arman Tsarukyan,Matt Frevola,win
"January 23, 2021",Brad Tavares,Antonio Carlos Junior,win
"January 23, 2021",Julianna Pena,Sara McMann,win
"January 23, 2021",Marcin Prachnio,Khalil Rountree Jr.,win
"January 23, 2021",Movsar Evloev,Nik Lentz,win
"January 23, 2021",Amir Albazi,Zhalgas Zhumagulov,win
"January 20, 2021",Michael Chiesa,Neil Magny,win
"January 20, 2021",Warlley Alves,Mounir Lazzez,win
"January 20, 2021",Ike Villanueva,Vinicius Moreira,win
"January 20, 2021",Viviane Araujo,Roxanne Modafferi,win
"January 20, 2021",Matt Schnell,Tyson Nam,win
"January 20, 2021",Lerone Murphy,Douglas Silva de Andrade,win
"January 20, 2021",Omari Akhmedov,Tom Breese,win
"January 20, 2021",Ricky Simon,Gaetano Pirrello,win
"January 20, 2021",Sumudaerji,Zarrukh Adashev,win
"January 20, 2021",Dalcha Lungiambula,Markus Perez,win
"January 20, 2021",Francisco Figueiredo,Jerome Rivera,win
"January 20, 2021",Mike Davis,Mason Jones,win
"January 20, 2021",Umar Nurmagomedov,Sergey Morozov,win
"January 20, 2021",Manon Fiorot,Victoria Leonardo,win
"January 16, 2021",Max Holloway,Calvin Kattar,win
"January 16, 2021",Carlos Condit,Matt Brown,win
"January 16, 2021",Li Jingliang,Santiago Ponzinibbio,win
"January 16, 2021",Alessio Di Chirico,Joaquin Buckley,win
"January 16, 2021",Punahele Soriano,Dusko Todorovic,win
"January 16, 2021",Joselyne Edwards,Wu Yanan,win
"January 16, 2021",Carlos Felipe,Justin Tafa,win
"January 16, 2021",Ramazan Emeev,David Zawada,win
"January 16, 2021",Vanessa Melo,Sarah Moras,win
"January 16, 2021",Austin Lingo,Jacob Kilburn,win
"December 19, 2020",Stephen Thompson,Geoff Neal,win
"December 19, 2020",Jose Aldo,Marlon Vera,win
"December 19, 2020",Michel Pereira,Khaos Williams,win
"December 19, 2020",Rob Font,Marlon Moraes,win
"December 19, 2020",Marcin Tybura,Greg Hardy,win
"December 19, 2020",Anthony Pettis,Alex Morono,win
"December 19, 2020",Pannie Kianzad,Sijara Eubanks,win
"December 19, 2020",Deron Winn,Antonio Arroyo,win
"December 19, 2020",Taila Santos,Gillian Robertson,win
"December 19, 2020",Tafon Nchukwi,Jamie Pickett,win
"December 19, 2020",Jimmy Flick,Cody Durden,win
"December 19, 2020",Christos Giagos,Carlton Minus,win
"December 12, 2020",Deiveson Figueiredo,Brandon Moreno,draw
"December 12, 2020",Charles Oliveira,Tony Ferguson,win
"December 12, 2020",Mackenzie Dern,Virna Jandiroba,win
"December 12, 2020",Kevin Holland,Jacare Souza,win
"December 12, 2020",Ciryl Gane,Junior Dos Santos,win
"December 12, 2020",Cub Swanson,Daniel Pineda,win
"December 12, 2020",Rafael Fiziev,Renato Moicano,win
"December 12, 2020",Gavin Tucker,Billy Quarantillo,win
"December 12, 2020",Tecia Pennington,Sam Hughes,win
"December 12, 2020",Chase Hooper,Peter Barrett,win
"December 05, 2020",Marvin Vettori,Jack Hermansson,win
"December 05, 2020",Jamahal Hill,Ovince Saint Preux,win
"December 05, 2020",Gabriel Benitez,Justin Jaynes,win
"December 05, 2020",Roman Dolidze,John Allan,win
"December 05, 2020",Jordan Leavitt,Matt Wiman,win
"December 05, 2020",Louis Smolka,Jose Quinonez,win
"December 05, 2020",Ilia Topuria,Damon Jackson,win
"December 05, 2020",Jake Collier,Gian Villante,win
"November 28, 2020",Anthony Smith,Devin Clark,win
"November 28, 2020",Miguel Baeza,Takashi Sato,win
"November 28, 2020",Parker Porter,Josh Parisian,win
"November 28, 2020",Bill Algeo,Spike Carlyle,win
"November 28, 2020",Norma Dumont,Ashlee Evans-Smith,win
"November 28, 2020",Jonathan Pearce,Kai Kamaka III,win
"November 28, 2020",Anderson Dos Santos,Martin Day,win
"November 28, 2020",Gina Mazany,Rachael Ostovich,win
"November 28, 2020",Sumudaerji,Malcolm Gordon,win
"November 28, 2020",Nate Maness,Luke Sanders,win
"November 21, 2020",Deiveson Figueiredo,Alex Perez,win
"November 21, 2020",Valentina Shevchenko,Jennifer Maia,win
"November 21, 2020",Tim Means,Mike Perry,win
"November 21, 2020",Katlyn Cerminara,Cynthia Calvillo,win
"November 21, 2020",Paul Craig,Mauricio Rua,win
"November 21, 2020",Brandon Moreno,Brandon Royval,win
"November 21, 2020",Joaquin Buckley,Jordan Wright,win
"November 21, 2020",Antonina Shevchenko,Ariane da Silva,win
"November 21, 2020",Nicolas Dalby,Daniel Rodriguez,win
"November 21, 2020",Alan Jouban,Jared Gooden,win
"November 21, 2020",Kyle Daukaus,Dustin Stoltzfus,win
"November 21, 2020",Sasha Palatnikov,Louis Cosce,win
"November 14, 2020",Rafael Dos Anjos,Paul Felder,win
"November 14, 2020",Khaos Williams,Abdul Razak Alhassan,win
"November 14, 2020",Ashley Yoder,Miranda Granger,win
"November 14, 2020",Sean Strickland,Brendan Allen,win
"November 14, 2020",Cory McKenna,Kay Hansen,win
"November 14, 2020",Kanako Murata,Randa Markos,win
"November 14, 2020",Tony Gravely,Geraldo de Freitas,win
"November 14, 2020",Alex Morono,Rhys McKee,win
"November 14, 2020",Don'Tale Mayes,Roque Martinez,win
"November 07, 2020",Glover Teixeira,Thiago Santos,win
"November 07, 2020",Andrei Arlovski,Tanner Boser,win
"November 07, 2020",Raoni Barcelos,Khalid Taha,win
"November 07, 2020",Giga Chikadze,Jamey Simmons,win
"November 07, 2020",Yan Xiaonan,Claudia Gadelha,win
"November 07, 2020",Trevin Giles,Bevon Lewis,win
"November 07, 2020",Alexandr Romanov,Marcos Rogerio de Lima,win
"November 07, 2020",Darren Elkins,Eduardo Garagorri,win
"November 07, 2020",Max Griffin,Ramiz Brahimaj,win
"November 07, 2020",Gustavo Lopez,Anthony Birchak,win
"October 31, 2020",Uriah Hall,Anderson Silva,win
"October 31, 2020",Bryce Mitchell,Andre Fili,win
"October 31, 2020",Greg Hardy,Maurice Greene,win
"October 31, 2020",Kevin Holland,Charlie Ontiveros,win
"October 31, 2020",Thiago Moises,King Green,win
"October 31, 2020",Alexander Hernandez,Chris Gruetzemacher,win
"October 31, 2020",Adrian Yanez,Victor Rodriguez,win
"October 31, 2020",Sean Strickland,Jack Marshman,win
"October 31, 2020",Jason Witt,Cole Williams,win
"October 31, 2020",Dustin Jacoby,Justin Ledet,win
"October 31, 2020",Miles Johns,Kevin Natividad,win
"October 24, 2020",Khabib Nurmagomedov,Justin Gaethje,win
"October 24, 2020",Robert Whittaker,Jared Cannonier,win
"October 24, 2020",Alexander Volkov,Walt Harris,win
"October 24, 2020",Phil Hawes,Jacob Malkoun,win
"October 24, 2020",Lauren Murphy,Liliya Shakirova,win
"October 24, 2020",Magomed Ankalaev,Ion Cutelaba,win
"October 24, 2020",Tai Tuivasa,Stefan Struve,win
"October 24, 2020",Casey Kenney,Nathaniel Wood,win
"October 24, 2020",Shavkat Rakhmonov,Alex Oliveira,win
"October 24, 2020",Da Woon Jung,Sam Alvey,draw
"October 24, 2020",Miranda Maverick,Liana Jojua,win
"October 24, 2020",Joel Alvarez,Alexander Yakovlev,win
"October 17, 2020",Brian Ortega,Chan Sung Jung,win
"October 17, 2020",Jessica Andrade,Katlyn Cerminara,win
"October 17, 2020",Jimmy Crute,Modestas Bukauskas,win
"October 17, 2020",James Krause,Claudio Silva,win
"October 17, 2020",Jonathan Martinez,Thomas Almeida,win
"October 17, 2020",Guram Kutateladze,Mateusz Gamrot,win
"October 17, 2020",Gillian Robertson,Poliana Botelho,win
"October 17, 2020",JunYong Park,John Phillips,win
"October 17, 2020",Fares Ziam,Jamie Mullarkey,win
"October 17, 2020",Maxim Grishin,Gadzhimurad Antigulov,win
"October 17, 2020",Said Nurmagomedov,Mark Striegl,win
"October 10, 2020",Cory Sandhagen,Marlon Moraes,win
"October 10, 2020",Edson Barboza,Makwan Amirkhani,win
"October 10, 2020",Marcin Tybura,Ben Rothwell,win
"October 10, 2020",Dricus Du Plessis,Markus Perez,win
"October 10, 2020",Tom Aspinall,Alan Baudot,win
"October 10, 2020",Ilia Topuria,Youssef Zalal,win
"October 10, 2020",Tom Breese,KB Bhullar,win
"October 10, 2020",Chris Daukaus,Rodrigo Nascimento,win
"October 10, 2020",Joaquin Buckley,Impa Kasanganay,win
"October 10, 2020",Tony Kelley,Ali AlQaisi,win
"October 10, 2020",Giga Chikadze,Omar Morales,win
"October 10, 2020",Tracy Cortez,Stephanie Egger,win
"October 10, 2020",Tagir Ulanbekov,Bruno Silva,win
"October 03, 2020",Holly Holm,Irene Aldana,win
"October 03, 2020",Carlos Felipe,Yorgan De Castro,win
"October 03, 2020",Germaine de Randamie,Julianna Pena,win
"October 03, 2020",Kyler Phillips,Cameron Else,win
"October 03, 2020",Dusko Todorovic,Dequan Townsend,win
"October 03, 2020",Carlos Condit,Court McGee,win
"October 03, 2020",Charles Jourdain,Josh Culibao,draw
"October 03, 2020",Nassourdine Imavov,Jordan Williams,win
"October 03, 2020",Loma Lookboonmee,Jinh Yu Frey,win
"October 03, 2020",Casey Kenney,Alatengheili,win
"October 03, 2020",Luigi Vendramini,Jessin Ayari,win
"September 26, 2020",Israel Adesanya,Paulo Costa,win
"September 26, 2020",Jan Blachowicz,Dominick Reyes,win
"September 26, 2020",Brandon Royval,Kai Kara-France,win
"September 26, 2020",Ketlen Vieira,Sijara Eubanks,win
"September 26, 2020",Hakeem Dawodu,Zubaira Tukhugov,win
"September 26, 2020",Brad Riddell,Alex Da Silva,win
"September 26, 2020",Jake Matthews,Diego Sanchez,win
"September 26, 2020",Ludovit Klein,Shane Young,win
"September 26, 2020",William Knight,Aleksa Camur,win
"September 26, 2020",Juan Espino,Jeff Hughes,win
"September 26, 2020",Danilo Marques,Khadis Ibragimov,win
"September 19, 2020",Colby Covington,Tyron Woodley,win
"September 19, 2020",Donald Cerrone,Niko Price,nc
"September 19, 2020",Khamzat Chimaev,Gerald Meerschaert,win
"September 19, 2020",Johnny Walker,Ryan Spann,win
"September 19, 2020",Mackenzie Dern,Randa Markos,win
"September 19, 2020",Kevin Holland,Darren Stewart,win
"September 19, 2020",David Dvorak,Jordan Espinosa,win
"September 19, 2020",Damon Jackson,Mirsad Bektic,win
"September 19, 2020",Mayra Bueno Silva,Mara Romero Borella,win
"September 19, 2020",Jessica-Rose Clark,Sarah Alpar,win
"September 19, 2020",Darrick Minner,TJ Laramie,win
"September 19, 2020",Randy Costa,Journey Newson,win
"September 19, 2020",Andre Ewell,Irwin Rivera,win
"September 19, 2020",Tyson Nam,Jerome Rivera,win
"September 12, 2020",Michelle Waterson-Gomez,Angela Hill,win
"September 12, 2020",Ottman Azaitar,Khama Worthy,win
"September 12, 2020",Roxanne Modafferi,Andrea Lee,win
"September 12, 2020",Ed Herman,Mike Rodriguez,win
"September 12, 2020",King Green,Alan Patrick,win
"September 12, 2020",Billy Quarantillo,Kyle Nelson,win
"September 12, 2020",Sijara Eubanks,Julia Avila,win
"September 12, 2020",Roosevelt Roberts,Kevin Croom,nc
"September 12, 2020",Alexandr Romanov,Roque Martinez,win
"September 12, 2020",Jalin Turner,Brok Weaver,win
"September 12, 2020",Bryan Barberena,Anthony Ivy,win
"September 12, 2020",Sabina Mazo,Justine Kish,win
"September 05, 2020",Alistair Overeem,Augusto Sakai,win
"September 05, 2020",Ovince Saint Preux,Alonzo Menifield,win
"September 05, 2020",Michel Pereira,Zelim Imadaev,win
"September 05, 2020",Andre Muniz,Bartosz Fabinski,win
"September 05, 2020",Brian Kelleher,Ray Rodriguez,win
"September 05, 2020",Viviane Araujo,Montana De La Rosa,win
"September 05, 2020",Hunter Azure,Cole Smith,win
"August 29, 2020",Aleksandar Rakic,Anthony Smith,win
"August 29, 2020",Neil Magny,Robbie Lawler,win
"August 29, 2020",Alexa Grasso,Ji Yeon Kim,win
"August 29, 2020",Ricardo Lamas,Bill Algeo,win
"August 29, 2020",Impa Kasanganay,Maki Pitolo,win
"August 29, 2020",Zak Cummings,Alessio Di Chirico,win
"August 29, 2020",Alex Caceres,Austin Springer,win
"August 29, 2020",Sean Brady,Christian Aguilera,win
"August 29, 2020",Polyana Viana,Emily Whitmire,win
"August 29, 2020",Mallory Martin,Hannah Cifers,win
"August 22, 2020",Frankie Edgar,Pedro Munhoz,win
"August 22, 2020",Mike Rodriguez,Marcin Prachnio,win
"August 22, 2020",Joe Solecki,Austin Hubbard,win
"August 22, 2020",Shana Dobson,Mariya Agapova,win
"August 22, 2020",Daniel Rodriguez,Dwight Grant,win
"August 22, 2020",Amanda Lemos,Mizuki,win
"August 22, 2020",Jordan Wright,Ike Villanueva,win
"August 22, 2020",Matthew Semelsberger,Carlton Minus,win
"August 22, 2020",Timur Valiev,Trevin Jones,nc
"August 15, 2020",Stipe Miocic,Daniel Cormier,win
"August 15, 2020",Marlon Vera,Sean O'Malley,win
"August 15, 2020",Jairzinho Rozenstruik,Junior Dos Santos,win
"August 15, 2020",Daniel Pineda,Herbert Burns,win
"August 15, 2020",Merab Dvalishvili,John Dodson,win
"August 15, 2020",Vinc Pichel,Jim Miller,win
"August 15, 2020",Virna Jandiroba,Felice Herrig,win
"August 15, 2020",Danny Chavez,TJ Brown,win
"August 15, 2020",Livinha Souza,Ashley Yoder,win
"August 15, 2020",Chris Daukaus,Parker Porter,win
"August 15, 2020",Kai Kamaka III,Tony Kelley,win
"August 08, 2020",Derrick Lewis,Aleksei Oleinik,win
"August 08, 2020",Chris Weidman,Omari Akhmedov,win
"August 08, 2020",Darren Stewart,Maki Pitolo,win
"August 08, 2020",Yana Santos,Julija Stoliarenko,win
"August 08, 2020",Beneil Dariush,Scott Holtzman,win
"August 08, 2020",Tim Means,Laureano Staropoli,win
"August 08, 2020",Kevin Holland,Joaquin Buckley,win
"August 08, 2020",Nasrat Haqparast,Alexander Munoz,win
"August 08, 2020",Andrew Sanchez,Wellington Turman,win
"August 08, 2020",Gavin Tucker,Justin Jaynes,win
"August 08, 2020",Youssef Zalal,Peter Barrett,win
"August 08, 2020",Irwin Rivera,Ali AlQaisi,win
"August 01, 2020",Derek Brunson,Edmen Shahbazyan,win
"August 01, 2020",Jennifer Maia,Joanne Wood,win
"August 01, 2020",Vicente Luque,Randy Brown,win
"August 01, 2020",King Green,Lando Vannata,win
"August 01, 2020",Jonathan Martinez,Frankie Saenz,win
"August 01, 2020",Nate Maness,Johnny Munoz,win
"August 01, 2020",Jamall Emmers,Vince Cachero,win
"August 01, 2020",Chris Gutierrez,Cody Durden,draw
"July 25, 2020",Robert Whittaker,Darren Till,win
"July 25, 2020",Mauricio Rua,Rogerio Nogueira,win
"July 25, 2020",Fabricio Werdum,Alexander Gustafsson,win
"July 25, 2020",Carla Esparza,Marina Rodriguez,win
"July 25, 2020",Paul Craig,Gadzhimurad Antigulov,win
"July 25, 2020",Alex Oliveira,Peter Sobotta,win
"July 25, 2020",Khamzat Chimaev,Rhys McKee,win
"July 25, 2020",Francisco Trinaldo,Jai Herbert,win
"July 25, 2020",Nicolas Dalby,Jesse Ronson,nc
"July 25, 2020",Tom Aspinall,Jake Collier,win
"July 25, 2020",Movsar Evloev,Mike Grundy,win
"July 25, 2020",Tanner Boser,Raphael Pessoa,win
"July 25, 2020",Pannie Kianzad,Bethe Correia,win
"July 25, 2020",Ramazan Emeev,Niklas Stolze,win
"July 25, 2020",Nathaniel Wood,John Castaneda,win
"July 18, 2020",Deiveson Figueiredo,Joseph Benavidez,win
"July 18, 2020",Jack Hermansson,Kelvin Gastelum,win
"July 18, 2020",Rafael Fiziev,Marc Diakiese,win
"July 18, 2020",Ariane da Silva,Luana Carolina,win
"July 18, 2020",Askar Askarov,Alexandre Pantoja,win
"July 18, 2020",Roman Dolidze,Khadis Ibragimov,win
"July 18, 2020",Grant Dawson,Nad Narimani,win
"July 18, 2020",Joel Alvarez,Joe Duffy,win
"July 18, 2020",Brett Johns,Montel Jackson,win
"July 18, 2020",Amir Albazi,Malcolm Gordon,win
"July 18, 2020",Arman Tsarukyan,Davi Ramos,win
"July 18, 2020",Serghei Spivac,Carlos Felipe,win
"July 15, 2020",Calvin Kattar,Dan Ige,win
"July 15, 2020",Tim Elliott,Ryan Benoit,win
"July 15, 2020",Jimmie Rivera,Cody Stamann,win
"July 15, 2020",Taila Santos,Molly McCann,win
"July 15, 2020",Mounir Lazzez,Abdul Razak Alhassan,win
"July 15, 2020",Khamzat Chimaev,John Phillips,win
"July 15, 2020",Lerone Murphy,Ricardo Ramos,win
"July 15, 2020",Modestas Bukauskas,Andreas Michailidis,win
"July 15, 2020",Jared Gordon,Chris Fishgold,win
"July 15, 2020",Liana Jojua,Diana Belbita,win
"July 15, 2020",Jack Shore,Aaron Phillips,win
"July 11, 2020",Kamaru Usman,Jorge Masvidal,win
"July 11, 2020",Alexander Volkanovski,Max Holloway,win
"July 11, 2020",Petr Yan,Jose Aldo,win
"July 11, 2020",Rose Namajunas,Jessica Andrade,win
"July 11, 2020",Amanda Ribas,Paige VanZant,win
"July 11, 2020",Jiri Prochazka,Volkan Oezdemir,win
"July 11, 2020",Muslim Salikhov,Elizeu Zaleski dos Santos,win
"July 11, 2020",Makwan Amirkhani,Danny Henry,win
"July 11, 2020",Leonardo Santos,Roman Bogatov,win
"July 11, 2020",Marcin Tybura,Maxim Grishin,win
"July 11, 2020",Raulian Paiva,Zhalgas Zhumagulov,win
"July 11, 2020",Karol Rosa,Vanessa Melo,win
"July 11, 2020",Davey Grant,Martin Day,win
"June 27, 2020",Dustin Poirier,Dan Hooker,win
"June 27, 2020",Mike Perry,Mickey Gall,win
"June 27, 2020",Maurice Greene,Gian Villante,win
"June 27, 2020",Brendan Allen,Kyle Daukaus,win
"June 27, 2020",Takashi Sato,Jason Witt,win
"June 27, 2020",Julian Erosa,Sean Woodson,win
"June 27, 2020",Khama Worthy,Luis Pena,win
"June 27, 2020",Tanner Boser,Philipe Lins,win
"June 27, 2020",Kay Hansen,Jinh Yu Frey,win
"June 27, 2020",Youssef Zalal,Jordan Griffin,win
"June 20, 2020",Curtis Blaydes,Alexander Volkov,win
"June 20, 2020",Josh Emmett,Shane Burgos,win
"June 20, 2020",Raquel Pennington,Marion Reneau,win
"June 20, 2020",Belal Muhammad,Lyman Good,win
"June 20, 2020",Jim Miller,Roosevelt Roberts,win
"June 20, 2020",King Green,Clay Guida,win
"June 20, 2020",Tecia Pennington,Brianna Fortino,win
"June 20, 2020",Marc-Andre Barriault,Oskar Piechota,nc
"June 20, 2020",Gillian Robertson,Cortney Casey,win
"June 20, 2020",Justin Jaynes,Frank Camacho,win
"June 20, 2020",Lauren Murphy,Roxanne Modafferi,win
"June 20, 2020",Austin Hubbard,Max Rohskopf,win
"June 13, 2020",Cynthia Calvillo,Jessica Eye,win
"June 13, 2020",Marvin Vettori,Karl Roberson,win
"June 13, 2020",Charles Rosa,Kevin Aguilar,win
"June 13, 2020",Andre Fili,Charles Jourdain,win
"June 13, 2020",Jordan Espinosa,Mark De La Rosa,win
"June 13, 2020",Mariya Agapova,Hannah Cifers,win
"June 13, 2020",Merab Dvalishvili,Gustavo Lopez,win
"June 13, 2020",Julia Avila,Gina Mazany,win
"June 13, 2020",Tyson Nam,Zarrukh Adashev,win
"June 13, 2020",Christian Aguilera,Anthony Ivy,win
"June 06, 2020",Amanda Nunes,Felicia Spencer,win
"June 06, 2020",Cody Garbrandt,Raphael Assuncao,win
"June 06, 2020",Aljamain Sterling,Cory Sandhagen,win
"June 06, 2020",Neil Magny,Anthony Rocco Martin,win
"June 06, 2020",Sean O'Malley,Eddie Wineland,win
"June 06, 2020",Alex Caceres,Chase Hooper,win
"June 06, 2020",Ian Heinisch,Gerald Meerschaert,win
"June 06, 2020",Cody Stamann,Brian Kelleher,win
"June 06, 2020",Maki Pitolo,Charles Byrd,win
"June 06, 2020",Alex Perez,Jussier Formiga,win
"June 06, 2020",Devin Clark,Alonzo Menifield,win
"June 06, 2020",Herbert Burns,Evan Dunham,win
"May 30, 2020",Gilbert Burns,Tyron Woodley,win
"May 30, 2020",Augusto Sakai,Blagoy Ivanov,win
"May 30, 2020",Billy Quarantillo,Spike Carlyle,win
"May 30, 2020",Roosevelt Roberts,Brok Weaver,win
"May 30, 2020",Mackenzie Dern,Hannah Cifers,win
"May 30, 2020",Katlyn Cerminara,Antonina Shevchenko,win
"May 30, 2020",Daniel Rodriguez,Gabe Green,win
"May 30, 2020",Jamahal Hill,Klidson Abreu,nc
"May 30, 2020",Brandon Royval,Tim Elliott,win
"May 30, 2020",Casey Kenney,Louis Smolka,win
"May 30, 2020",Chris Gutierrez,Vince Morales,win
"May 16, 2020",Alistair Overeem,Walt Harris,win
"May 16, 2020",Claudia Gadelha,Angela Hill,win
"May 16, 2020",Dan Ige,Edson Barboza,win
"May 16, 2020",Krzysztof Jotko,Eryk Anders,win
"May 16, 2020",Song Yadong,Marlon Vera,win
"May 16, 2020",Miguel Baeza,Matt Brown,win
"May 16, 2020",Kevin Holland,Anthony Hernandez,win
"May 16, 2020",Giga Chikadze,Irwin Rivera,win
"May 16, 2020",Nate Landwehr,Darren Elkins,win
"May 16, 2020",Cortney Casey,Mara Romero Borella,win
"May 16, 2020",Rodrigo Nascimento,Don'Tale Mayes,win
"May 13, 2020",Glover Teixeira,Anthony Smith,win
"May 13, 2020",Ben Rothwell,Ovince Saint Preux,win
"May 13, 2020",Drew Dober,Alexander Hernandez,win
"May 13, 2020",Ricky Simon,Ray Borg,win
"May 13, 2020",Andrei Arlovski,Philipe Lins,win
"May 13, 2020",Thiago Moises,Michael Johnson,win
"May 13, 2020",Sijara Eubanks,Sarah Moras,win
"May 13, 2020",Omar Morales,Gabriel Benitez,win
"May 13, 2020",Brian Kelleher,Hunter Azure,win
"May 13, 2020",Chase Sherman,Ike Villanueva,win
"May 09, 2020",Justin Gaethje,Tony Ferguson,win
"May 09, 2020",Henry Cejudo,Dominick Cruz,win
"May 09, 2020",Francis Ngannou,Jairzinho Rozenstruik,win
"May 09, 2020",Calvin Kattar,Jeremy Stephens,win
"May 09, 2020",Greg Hardy,Yorgan De Castro,win
"May 09, 2020",Anthony Pettis,Donald Cerrone,win
"May 09, 2020",Aleksei Oleinik,Fabricio Werdum,win
"May 09, 2020",Carla Esparza,Michelle Waterson-Gomez,win
"May 09, 2020",Vicente Luque,Niko Price,win
"May 09, 2020",Bryce Mitchell,Charles Rosa,win
"May 09, 2020",Ryan Spann,Sam Alvey,win
"March 14, 2020",Charles Oliveira,Kevin Lee,win
"March 14, 2020",Gilbert Burns,Demian Maia,win
"March 14, 2020",Renato Moicano,Damir Hadzovic,win
"March 14, 2020",Nikita Krylov,Johnny Walker,win
"March 14, 2020",Francisco Trinaldo,John Makdessi,win
"March 14, 2020",Brandon Moreno,Jussier Formiga,win
"March 14, 2020",Amanda Ribas,Randa Markos,win
"March 14, 2020",Elizeu Zaleski dos Santos,Aleksei Kunchenko,win
"March 14, 2020",Rani Yahya,Enrique Barzola,draw
"March 14, 2020",Maryna Moroz,Mayra Bueno Silva,win
"March 14, 2020",David Dvorak,Bruno Silva,win
"March 14, 2020",Bea Malecki,Veronica Hardy,win
"March 07, 2020",Israel Adesanya,Yoel Romero,win
"March 07, 2020",Zhang Weili,Joanna Jedrzejczyk,win
"March 07, 2020",Beneil Dariush,Drakkar Klose,win
"March 07, 2020",Neil Magny,Li Jingliang,win
"March 07, 2020",Alex Oliveira,Max Griffin,win
"March 07, 2020",Sean O'Malley,Jose Quinonez,win
"March 07, 2020",Mark Madsen,Austin Hubbard,win
"March 07, 2020",Rodolfo Vieira,Saparbeg Safarov,win
"March 07, 2020",Gerald Meerschaert,Deron Winn,win
"March 07, 2020",Giga Chikadze,Jamall Emmers,win
"March 07, 2020",Batgerel Danaa,Guido Cannetti,win
"February 29, 2020",Deiveson Figueiredo,Joseph Benavidez,win
"February 29, 2020",Felicia Spencer,Zarah Fairn,win
"February 29, 2020",Magomed Ankalaev,Ion Cutelaba,win
"February 29, 2020",Megan Anderson,Norma Dumont,win
"February 29, 2020",Grant Dawson,Darrick Minner,win
"February 29, 2020",Kyler Phillips,Gabriel Silva,win
"February 29, 2020",Brendan Allen,Tom Breese,win
"February 29, 2020",Marcin Tybura,Serghei Spivac,win
"February 29, 2020",Luis Pena,Steve Garcia,win
"February 29, 2020",Jordan Griffin,TJ Brown,win
"February 29, 2020",Spike Carlyle,Aalon Cruz,win
"February 29, 2020",Sean Brady,Ismail Naurdiev,win
"February 22, 2020",Dan Hooker,Paul Felder,win
"February 22, 2020",Jimmy Crute,Michal Oleksiejczuk,win
"February 22, 2020",Yan Xiaonan,Karolina Kowalkiewicz,win
"February 22, 2020",Marcos Rogerio de Lima,Ben Sosoli,win
"February 22, 2020",Brad Riddell,Magomed Mustafaev,win
"February 22, 2020",Zubaira Tukhugov,Kevin Aguilar,win
"February 22, 2020",Jalin Turner,Josh Culibao,win
"February 22, 2020",Jake Matthews,Emil Meek,win
"February 22, 2020",Song Kenan,Callan Potter,win
"February 22, 2020",Kai Kara-France,Tyson Nam,win
"February 22, 2020",Angela Hill,Loma Lookboonmee,win
"February 22, 2020",Priscila Cachoeira,Shana Dobson,win
"February 15, 2020",Jan Blachowicz,Corey Anderson,win
"February 15, 2020",Diego Sanchez,Michel Pereira,win
"February 15, 2020",Montana De La Rosa,Mara Romero Borella,win
"February 15, 2020",Brok Weaver,Kazula Vargas,win
"February 15, 2020",Ray Borg,Rogerio Bontorin,win
"February 15, 2020",Lando Vannata,Yancy Medeiros,win
"February 15, 2020",Daniel Rodriguez,Tim Means,win
"February 15, 2020",John Dodson,Nathaniel Wood,win
"February 15, 2020",Scott Holtzman,Jim Miller,win
"February 15, 2020",Devin Clark,Dequan Townsend,win
"February 15, 2020",Merab Dvalishvili,Casey Kenney,win
"February 15, 2020",Macy Chiasson,Shanna Young,win
"February 15, 2020",Raulian Paiva,Mark De La Rosa,win
"February 08, 2020",Jon Jones,Dominick Reyes,win
"February 08, 2020",Valentina Shevchenko,Katlyn Cerminara,win
"February 08, 2020",Justin Tafa,Juan Adams,win
"February 08, 2020",Dan Ige,Mirsad Bektic,win
"February 08, 2020",Derrick Lewis,Ilir Latifi,win
"February 08, 2020",Trevin Giles,James Krause,win
"February 08, 2020",Lauren Murphy,Andrea Lee,win
"February 08, 2020",Khaos Williams,Alex Morono,win
"February 08, 2020",Mario Bautista,Miles Johns,win
"February 08, 2020",Domingo Pilarte,Journey Newson,nc
"February 08, 2020",Andre Ewell,Jonathan Martinez,win
"February 08, 2020",Youssef Zalal,Austin Lingo,win
"January 25, 2020",Curtis Blaydes,Junior Dos Santos,win
"January 25, 2020",Michael Chiesa,Rafael Dos Anjos,win
"January 25, 2020",Alex Perez,Jordan Espinosa,win
"January 25, 2020",Angela Hill,Hannah Cifers,win
"January 25, 2020",Jamahal Hill,Darko Stosic,win
"January 25, 2020",Bevon Lewis,Dequan Townsend,win
"January 25, 2020",Arnold Allen,Nik Lentz,win
"January 25, 2020",Justine Kish,Lucie Pudilova,win
"January 25, 2020",Montel Jackson,Felipe Colares,win
"January 25, 2020",Sara McMann,Lina Lansberg,win
"January 25, 2020",Brett Johns,Tony Gravely,win
"January 25, 2020",Herbert Burns,Nate Landwehr,win
"January 18, 2020",Conor McGregor,Donald Cerrone,win
"January 18, 2020",Holly Holm,Raquel Pennington,win
"January 18, 2020",Aleksei Oleinik,Maurice Greene,win
"January 18, 2020",Brian Kelleher,Ode Osbourne,win
"January 18, 2020",Diego Ferreira,Anthony Pettis,win
"January 18, 2020",Roxanne Modafferi,Maycee Barber,win
"January 18, 2020",Sodiq Yusuff,Andre Fili,win
"January 18, 2020",Askar Askarov,Tim Elliott,win
"January 18, 2020",Drew Dober,Nasrat Haqparast,win
"January 18, 2020",Aleksa Camur,Justin Ledet,win
"January 18, 2020",Sabina Mazo,JJ Aldrich,win
"December 21, 2019",Chan Sung Jung,Frankie Edgar,win
"December 21, 2019",Volkan Oezdemir,Aleksandar Rakic,win
"December 21, 2019",Charles Jourdain,Dooho Choi,win
"December 21, 2019",Da Woon Jung,Mike Rodriguez,win
"December 21, 2019",JunYong Park,Marc-Andre Barriault,win
"December 21, 2019",Kyung Ho Kang,Pingyuan Liu,win
"December 21, 2019",Ciryl Gane,Tanner Boser,win
"December 21, 2019",SeungWoo Choi,Suman Mokhtarian,win
"December 21, 2019",Omar Morales,Dong Hyun Ma,win
"December 21, 2019",Alexandre Pantoja,Matt Schnell,win
"December 21, 2019",Raoni Barcelos,Said Nurmagomedov,win
"December 21, 2019",Amanda Lemos,Miranda Granger,win
"December 21, 2019",Alatengheili,Ryan Benoit,win
"December 14, 2019",Kamaru Usman,Colby Covington,win
"December 14, 2019",Alexander Volkanovski,Max Holloway,win
"December 14, 2019",Amanda Nunes,Germaine de Randamie,win
"December 14, 2019",Marlon Moraes,Jose Aldo,win
"December 14, 2019",Petr Yan,Urijah Faber,win
"December 14, 2019",Geoff Neal,Mike Perry,win
"December 14, 2019",Irene Aldana,Ketlen Vieira,win
"December 14, 2019",Omari Akhmedov,Ian Heinisch,win
"December 14, 2019",Matt Brown,Ben Saunders,win
"December 14, 2019",Chase Hooper,Daniel Teymur,win
"December 14, 2019",Brandon Moreno,Kai Kara-France,win
"December 14, 2019",Jessica Eye,Viviane Araujo,win
"December 14, 2019",Punahele Soriano,Oskar Piechota,win
"December 07, 2019",Jairzinho Rozenstruik,Alistair Overeem,win
"December 07, 2019",Marina Rodriguez,Cynthia Calvillo,draw
"December 07, 2019",Ben Rothwell,Stefan Struve,win
"December 07, 2019",Aspen Ladd,Yana Santos,win
"December 07, 2019",Cody Stamann,Song Yadong,draw
"December 07, 2019",Rob Font,Ricky Simon,win
"December 07, 2019",Tim Means,Thiago Alves,win
"December 07, 2019",Billy Quarantillo,Jacob Kilburn,win
"December 07, 2019",Bryce Mitchell,Matt Sayles,win
"December 07, 2019",Joe Solecki,Matt Wiman,win
"December 07, 2019",Virna Jandiroba,Mallory Martin,win
"December 07, 2019",Makhmud Muradov,Trevor Smith,win
"November 16, 2019",Jan Blachowicz,Jacare Souza,win
"November 16, 2019",Mauricio Rua,Paul Craig,draw
"November 16, 2019",Charles Oliveira,Jared Gordon,win
"November 16, 2019",Andre Muniz,Antonio Arroyo,win
"November 16, 2019",Wellington Turman,Markus Perez,win
"November 16, 2019",James Krause,Sergio Moraes,win
"November 16, 2019",Ricardo Ramos,Eduardo Garagorri,win
"November 16, 2019",Francisco Trinaldo,King Green,win
"November 16, 2019",Randy Brown,Warlley Alves,win
"November 16, 2019",Douglas Silva de Andrade,Renan Barao,win
"November 16, 2019",Ariane da Silva,Isabela de Padua,win
"November 16, 2019",Tracy Cortez,Vanessa Melo,win
"November 09, 2019",Zabit Magomedsharipov,Calvin Kattar,win
"November 09, 2019",Alexander Volkov,Greg Hardy,win
"November 09, 2019",Danny Roberts,Zelim Imadaev,win
"November 09, 2019",Ed Herman,Khadis Ibragimov,win
"November 09, 2019",Anthony Rocco Martin,Ramazan Emeev,win
"November 09, 2019",Shamil Gamzatov,Klidson Abreu,win
"November 09, 2019",Magomed Ankalaev,Dalcha Lungiambula,win
"November 09, 2019",Rustam Khabilov,Sergey Khandozhko,win
"November 09, 2019",Karl Roberson,Roman Kopylov,win
"November 09, 2019",David Zawada,Abubakar Nurmagomedov,win
"November 09, 2019",Roosevelt Roberts,Alexander Yakovlev,win
"November 09, 2019",Pannie Kianzad,Jessica-Rose Clark,win
"November 09, 2019",Davey Grant,Grigory Popov,win
"November 02, 2019",Jorge Masvidal,Nate Diaz,win
"November 02, 2019",Darren Till,Kelvin Gastelum,win
"November 02, 2019",Stephen Thompson,Vicente Luque,win
"November 02, 2019",Derrick Lewis,Blagoy Ivanov,win
"November 02, 2019",Kevin Lee,Gregor Gillespie,win
"November 02, 2019",Corey Anderson,Johnny Walker,win
"November 02, 2019",Shane Burgos,Makwan Amirkhani,win
"November 02, 2019",Edmen Shahbazyan,Brad Tavares,win
"November 02, 2019",Jairzinho Rozenstruik,Andrei Arlovski,win
"November 02, 2019",Katlyn Cerminara,Jennifer Maia,win
"November 02, 2019",Lyman Good,Chance Rencountre,win
"November 02, 2019",Hakeem Dawodu,Julio Arce,win
"October 26, 2019",Demian Maia,Ben Askren,win
"October 26, 2019",Stevie Ray,Michael Johnson,win
"October 26, 2019",Beneil Dariush,Frank Camacho,win
"October 26, 2019",Ciryl Gane,Don'Tale Mayes,win
"October 26, 2019",Muslim Salikhov,Laureano Staropoli,win
"October 26, 2019",Randa Markos,Ashley Yoder,win
"October 26, 2019",Rafael Fiziev,Alex White,win
"October 26, 2019",Movsar Evloev,Enrique Barzola,win
"October 26, 2019",Sergei Pavlovich,Maurice Greene,win
"October 26, 2019",Loma Lookboonmee,Aleksandra Albu,win
"October 26, 2019",Raphael Pessoa,Jeff Hughes,win
"October 18, 2019",Dominick Reyes,Chris Weidman,win
"October 18, 2019",Yair Rodriguez,Jeremy Stephens,win
"October 18, 2019",Greg Hardy,Ben Sosoli,nc
"October 18, 2019",Joe Lauzon,Jonathan Pearce,win
"October 18, 2019",Maycee Barber,Gillian Robertson,win
"October 18, 2019",Darren Stewart,Deron Winn,win
"October 18, 2019",Charles Rosa,Manny Bermudez,win
"October 18, 2019",Molly McCann,Diana Belbita,win
"October 18, 2019",Sean Woodson,Kyle Bochniak,win
"October 18, 2019",Randy Costa,Boston Salmon,win
"October 18, 2019",Sean Brady,Court McGee,win
"October 18, 2019",Brendan Allen,Kevin Holland,win
"October 18, 2019",Tanner Boser,Daniel Spitz,win
"October 12, 2019",Joanna Jedrzejczyk,Michelle Waterson-Gomez,win
"October 12, 2019",Cub Swanson,Kron Gracie,win
"October 12, 2019",Niko Price,James Vick,win
"October 12, 2019",Amanda Ribas,Mackenzie Dern,win
"October 12, 2019",Matt Frevola,Luis Pena,win
"October 12, 2019",Eryk Anders,Gerald Meerschaert,win
"October 12, 2019",Ryan Spann,Devin Clark,win
"October 12, 2019",Mike Davis,Thomas Gifford,win
"October 12, 2019",Alex Morono,Max Griffin,win
"October 12, 2019",Deiveson Figueiredo,Tim Elliott,win
"October 12, 2019",Marlon Vera,Andre Ewell,win
"October 12, 2019",Miguel Baeza,Hector Aldana,win
"October 12, 2019",Marvin Vettori,Andrew Sanchez,win
"October 12, 2019",JJ Aldrich,Lauren Mueller,win
"October 05, 2019",Israel Adesanya,Robert Whittaker,win
"October 05, 2019",Dan Hooker,Al Iaquinta,win
"October 05, 2019",Serghei Spivac,Tai Tuivasa,win
"October 05, 2019",Dhiego Lima,Luke Jumeau,win
"October 05, 2019",Yorgan De Castro,Justin Tafa,win
"October 05, 2019",Jake Matthews,Rostem Akman,win
"October 05, 2019",Callan Potter,Maki Pitolo,win
"October 05, 2019",Brad Riddell,Jamie Mullarkey,win
"October 05, 2019",Megan Anderson,Zarah Fairn,win
"October 05, 2019",Ji Yeon Kim,Nadia Kassem,win
"October 05, 2019",Khalid Taha,Bruno Silva,nc
"September 28, 2019",Jared Cannonier,Jack Hermansson,win
"September 28, 2019",Mark Madsen,Danilo Belluardo,win
"September 28, 2019",Gilbert Burns,Gunnar Nelson,win
"September 28, 2019",Ion Cutelaba,Khalil Rountree Jr.,win
"September 28, 2019",Ovince Saint Preux,Michal Oleksiejczuk,win
"September 28, 2019",Nicolas Dalby,Alex Oliveira,win
"September 28, 2019",John Phillips,Alen Amedovski,win
"September 28, 2019",Makhmud Muradov,Alessio Di Chirico,win
"September 28, 2019",Ismail Naurdiev,Siyar Bahadurzada,win
"September 28, 2019",Giga Chikadze,Brandon Davis,win
"September 28, 2019",Lina Lansberg,Macy Chiasson,win
"September 28, 2019",Marc Diakiese,Lando Vannata,win
"September 28, 2019",Jack Shore,Nohelin Hernandez,win
"September 21, 2019",Yair Rodriguez,Jeremy Stephens,nc
"September 21, 2019",Carla Esparza,Alexa Grasso,win
"September 21, 2019",Brandon Moreno,Askar Askarov,draw
"September 21, 2019",Irene Aldana,Vanessa Melo,win
"September 21, 2019",Steven Peterson,Martin Bravo,win
"September 21, 2019",Jose Quinonez,Carlos Huachin,win
"September 21, 2019",Kyle Nelson,Marco Polo Reyes,win
"September 21, 2019",Angela Hill,Ariane Carnelossi,win
"September 21, 2019",Sergio Pettis,Tyson Nam,win
"September 21, 2019",Paul Craig,Vinicius Moreira,win
"September 21, 2019",Bethe Correia,Sijara Eubanks,win
"September 21, 2019",Claudio Puelles,Marcos Mariano,win
"September 14, 2019",Justin Gaethje,Donald Cerrone,win
"September 14, 2019",Glover Teixeira,Nikita Krylov,win
"September 14, 2019",Todd Duffee,Jeff Hughes,nc
"September 14, 2019",Tristan Connelly,Michel Pereira,win
"September 14, 2019",Uriah Hall,Antonio Carlos Junior,win
"September 14, 2019",Misha Cirkunov,Jimmy Crute,win
"September 14, 2019",Augusto Sakai,Marcin Tybura,win
"September 14, 2019",Miles Johns,Cole Smith,win
"September 14, 2019",Hunter Azure,Brad Katona,win
"September 14, 2019",Chas Skelly,Jordan Griffin,win
"September 14, 2019",Louis Smolka,Ryan MacDonald,win
"September 14, 2019",Austin Hubbard,Kyle Prepolec,win
"September 07, 2019",Khabib Nurmagomedov,Dustin Poirier,win
"September 07, 2019",Paul Felder,Edson Barboza,win
"September 07, 2019",Islam Makhachev,Davi Ramos,win
"September 07, 2019",Curtis Blaydes,Shamil Abdurakhimov,win
"September 07, 2019",Diego Ferreira,Mairbek Taisumov,win
"September 07, 2019",Joanne Wood,Andrea Lee,win
"September 07, 2019",Zubaira Tukhugov,Lerone Murphy,draw
"September 07, 2019",Sarah Moras,Liana Jojua,win
"September 07, 2019",Ottman Azaitar,Teemu Packalen,win
"September 07, 2019",Belal Muhammad,Takashi Sato,win
"September 07, 2019",Muslim Salikhov,Nordine Taleb,win
"September 07, 2019",Omari Akhmedov,Zak Cummings,win
"September 07, 2019",Don Madge,Fares Ziam,win
"August 31, 2019",Zhang Weili,Jessica Andrade,win
"August 31, 2019",Li Jingliang,Elizeu Zaleski dos Santos,win
"August 31, 2019",Kai Kara-France,Mark De La Rosa,win
"August 31, 2019",Song Kenan,Derrick Krantz,win
"August 31, 2019",Mizuki,Wu Yanan,win
"August 31, 2019",Anthony Hernandez,JunYong Park,win
"August 31, 2019",Sumudaerji,Andre Soukhamthath,win
"August 31, 2019",Da Woon Jung,Khadis Ibragimov,win
"August 31, 2019",Damir Ismagulov,Thiago Moises,win
"August 31, 2019",Alatengheili,Batgerel Danaa,win
"August 31, 2019",Karol Rosa,Lara Procopio,win
"August 17, 2019",Stipe Miocic,Daniel Cormier,win
"August 17, 2019",Nate Diaz,Anthony Pettis,win
"August 17, 2019",Paulo Costa,Yoel Romero,win
"August 17, 2019",Sodiq Yusuff,Gabriel Benitez,win
"August 17, 2019",Derek Brunson,Ian Heinisch,win
"August 17, 2019",Khama Worthy,Devonte Smith,win
"August 17, 2019",Cory Sandhagen,Raphael Assuncao,win
"August 17, 2019",Drakkar Klose,Christos Giagos,win
"August 17, 2019",Casey Kenney,Manny Bermudez,win
"August 17, 2019",Hannah Cifers,Jodie Esquibel,win
"August 17, 2019",Kyung Ho Kang,Brandon Davis,win
"August 17, 2019",Sabina Mazo,Shana Dobson,win
"August 10, 2019",Valentina Shevchenko,Liz Carmouche,win
"August 10, 2019",Vicente Luque,Mike Perry,win
"August 10, 2019",Eduardo Garagorri,Humberto Bandenay,win
"August 10, 2019",Volkan Oezdemir,Ilir Latifi,win
"August 10, 2019",Rodolfo Vieira,Oskar Piechota,win
"August 10, 2019",Enrique Barzola,Bobby Moffett,win
"August 10, 2019",Gilbert Burns,Aleksei Kunchenko,win
"August 10, 2019",Ciryl Gane,Raphael Pessoa,win
"August 10, 2019",Marina Rodriguez,Tecia Pennington,win
"August 10, 2019",Rogerio Bontorin,Raulian Paiva,win
"August 10, 2019",Chris Gutierrez,Geraldo de Freitas,win
"August 10, 2019",Alex Da Silva,Kazula Vargas,win
"August 10, 2019",Veronica Hardy,Polyana Viana,win
"August 03, 2019",Colby Covington,Robbie Lawler,win
"August 03, 2019",Jim Miller,Clay Guida,win
"August 03, 2019",Nasrat Haqparast,Joaquim Silva,win
"August 03, 2019",Gerald Meerschaert,Trevin Giles,win
"August 03, 2019",Scott Holtzman,Dong Hyun Ma,win
"August 03, 2019",Kennedy Nzechukwu,Darko Stosic,win
"August 03, 2019",Mickey Gall,Salim Touahri,win
"August 03, 2019",Antonina Shevchenko,Lucie Pudilova,win
"August 03, 2019",Matt Schnell,Jordan Espinosa,win
"August 03, 2019",Lauren Murphy,Mara Romero Borella,win
"August 03, 2019",Claudio Silva,Cole Williams,win
"August 03, 2019",Miranda Granger,Hannah Goldy,win
"July 27, 2019",Max Holloway,Frankie Edgar,win
"July 27, 2019",Cristiane Justino,Felicia Spencer,win
"July 27, 2019",Geoff Neal,Niko Price,win
"July 27, 2019",Arman Tsarukyan,Olivier Aubin-Mercier,win
"July 27, 2019",Krzysztof Jotko,Marc-Andre Barriault,win
"July 27, 2019",Viviane Araujo,Alexis Davis,win
"July 27, 2019",Hakeem Dawodu,Yoshinori Horie,win
"July 27, 2019",Gavin Tucker,SeungWoo Choi,win
"July 27, 2019",Deiveson Figueiredo,Alexandre Pantoja,win
"July 27, 2019",Gillian Robertson,Sarah Frota,win
"July 27, 2019",Erik Koch,Kyle Stewart,win
"July 20, 2019",Leon Edwards,Rafael Dos Anjos,win
"July 20, 2019",Walt Harris,Aleksei Oleinik,win
"July 20, 2019",Greg Hardy,Juan Adams,win
"July 20, 2019",Dan Hooker,James Vick,win
"July 20, 2019",Alexander Hernandez,Francisco Trinaldo,win
"July 20, 2019",Andrei Arlovski,Ben Rothwell,win
"July 20, 2019",Alex Caceres,Steven Peterson,win
"July 20, 2019",Raquel Pennington,Irene Aldana,win
"July 20, 2019",Klidson Abreu,Sam Alvey,win
"July 20, 2019",Jennifer Maia,Roxanne Modafferi,win
"July 20, 2019",Ray Borg,Gabriel Silva,win
"July 20, 2019",Mario Bautista,Jin Soo Son,win
"July 20, 2019",Felipe Colares,Domingo Pilarte,win
"July 13, 2019",Germaine de Randamie,Aspen Ladd,win
"July 13, 2019",Urijah Faber,Ricky Simon,win
"July 13, 2019",Josh Emmett,Mirsad Bektic,win
"July 13, 2019",Karl Roberson,Wellington Turman,win
"July 13, 2019",Marvin Vettori,Cezar Ferreira,win
"July 13, 2019",Mike Rodriguez,John Allan,nc
"July 13, 2019",Andre Fili,Sheymon Moraes,win
"July 13, 2019",Julianna Pena,Nicco Montano,win
"July 13, 2019",Ryan Hall,Darren Elkins,win
"July 13, 2019",Jonathan Martinez,Pingyuan Liu,win
"July 13, 2019",Brianna Fortino,Livinha Souza,win
"July 13, 2019",Benito Lopez,Vince Morales,win
"July 06, 2019",Jon Jones,Thiago Santos,win
"July 06, 2019",Amanda Nunes,Holly Holm,win
"July 06, 2019",Jorge Masvidal,Ben Askren,win
"July 06, 2019",Jan Blachowicz,Luke Rockhold,win
"July 06, 2019",Michael Chiesa,Diego Sanchez,win
"July 06, 2019",Arnold Allen,Gilbert Melendez,win
"July 06, 2019",Marlon Vera,Nohelin Hernandez,win
"July 06, 2019",Claudia Gadelha,Randa Markos,win
"July 06, 2019",Song Yadong,Alejandro Perez,win
"July 06, 2019",Edmen Shahbazyan,Jack Marshman,win
"July 06, 2019",Chance Rencountre,Ismail Naurdiev,win
"July 06, 2019",Julia Avila,Pannie Kianzad,win
"June 29, 2019",Francis Ngannou,Junior Dos Santos,win
"June 29, 2019",Joseph Benavidez,Jussier Formiga,win
"June 29, 2019",Demian Maia,Anthony Rocco Martin,win
"June 29, 2019",Vinc Pichel,Roosevelt Roberts,win
"June 29, 2019",Drew Dober,Marco Polo Reyes,win
"June 29, 2019",Alonzo Menifield,Paul Craig,win
"June 29, 2019",Ricardo Ramos,Journey Newson,win
"June 29, 2019",Eryk Anders,Vinicius Moreira,win
"June 29, 2019",Jared Gordon,Dan Moret,win
"June 29, 2019",Dalcha Lungiambula,Dequan Townsend,win
"June 29, 2019",Amanda Ribas,Emily Whitmire,win
"June 29, 2019",Maurice Greene,Junior Albini,win
"June 22, 2019",Chan Sung Jung,Renato Moicano,win
"June 22, 2019",Randy Brown,Bryan Barberena,win
"June 22, 2019",Andre Ewell,Anderson Dos Santos,win
"June 22, 2019",Andrea Lee,Montana De La Rosa,win
"June 22, 2019",Kevin Holland,Alessio Di Chirico,win
"June 22, 2019",Dan Ige,Kevin Aguilar,win
"June 22, 2019",Ashley Yoder,Syuri Kondo,win
"June 22, 2019",Luis Pena,Matt Wiman,win
"June 22, 2019",Jairzinho Rozenstruik,Allen Crowder,win
"June 22, 2019",Molly McCann,Ariane da Silva,win
"June 22, 2019",Deron Winn,Eric Spicely,win
"June 08, 2019",Henry Cejudo,Marlon Moraes,win
"June 08, 2019",Valentina Shevchenko,Jessica Eye,win
"June 08, 2019",Tony Ferguson,Donald Cerrone,win
"June 08, 2019",Petr Yan,Jimmie Rivera,win
"June 08, 2019",Blagoy Ivanov,Tai Tuivasa,win
"June 08, 2019",Tatiana Suarez,Nina Nunes,win
"June 08, 2019",Aljamain Sterling,Pedro Munhoz,win
"June 08, 2019",Alexa Grasso,Karolina Kowalkiewicz,win
"June 08, 2019",Calvin Kattar,Ricardo Lamas,win
"June 08, 2019",Yan Xiaonan,Angela Hill,win
"June 08, 2019",Darren Stewart,Bevon Lewis,win
"June 08, 2019",Eddie Wineland,Grigory Popov,win
"June 08, 2019",Katlyn Cerminara,Joanne Wood,win
"June 01, 2019",Anthony Smith,Alexander Gustafsson,win
"June 01, 2019",Aleksandar Rakic,Jimi Manuwa,win
"June 01, 2019",Makwan Amirkhani,Chris Fishgold,win
"June 01, 2019",Christos Giagos,Damir Hadzovic,win
"June 01, 2019",Daniel Teymur,Sung Bin Jo,win
"June 01, 2019",Sergey Khandozhko,Rostem Akman,win
"June 01, 2019",Lina Lansberg,Tonya Evinger,win
"June 01, 2019",Leonardo Santos,Stevie Ray,win
"June 01, 2019",Frank Camacho,Nick Hein,win
"June 01, 2019",Bea Malecki,Duda Santana,win
"June 01, 2019",Devin Clark,Darko Stosic,win
"June 01, 2019",Joel Alvarez,Danilo Belluardo,win
"May 18, 2019",Rafael Dos Anjos,Kevin Lee,win
"May 18, 2019",Ian Heinisch,Antonio Carlos Junior,win
"May 18, 2019",Felicia Spencer,Megan Anderson,win
"May 18, 2019",Vicente Luque,Derrick Krantz,win
"May 18, 2019",Charles Oliveira,Nik Lentz,win
"May 18, 2019",Davi Ramos,Austin Hubbard,win
"May 18, 2019",Aspen Ladd,Sijara Eubanks,win
"May 18, 2019",Desmond Green,Charles Jourdain,win
"May 18, 2019",Michel Pereira,Danny Roberts,win
"May 18, 2019",Grant Dawson,Michael Trizano,win
"May 18, 2019",Ed Herman,Patrick Cummins,win
"May 18, 2019",Zak Cummings,Trevin Giles,win
"May 18, 2019",Julio Arce,Julian Erosa,win
"May 11, 2019",Jessica Andrade,Rose Namajunas,win
"May 11, 2019",Jared Cannonier,Anderson Silva,win
"May 11, 2019",Alexander Volkanovski,Jose Aldo,win
"May 11, 2019",Laureano Staropoli,Thiago Alves,win
"May 11, 2019",Irene Aldana,Bethe Correia,win
"May 11, 2019",Ryan Spann,Rogerio Nogueira,win
"May 11, 2019",Thiago Moises,Kurt Holobaugh,win
"May 11, 2019",Warlley Alves,Sergio Moraes,win
"May 11, 2019",Clay Guida,BJ Penn,win
"May 11, 2019",Luana Carolina,Priscila Cachoeira,win
"May 11, 2019",Raoni Barcelos,Carlos Huachin,win
"May 11, 2019",Viviane Araujo,Talita Bernardo,win
"May 04, 2019",Donald Cerrone,Al Iaquinta,win
"May 04, 2019",Derek Brunson,Elias Theodorou,win
"May 04, 2019",Shane Burgos,Cub Swanson,win
"May 04, 2019",Merab Dvalishvili,Brad Katona,win
"May 04, 2019",Walt Harris,Serghei Spivac,win
"May 04, 2019",Andrew Sanchez,Marc-Andre Barriault,win
"May 04, 2019",Macy Chiasson,Sarah Moras,win
"May 04, 2019",Vince Morales,Aiemann Zahabi,win
"May 04, 2019",Nordine Taleb,Kyle Prepolec,win
"May 04, 2019",Matt Sayles,Kyle Nelson,win
"May 04, 2019",Arjan Bhullar,Juan Adams,win
"May 04, 2019",Cole Smith,Mitch Gagnon,win
"April 27, 2019",Jack Hermansson,Jacare Souza,win
"April 27, 2019",Greg Hardy,Dmitrii Smoliakov,win
"April 27, 2019",Mike Perry,Alex Oliveira,win
"April 27, 2019",Glover Teixeira,Ion Cutelaba,win
"April 27, 2019",Cory Sandhagen,John Lineker,win
"April 27, 2019",Roosevelt Roberts,Thomas Gifford,win
"April 27, 2019",Takashi Sato,Ben Saunders,win
"April 27, 2019",Augusto Sakai,Andrei Arlovski,win
"April 27, 2019",Carla Esparza,Virna Jandiroba,win
"April 27, 2019",Gilbert Burns,Mike Davis,win
"April 27, 2019",Jim Miller,Jason Gonzalez,win
"April 27, 2019",Angela Hill,Jodie Esquibel,win
"April 27, 2019",Dhiego Lima,Court McGee,win
"April 20, 2019",Alistair Overeem,Aleksei Oleinik,win
"April 20, 2019",Islam Makhachev,Arman Tsarukyan,win
"April 20, 2019",Sergei Pavlovich,Marcelo Golm,win
"April 20, 2019",Roxanne Modafferi,Antonina Shevchenko,win
"April 20, 2019",Krzysztof Jotko,Alen Amedovski,win
"April 20, 2019",Movsar Evloev,SeungWoo Choi,win
"April 20, 2019",Sultan Aliev,Keita Nakamura,win
"April 20, 2019",Alexander Yakovlev,Alex Da Silva,win
"April 20, 2019",Shamil Abdurakhimov,Marcin Tybura,win
"April 20, 2019",Michal Oleksiejczuk,Gadzhimurad Antigulov,win
"April 20, 2019",Magomed Mustafaev,Rafael Fiziev,win
"April 13, 2019",Dustin Poirier,Max Holloway,win
"April 13, 2019",Israel Adesanya,Kelvin Gastelum,win
"April 13, 2019",Khalil Rountree Jr.,Eryk Anders,win
"April 13, 2019",Dwight Grant,Alan Jouban,win
"April 13, 2019",Nikita Krylov,Ovince Saint Preux,win
"April 13, 2019",Matt Frevola,Jalin Turner,win
"April 13, 2019",Alexandre Pantoja,Wilson Reis,win
"April 13, 2019",Max Griffin,Zelim Imadaev,win
"April 13, 2019",Khalid Taha,Boston Salmon,win
"April 13, 2019",Belal Muhammad,Curtis Millender,win
"April 13, 2019",Montel Jackson,Andre Soukhamthath,win
"April 13, 2019",Poliana Botelho,Lauren Mueller,win
"April 13, 2019",Brandon Davis,Randy Costa,win
"March 30, 2019",Justin Gaethje,Edson Barboza,win
"March 30, 2019",Jack Hermansson,David Branch,win
"March 30, 2019",Josh Emmett,Michael Johnson,win
"March 30, 2019",Michelle Waterson-Gomez,Karolina Kowalkiewicz,win
"March 30, 2019",Paul Craig,Kennedy Nzechukwu,win
"March 30, 2019",Sodiq Yusuff,Sheymon Moraes,win
"March 30, 2019",Marina Rodriguez,Jessica Aguilar,win
"March 30, 2019",Desmond Green,Ross Pearson,win
"March 30, 2019",Kevin Aguilar,Enrique Barzola,win
"March 30, 2019",Kevin Holland,Gerald Meerschaert,win
"March 30, 2019",Casey Kenney,Ray Borg,win
"March 30, 2019",Maryna Moroz,Sabina Mazo,win
"March 30, 2019",Alex Perez,Mark De La Rosa,win
"March 23, 2019",Anthony Pettis,Stephen Thompson,win
"March 23, 2019",Curtis Blaydes,Justin Willis,win
"March 23, 2019",John Makdessi,Jesus Pinedo,win
"March 23, 2019",Jussier Formiga,Deiveson Figueiredo,win
"March 23, 2019",Luis Pena,Steven Peterson,win
"March 23, 2019",Maycee Barber,JJ Aldrich,win
"March 23, 2019",Bryce Mitchell,Bobby Moffett,win
"March 23, 2019",Marlon Vera,Frankie Saenz,win
"March 23, 2019",Jennifer Maia,Alexis Davis,win
"March 23, 2019",Randa Markos,Angela Hill,win
"March 23, 2019",Chris Gutierrez,Ryan MacDonald,win
"March 23, 2019",Jordan Espinosa,Eric Shelton,win
"March 16, 2019",Jorge Masvidal,Darren Till,win
"March 16, 2019",Leon Edwards,Gunnar Nelson,win
"March 16, 2019",Dominick Reyes,Volkan Oezdemir,win
"March 16, 2019",Nathaniel Wood,Jose Quinonez,win
"March 16, 2019",Claudio Silva,Danny Roberts,win
"March 16, 2019",Jack Marshman,John Phillips,win
"March 16, 2019",Arnold Allen,Jordan Rinaldi,win
"March 16, 2019",Marc Diakiese,Joe Duffy,win
"March 16, 2019",Saparbeg Safarov,Nicolae Negumereanu,win
"March 16, 2019",Dan Ige,Danny Henry,win
"March 16, 2019",Molly McCann,Priscila Cachoeira,win
"March 16, 2019",Mike Grundy,Nad Narimani,win
"March 09, 2019",Junior Dos Santos,Derrick Lewis,win
"March 09, 2019",Elizeu Zaleski dos Santos,Curtis Millender,win
"March 09, 2019",Niko Price,Tim Means,win
"March 09, 2019",Blagoy Ivanov,Ben Rothwell,win
"March 09, 2019",Beneil Dariush,Drew Dober,win
"March 09, 2019",Omari Akhmedov,Tim Boetsch,win
"March 09, 2019",Anthony Rocco Martin,Sergio Moraes,win
"March 09, 2019",Yana Santos,Marion Reneau,win
"March 09, 2019",Grant Dawson,Julian Erosa,win
"March 09, 2019",Maurice Greene,Jeff Hughes,win
"March 09, 2019",Matt Schnell,Louis Smolka,win
"March 09, 2019",Alex Morono,Zak Ottow,win
"March 09, 2019",Alex White,Dan Moret,win
"March 02, 2019",Jon Jones,Anthony Smith,win
"March 02, 2019",Kamaru Usman,Tyron Woodley,win
"March 02, 2019",Ben Askren,Robbie Lawler,win
"March 02, 2019",Zhang Weili,Tecia Pennington,win
"March 02, 2019",Pedro Munhoz,Cody Garbrandt,win
"March 02, 2019",Zabit Magomedsharipov,Jeremy Stephens,win
"March 02, 2019",Johnny Walker,Misha Cirkunov,win
"March 02, 2019",Cody Stamann,Alejandro Perez,win
"March 02, 2019",Diego Sanchez,Mickey Gall,win
"March 02, 2019",Edmen Shahbazyan,Charles Byrd,win
"March 02, 2019",Macy Chiasson,Gina Mazany,win
"March 02, 2019",Hannah Cifers,Polyana Viana,win
"February 23, 2019",Thiago Santos,Jan Blachowicz,win
"February 23, 2019",Stefan Struve,Marcos Rogerio de Lima,win
"February 23, 2019",Michal Oleksiejczuk,Gian Villante,win
"February 23, 2019",Liz Carmouche,Lucie Pudilova,win
"February 23, 2019",Petr Yan,John Dodson,win
"February 23, 2019",Magomed Ankalaev,Klidson Abreu,win
"February 23, 2019",Dwight Grant,Carlo Pedersoli Jr.,win
"February 23, 2019",Chris Fishgold,Daniel Teymur,win
"February 23, 2019",Gillian Robertson,Veronica Hardy,win
"February 23, 2019",Damir Hadzovic,Marco Polo Reyes,win
"February 23, 2019",Ismail Naurdiev,Michel Prazeres,win
"February 23, 2019",Diego Ferreira,Rustam Khabilov,win
"February 23, 2019",Damir Ismagulov,Joel Alvarez,win
"February 17, 2019",Francis Ngannou,Cain Velasquez,win
"February 17, 2019",Paul Felder,James Vick,win
"February 17, 2019",Cynthia Calvillo,Cortney Casey,win
"February 17, 2019",Kron Gracie,Alex Caceres,win
"February 17, 2019",Vicente Luque,Bryan Barberena,win
"February 17, 2019",Andre Fili,Myles Jury,win
"February 17, 2019",Aljamain Sterling,Jimmie Rivera,win
"February 17, 2019",Manny Bermudez,Benito Lopez,win
"February 17, 2019",Andrea Lee,Ashlee Evans-Smith,win
"February 17, 2019",Nik Lentz,Scott Holtzman,win
"February 17, 2019",Luke Sanders,Renan Barao,win
"February 17, 2019",Emily Whitmire,Aleksandra Albu,win
"February 09, 2019",Israel Adesanya,Anderson Silva,win
"February 09, 2019",Lando Vannata,Marcos Mariano,win
"February 09, 2019",Ricky Simon,Rani Yahya,win
"February 09, 2019",Montana De La Rosa,Nadia Kassem,win
"February 09, 2019",Jimmy Crute,Sam Alvey,win
"February 09, 2019",Devonte Smith,Dong Hyun Ma,win
"February 09, 2019",Shane Young,Austin Arnett,win
"February 09, 2019",Kai Kara-France,Raulian Paiva,win
"February 09, 2019",Kyung Ho Kang,Teruto Ishihara,win
"February 09, 2019",Jalin Turner,Callan Potter,win
"February 09, 2019",Jonathan Martinez,Wulijiburen,win
"February 02, 2019",Marlon Moraes,Raphael Assuncao,win
"February 02, 2019",Jose Aldo,Renato Moicano,win
"February 02, 2019",Demian Maia,Lyman Good,win
"February 02, 2019",Charles Oliveira,David Teymur,win
"February 02, 2019",Johnny Walker,Justin Ledet,win
"February 02, 2019",Livinha Souza,Sarah Frota,win
"February 02, 2019",Markus Perez,Anthony Hernandez,win
"February 02, 2019",Mara Romero Borella,Taila Santos,win
"February 02, 2019",Thiago Alves,Max Griffin,win
"February 02, 2019",Jairzinho Rozenstruik,Junior Albini,win
"February 02, 2019",Geraldo de Freitas,Felipe Colares,win
"February 02, 2019",Said Nurmagomedov,Ricardo Ramos,win
"February 02, 2019",Rogerio Bontorin,Magomed Bibulatov,win
"January 19, 2019",Henry Cejudo,TJ Dillashaw,win
"January 19, 2019",Allen Crowder,Greg Hardy,win
"January 19, 2019",Gregor Gillespie,Yancy Medeiros,win
"January 19, 2019",Joseph Benavidez,Dustin Ortiz,win
"January 19, 2019",Paige VanZant,Rachael Ostovich,win
"January 19, 2019",Glover Teixeira,Karl Roberson,win
"January 19, 2019",Donald Cerrone,Alexander Hernandez,win
"January 19, 2019",Joanne Wood,Ariane da Silva,win
"January 19, 2019",Alonzo Menifield,Vinicius Moreira,win
"January 19, 2019",Cory Sandhagen,Mario Bautista,win
"January 19, 2019",Dennis Bermudez,Te Edwards,win
"January 19, 2019",Geoff Neal,Belal Muhammad,win
"January 19, 2019",Chance Rencountre,Kyle Stewart,win
"December 29, 2018",Jon Jones,Alexander Gustafsson,win
"December 29, 2018",Amanda Nunes,Cristiane Justino,win
"December 29, 2018",Michael Chiesa,Carlos Condit,win
"December 29, 2018",Corey Anderson,Ilir Latifi,win
"December 29, 2018",Alexander Volkanovski,Chad Mendes,win
"December 29, 2018",Andrei Arlovski,Walt Harris,nc
"December 29, 2018",Megan Anderson,Cat Zingano,win
"December 29, 2018",Petr Yan,Douglas Silva de Andrade,win
"December 29, 2018",Ryan Hall,BJ Penn,win
"December 29, 2018",Nathaniel Wood,Andre Ewell,win
"December 29, 2018",Uriah Hall,Bevon Lewis,win
"December 29, 2018",Curtis Millender,Siyar Bahadurzada,win
"December 29, 2018",Montel Jackson,Brian Kelleher,win
"December 15, 2018",Al Iaquinta,Kevin Lee,win
"December 15, 2018",Edson Barboza,Dan Hooker,win
"December 15, 2018",Rob Font,Sergio Pettis,win
"December 15, 2018",Charles Oliveira,Jim Miller,win
"December 15, 2018",Zak Ottow,Dwight Grant,win
"December 15, 2018",Drakkar Klose,King Green,win
"December 15, 2018",Joaquim Silva,Jared Gordon,win
"December 15, 2018",Jack Hermansson,Gerald Meerschaert,win
"December 15, 2018",Zak Cummings,Trevor Smith,win
"December 15, 2018",Dan Ige,Jordan Griffin,win
"December 15, 2018",Mike Rodriguez,Adam Milstead,win
"December 15, 2018",Juan Adams,Chris de la Rocha,win
"December 08, 2018",Max Holloway,Brian Ortega,win
"December 08, 2018",Valentina Shevchenko,Joanna Jedrzejczyk,win
"December 08, 2018",Gunnar Nelson,Alex Oliveira,win
"December 08, 2018",Hakeem Dawodu,Kyle Bochniak,win
"December 08, 2018",Thiago Santos,Jimi Manuwa,win
"December 08, 2018",Nina Nunes,Claudia Gadelha,win
"December 08, 2018",Gilbert Burns,Olivier Aubin-Mercier,win
"December 08, 2018",Jessica Eye,Katlyn Cerminara,win
"December 08, 2018",Elias Theodorou,Eryk Anders,win
"December 08, 2018",Brad Katona,Matthew Lopez,win
"December 08, 2018",Dhiego Lima,Chad Laprise,win
"December 08, 2018",Diego Ferreira,Kyle Nelson,win
"December 08, 2018",Aleksandar Rakic,Devin Clark,win
"December 01, 2018",Junior Dos Santos,Tai Tuivasa,win
"December 01, 2018",Mauricio Rua,Tyson Pedro,win
"December 01, 2018",Justin Willis,Mark Hunt,win
"December 01, 2018",Anthony Rocco Martin,Jake Matthews,win
"December 01, 2018",Sodiq Yusuff,Suman Mokhtarian,win
"December 01, 2018",Jimmy Crute,Paul Craig,win
"December 01, 2018",Aleksei Kunchenko,Yushin Okami,win
"December 01, 2018",Wilson Reis,Ben Nguyen,win
"December 01, 2018",Keita Nakamura,Salim Touahri,win
"December 01, 2018",Kai Kara-France,Elias Garcia,win
"December 01, 2018",Christos Giagos,Mizuto Hirota,win
"December 01, 2018",Damir Ismagulov,Alex Gorgees,win
"November 30, 2018",Kamaru Usman,Rafael Dos Anjos,win
"November 30, 2018",Juan Espino,Justin Frazier,win
"November 30, 2018",Macy Chiasson,Pannie Kianzad,win
"November 30, 2018",Pedro Munhoz,Bryan Caraway,win
"November 30, 2018",Edmen Shahbazyan,Darren Stewart,win
"November 30, 2018",Antonina Shevchenko,Ji Yeon Kim,win
"November 30, 2018",Kevin Aguilar,Ricky Glenn,win
"November 30, 2018",Joseph Benavidez,Alex Perez,win
"November 30, 2018",Maurice Greene,Michel Batista,win
"November 30, 2018",Leah Letson,Julija Stoliarenko,win
"November 30, 2018",Roosevelt Roberts,Darrell Horcher,win
"November 30, 2018",Tim Means,Ricky Rainey,win
"November 30, 2018",Raoni Barcelos,Chris Gutierrez,win
"November 24, 2018",Francis Ngannou,Curtis Blaydes,win
"November 24, 2018",Alistair Overeem,Sergei Pavlovich,win
"November 24, 2018",Song Yadong,Vince Morales,win
"November 24, 2018",Li Jingliang,David Zawada,win
"November 24, 2018",Alex Morono,Song Kenan,win
"November 24, 2018",Wu Yanan,Lauren Mueller,win
"November 24, 2018",Rashad Coulter,Hu Yaozong,win
"November 24, 2018",Zhang Weili,Jessica Aguilar,win
"November 24, 2018",Pingyuan Liu,Martin Day,win
"November 24, 2018",Yan Xiaonan,Syuri Kondo,win
"November 24, 2018",Kevin Holland,John Phillips,win
"November 24, 2018",Louis Smolka,Sumudaerji,win
"November 17, 2018",Santiago Ponzinibbio,Neil Magny,win
"November 17, 2018",Ricardo Lamas,Darren Elkins,win
"November 17, 2018",Johnny Walker,Khalil Rountree Jr.,win
"November 17, 2018",Ian Heinisch,Cezar Ferreira,win
"November 17, 2018",Marlon Vera,Guido Cannetti,win
"November 17, 2018",Cynthia Calvillo,Poliana Botelho,win
"November 17, 2018",Michel Prazeres,Bartosz Fabinski,win
"November 17, 2018",Alexandre Pantoja,Yuta Sasaki,win
"November 17, 2018",Austin Arnett,Humberto Bandenay,win
"November 17, 2018",Laureano Staropoli,Hector Aldana,win
"November 17, 2018",Jesus Pinedo,Devin Powell,win
"November 17, 2018",Nad Narimani,Anderson Dos Santos,win
"November 10, 2018",Yair Rodriguez,Chan Sung Jung,win
"November 10, 2018",Donald Cerrone,Mike Perry,win
"November 10, 2018",Germaine de Randamie,Raquel Pennington,win
"November 10, 2018",Beneil Dariush,Thiago Moises,win
"November 10, 2018",Maycee Barber,Hannah Cifers,win
"November 10, 2018",Michael Trizano,Luis Pena,win
"November 10, 2018",Ashley Yoder,Amanda Cooper,win
"November 10, 2018",Chas Skelly,Bobby Moffett,nc
"November 10, 2018",Davi Ramos,John Gunther,win
"November 10, 2018",Devonte Smith,Julian Erosa,win
"November 10, 2018",Eric Shelton,Joseph Morales,win
"November 10, 2018",Mark De La Rosa,Joby Sanchez,win
"November 03, 2018",Daniel Cormier,Derrick Lewis,win
"November 03, 2018",Jacare Souza,Chris Weidman,win
"November 03, 2018",Jared Cannonier,David Branch,win
"November 03, 2018",Karl Roberson,Jack Marshman,win
"November 03, 2018",Israel Adesanya,Derek Brunson,win
"November 03, 2018",Jordan Rinaldi,Jason Knight,win
"November 03, 2018",Sijara Eubanks,Roxanne Modafferi,win
"November 03, 2018",Sheymon Moraes,Julio Arce,win
"November 03, 2018",Lyman Good,Ben Saunders,win
"November 03, 2018",Matt Frevola,Lando Vannata,draw
"November 03, 2018",Shane Burgos,Kurt Holobaugh,win
"November 03, 2018",Marcos Rogerio de Lima,Adam Wieczorek,win
"October 27, 2018",Anthony Smith,Volkan Oezdemir,win
"October 27, 2018",Michael Johnson,Artem Lobov,win
"October 27, 2018",Misha Cirkunov,Patrick Cummins,win
"October 27, 2018",Andre Soukhamthath,Jonathan Martinez,win
"October 27, 2018",Gian Villante,Ed Herman,win
"October 27, 2018",Court McGee,Alex Garcia,win
"October 27, 2018",Sean Strickland,Nordine Taleb,win
"October 27, 2018",Nasrat Haqparast,Thibault Gouti,win
"October 27, 2018",Calvin Kattar,Chris Fishgold,win
"October 27, 2018",Talita Bernardo,Sarah Moras,win
"October 27, 2018",Don Madge,Te Edwards,win
"October 27, 2018",Arjan Bhullar,Marcelo Golm,win
"October 27, 2018",Stevie Ray,Jessin Ayari,win
"October 06, 2018",Khabib Nurmagomedov,Conor McGregor,win
"October 06, 2018",Tony Ferguson,Anthony Pettis,win
"October 06, 2018",Dominick Reyes,Ovince Saint Preux,win
"October 06, 2018",Derrick Lewis,Alexander Volkov,win
"October 06, 2018",Michelle Waterson-Gomez,Felice Herrig,win
"October 06, 2018",Jussier Formiga,Sergio Pettis,win
"October 06, 2018",Vicente Luque,Jalin Turner,win
"October 06, 2018",Aspen Ladd,Tonya Evinger,win
"October 06, 2018",Scott Holtzman,Alan Patrick,win
"October 06, 2018",Yana Santos,Lina Lansberg,win
"October 06, 2018",Nik Lentz,Gray Maynard,win
"October 06, 2018",Anthony Rocco Martin,Ryan LaFlare,win
"September 22, 2018",Thiago Santos,Eryk Anders,win
"September 22, 2018",Alex Oliveira,Carlo Pedersoli Jr.,win
"September 22, 2018",Rogerio Nogueira,Sam Alvey,win
"September 22, 2018",Andre Ewell,Renan Barao,win
"September 22, 2018",Randa Markos,Marina Rodriguez,draw
"September 22, 2018",Charles Oliveira,Christos Giagos,win
"September 22, 2018",Francisco Trinaldo,Evan Dunham,win
"September 22, 2018",Ryan Spann,Luis Henrique,win
"September 22, 2018",Augusto Sakai,Chase Sherman,win
"September 22, 2018",Sergio Moraes,Ben Saunders,win
"September 22, 2018",Mayra Bueno Silva,Gillian Robertson,win
"September 22, 2018",Thales Leites,Hector Lombard,win
"September 22, 2018",Elizeu Zaleski dos Santos,Luigi Vendramini,win
"September 22, 2018",Livinha Souza,Alex Chambers,win
"September 15, 2018",Aleksei Oleinik,Mark Hunt,win
"September 15, 2018",Jan Blachowicz,Nikita Krylov,win
"September 15, 2018",Shamil Abdurakhimov,Andrei Arlovski,win
"September 15, 2018",Aleksei Kunchenko,Thiago Alves,win
"September 15, 2018",Khalid Murtazaliev,CB Dollaway,win
"September 15, 2018",Petr Yan,Jin Soo Son,win
"September 15, 2018",Rustam Khabilov,Kajan Johnson,win
"September 15, 2018",Mairbek Taisumov,Desmond Green,win
"September 15, 2018",Magomed Ankalaev,Marcin Prachnio,win
"September 15, 2018",Jordan Johnson,Adam Yandiev,win
"September 15, 2018",Ramazan Emeev,Stefan Sekulic,win
"September 15, 2018",Merab Dvalishvili,Terrion Ware,win
"September 08, 2018",Tyron Woodley,Darren Till,win
"September 08, 2018",Jessica Andrade,Karolina Kowalkiewicz,win
"September 08, 2018",Zabit Magomedsharipov,Brandon Davis,win
"September 08, 2018",Jimmie Rivera,John Dodson,win
"September 08, 2018",Abdul Razak Alhassan,Niko Price,win
"September 08, 2018",Tatiana Suarez,Carla Esparza,win
"September 08, 2018",Aljamain Sterling,Cody Stamann,win
"September 08, 2018",Geoff Neal,Frank Camacho,win
"September 08, 2018",Darren Stewart,Charles Byrd,win
"September 08, 2018",Diego Sanchez,Craig White,win
"September 08, 2018",Jim Miller,Alex White,win
"September 08, 2018",Irene Aldana,Lucie Pudilova,win
"September 08, 2018",Jarred Brooks,Robert Sanchez,win
"August 25, 2018",Justin Gaethje,James Vick,win
"August 25, 2018",Michael Johnson,Andre Fili,win
"August 25, 2018",Cortney Casey,Angela Hill,win
"August 25, 2018",Bryan Barberena,Jake Ellenberger,win
"August 25, 2018",Deiveson Figueiredo,John Moraga,win
"August 25, 2018",Eryk Anders,Tim Williams,win
"August 25, 2018",James Krause,Warlley Alves,win
"August 25, 2018",Cory Sandhagen,Iuri Alcantara,win
"August 25, 2018",Andrew Sanchez,Markus Perez,win
"August 25, 2018",Mickey Gall,George Sullivan,win
"August 25, 2018",Joanne Wood,Kalindra Faria,win
"August 25, 2018",Drew Dober,Jon Tuck,win
"August 25, 2018",Rani Yahya,Luke Sanders,win
"August 04, 2018",TJ Dillashaw,Cody Garbrandt,win
"August 04, 2018",Henry Cejudo,Demetrious Johnson,win
"August 04, 2018",Renato Moicano,Cub Swanson,win
"August 04, 2018",JJ Aldrich,Polyana Viana,win
"August 04, 2018",Thiago Santos,Kevin Holland,win
"August 04, 2018",Pedro Munhoz,Brett Johns,win
"August 04, 2018",Ricky Simon,Montel Jackson,win
"August 04, 2018",Ricardo Ramos,Kyung Ho Kang,win
"August 04, 2018",Sheymon Moraes,Matt Sayles,win
"August 04, 2018",Alex Perez,Jose Torres,win
"August 04, 2018",Zhang Weili,Danielle Taylor,win
"August 04, 2018",Marlon Vera,Wulijiburen,win
"July 28, 2018",Dustin Poirier,Eddie Alvarez,win
"July 28, 2018",Jose Aldo,Jeremy Stephens,win
"July 28, 2018",Joanna Jedrzejczyk,Tecia Pennington,win
"July 28, 2018",Alexander Hernandez,Olivier Aubin-Mercier,win
"July 28, 2018",Jordan Mein,Alex Morono,win
"July 28, 2018",Hakeem Dawodu,Austin Arnett,win
"July 28, 2018",Islam Makhachev,Kajan Johnson,win
"July 28, 2018",Ion Cutelaba,Gadzhimurad Antigulov,win
"July 28, 2018",John Makdessi,Ross Pearson,win
"July 28, 2018",Katlyn Cerminara,Alexis Davis,win
"July 28, 2018",Dustin Ortiz,Matheus Nicolau,win
"July 28, 2018",Nina Nunes,Randa Markos,win
"July 28, 2018",Devin Powell,Alvaro Herrera Mendoza,win
"July 22, 2018",Anthony Smith,Mauricio Rua,win
"July 22, 2018",Corey Anderson,Glover Teixeira,win
"July 22, 2018",Abu Azaitar,Vitor Miranda,win
"July 22, 2018",Marcin Tybura,Stefan Struve,win
"July 22, 2018",Danny Roberts,David Zawada,win
"July 22, 2018",Nasrat Haqparast,Marc Diakiese,win
"July 22, 2018",Damir Hadzovic,Nick Hein,win
"July 22, 2018",Bartosz Fabinski,Emil Meek,win
"July 22, 2018",Nad Narimani,Khalid Taha,win
"July 22, 2018",Aleksandar Rakic,Justin Ledet,win
"July 22, 2018",Manny Bermudez,Davey Grant,win
"July 22, 2018",Darko Stosic,Jeremy Kimball,win
"July 22, 2018",Pingyuan Liu,Damian Stasiak,win
"July 14, 2018",Junior Dos Santos,Blagoy Ivanov,win
"July 14, 2018",Sage Northcutt,Zak Ottow,win
"July 14, 2018",Ricky Glenn,Dennis Bermudez,win
"July 14, 2018",Niko Price,Randy Brown,win
"July 14, 2018",Chad Mendes,Myles Jury,win
"July 14, 2018",Cat Zingano,Marion Reneau,win
"July 14, 2018",Alejandro Perez,Eddie Wineland,win
"July 14, 2018",Alexander Volkanovski,Darren Elkins,win
"July 14, 2018",Said Nurmagomedov,Justin Scoggins,win
"July 14, 2018",Raoni Barcelos,Kurt Holobaugh,win
"July 14, 2018",Liz Carmouche,Jennifer Maia,win
"July 14, 2018",Mark De La Rosa,Elias Garcia,win
"July 14, 2018",Jessica Aguilar,Jodie Esquibel,win
"July 07, 2018",Daniel Cormier,Stipe Miocic,win
"July 07, 2018",Derrick Lewis,Francis Ngannou,win
"July 07, 2018",Mike Perry,Paul Felder,win
"July 07, 2018",Anthony Pettis,Michael Chiesa,win
"July 07, 2018",Khalil Rountree Jr.,Gokhan Saki,win
"July 07, 2018",Paulo Costa,Uriah Hall,win
"July 07, 2018",Raphael Assuncao,Rob Font,win
"July 07, 2018",Drakkar Klose,Lando Vannata,win
"July 07, 2018",Curtis Millender,Max Griffin,win
"July 07, 2018",Dan Hooker,Gilbert Burns,win
"July 07, 2018",Emily Whitmire,Jamie Moyle,win
"July 06, 2018",Israel Adesanya,Brad Tavares,win
"July 06, 2018",Michael Trizano,Joe Giannetti,win
"July 06, 2018",Brad Katona,Jay Cucciniello,win
"July 06, 2018",Alex Caceres,Martin Bravo,win
"July 06, 2018",Roxanne Modafferi,Barb Honchak,win
"July 06, 2018",Alessio Di Chirico,Julian Marquez,win
"July 06, 2018",Montana De La Rosa,Rachael Ostovich,win
"July 06, 2018",Luis Pena,Richie Smullen,win
"July 06, 2018",John Gunther,Allan Zuniga,win
"July 06, 2018",Bryce Mitchell,Tyler Diamond,win
"July 06, 2018",Steven Peterson,Matt Bessette,win
"July 06, 2018",Gerald Meerschaert,Oskar Piechota,win
"June 23, 2018",Leon Edwards,Donald Cerrone,win
"June 23, 2018",Ovince Saint Preux,Tyson Pedro,win
"June 23, 2018",Jessica Eye,Jessica-Rose Clark,win
"June 23, 2018",Li Jingliang,Daichi Abe,win
"June 23, 2018",Petr Yan,Teruto Ishihara,win
"June 23, 2018",Song Yadong,Felipe Arantes,win
"June 23, 2018",Shane Young,Rolando Dy,win
"June 23, 2018",Song Kenan,Hector Aldana,win
"June 23, 2018",Jake Matthews,Shinsho Anzai,win
"June 23, 2018",Yan Xiaonan,Viviane Pereira,win
"June 23, 2018",Matt Schnell,Naoki Inoue,win
"June 23, 2018",Yuta Sasaki,Jenel Lausa,win
"June 23, 2018",Ji Yeon Kim,Melinda Fabian,win
"June 09, 2018",Robert Whittaker,Yoel Romero,win
"June 09, 2018",Colby Covington,Rafael Dos Anjos,win
"June 09, 2018",Holly Holm,Megan Anderson,win
"June 09, 2018",Tai Tuivasa,Andrei Arlovski,win
"June 09, 2018",CM Punk,Mike Jackson,nc
"June 09, 2018",Curtis Blaydes,Alistair Overeem,win
"June 09, 2018",Claudia Gadelha,Carla Esparza,win
"June 09, 2018",Mirsad Bektic,Ricardo Lamas,win
"June 09, 2018",Chris de la Rocha,Rashad Coulter,win
"June 09, 2018",Anthony Smith,Rashad Evans,win
"June 09, 2018",Sergio Pettis,Joseph Benavidez,win
"June 09, 2018",Charles Oliveira,Clay Guida,win
"June 09, 2018",Dan Ige,Mike Santiago,win
"June 01, 2018",Marlon Moraes,Jimmie Rivera,win
"June 01, 2018",Gregor Gillespie,Vinc Pichel,win
"June 01, 2018",Walt Harris,Daniel Spitz,win
"June 01, 2018",Ben Saunders,Jake Ellenberger,win
"June 01, 2018",Julio Arce,Daniel Teymur,win
"June 01, 2018",Sam Alvey,Gian Villante,win
"June 01, 2018",Sijara Eubanks,Lauren Murphy,win
"June 01, 2018",David Teymur,Nik Lentz,win
"June 01, 2018",Belal Muhammad,Chance Rencountre,win
"June 01, 2018",Desmond Green,Gleison Tibau,win
"June 01, 2018",Nathaniel Wood,Johnny Eduardo,win
"June 01, 2018",Jose Torres,Jarred Brooks,win
"May 27, 2018",Darren Till,Stephen Thompson,win
"May 27, 2018",Neil Magny,Craig White,win
"May 27, 2018",Arnold Allen,Mads Burnell,win
"May 27, 2018",Makwan Amirkhani,Jason Knight,win
"May 27, 2018",Claudio Silva,Nordine Taleb,win
"May 27, 2018",Darren Stewart,Eric Spicely,win
"May 27, 2018",Tom Breese,Daniel Kelly,win
"May 27, 2018",Lina Lansberg,Gina Mazany,win
"May 27, 2018",Carlo Pedersoli Jr.,Brad Scott,win
"May 27, 2018",Gillian Robertson,Molly McCann,win
"May 27, 2018",Elias Theodorou,Trevor Smith,win
"May 19, 2018",Kamaru Usman,Demian Maia,win
"May 19, 2018",Tatiana Suarez,Alexa Grasso,win
"May 19, 2018",Dominick Reyes,Jared Cannonier,win
"May 19, 2018",Guido Cannetti,Diego Rivas,win
"May 19, 2018",Andrea Lee,Veronica Hardy,win
"May 19, 2018",Vicente Luque,Chad Laprise,win
"May 19, 2018",Michel Prazeres,Zak Cummings,win
"May 19, 2018",Alexandre Pantoja,Brandon Moreno,win
"May 19, 2018",Poliana Botelho,Syuri Kondo,win
"May 19, 2018",Gabriel Benitez,Humberto Bandenay,win
"May 19, 2018",Enrique Barzola,Brandon Davis,win
"May 19, 2018",Frankie Saenz,Henry Briones,win
"May 19, 2018",Claudio Puelles,Felipe Silva,win
"May 12, 2018",Amanda Nunes,Raquel Pennington,win
"May 12, 2018",Kelvin Gastelum,Jacare Souza,win
"May 12, 2018",Mackenzie Dern,Amanda Cooper,win
"May 12, 2018",John Lineker,Brian Kelleher,win
"May 12, 2018",Lyoto Machida,Vitor Belfort,win
"May 12, 2018",Cezar Ferreira,Karl Roberson,win
"May 12, 2018",Aleksei Oleinik,Junior Albini,win
"May 12, 2018",Davi Ramos,Nick Hein,win
"May 12, 2018",Elizeu Zaleski dos Santos,Sean Strickland,win
"May 12, 2018",Warlley Alves,Sultan Aliev,win
"May 12, 2018",Jack Hermansson,Thales Leites,win
"May 12, 2018",Ramazan Emeev,Alberto Mina,win
"May 12, 2018",Markus Perez,James Bochnovic,win
"April 21, 2018",Kevin Lee,Edson Barboza,win
"April 21, 2018",Frankie Edgar,Cub Swanson,win
"April 21, 2018",Justin Willis,Chase Sherman,win
"April 21, 2018",David Branch,Thiago Santos,win
"April 21, 2018",Aljamain Sterling,Brett Johns,win
"April 21, 2018",Dan Hooker,Jim Miller,win
"April 21, 2018",Ryan LaFlare,Alex Garcia,win
"April 21, 2018",Ricky Simon,Merab Dvalishvili,win
"April 21, 2018",Siyar Bahadurzada,Luan Chagas,win
"April 21, 2018",Corey Anderson,Patrick Cummins,win
"April 21, 2018",Anthony Rocco Martin,Keita Nakamura,win
"April 14, 2018",Dustin Poirier,Justin Gaethje,win
"April 14, 2018",Alex Oliveira,Carlos Condit,win
"April 14, 2018",Israel Adesanya,Marvin Vettori,win
"April 14, 2018",Michelle Waterson-Gomez,Cortney Casey,win
"April 14, 2018",Antonio Carlos Junior,Tim Boetsch,win
"April 14, 2018",Muslim Salikhov,Ricky Rainey,win
"April 14, 2018",John Moraga,Wilson Reis,win
"April 14, 2018",Brad Tavares,Krzysztof Jotko,win
"April 14, 2018",Gilbert Burns,Dan Moret,win
"April 14, 2018",Lauren Mueller,Shana Dobson,win
"April 14, 2018",Yushin Okami,Dhiego Lima,win
"April 14, 2018",Adam Wieczorek,Arjan Bhullar,win
"April 14, 2018",Alejandro Perez,Matthew Lopez,win
"April 14, 2018",Luke Sanders,Patrick Williams,win
"April 07, 2018",Khabib Nurmagomedov,Al Iaquinta,win
"April 07, 2018",Rose Namajunas,Joanna Jedrzejczyk,win
"April 07, 2018",Renato Moicano,Calvin Kattar,win
"April 07, 2018",Zabit Magomedsharipov,Kyle Bochniak,win
"April 07, 2018",Chris Gruetzemacher,Joe Lauzon,win
"April 07, 2018",Karolina Kowalkiewicz,Felice Herrig,win
"April 07, 2018",Olivier Aubin-Mercier,Evan Dunham,win
"April 07, 2018",Ashlee Evans-Smith,Bec Rawlings,win
"April 07, 2018",Devin Clark,Mike Rodriguez,win
"March 17, 2018",Alexander Volkov,Fabricio Werdum,win
"March 17, 2018",Jan Blachowicz,Jimi Manuwa,win
"March 17, 2018",Tom Duquesnoy,Terrion Ware,win
"March 17, 2018",Leon Edwards,Peter Sobotta,win
"March 17, 2018",Charles Byrd,John Phillips,win
"March 17, 2018",Danny Roberts,Oliver Enkamp,win
"March 17, 2018",Danny Henry,Hakeem Dawodu,win
"March 17, 2018",Paul Craig,Magomed Ankalaev,win
"March 17, 2018",Kajan Johnson,Stevie Ray,win
"March 17, 2018",Dmitry Sosnovskiy,Mark Godbeer,win
"March 03, 2018",Cristiane Justino,Yana Santos,win
"March 03, 2018",Brian Ortega,Frankie Edgar,win
"March 03, 2018",Sean O'Malley,Andre Soukhamthath,win
"March 03, 2018",Andrei Arlovski,Stefan Struve,win
"March 03, 2018",Ketlen Vieira,Cat Zingano,win
"March 03, 2018",Mackenzie Dern,Ashley Yoder,win
"March 03, 2018",Alexander Hernandez,Beneil Dariush,win
"March 03, 2018",John Dodson,Pedro Munhoz,win
"March 03, 2018",CB Dollaway,Hector Lombard,win
"March 03, 2018",Zak Ottow,Mike Pyle,win
"March 03, 2018",Cody Stamann,Bryan Caraway,win
"March 03, 2018",Jordan Johnson,Adam Milstead,win
"February 24, 2018",Jeremy Stephens,Josh Emmett,win
"February 24, 2018",Jessica Andrade,Tecia Pennington,win
"February 24, 2018",Ilir Latifi,Ovince Saint Preux,win
"February 24, 2018",Max Griffin,Mike Perry,win
"February 24, 2018",Brian Kelleher,Renan Barao,win
"February 24, 2018",Marion Reneau,Sara McMann,win
"February 24, 2018",Angela Hill,Maryna Moroz,win
"February 24, 2018",Alan Jouban,Ben Saunders,win
"February 24, 2018",Sam Alvey,Marcin Prachnio,win
"February 24, 2018",Rani Yahya,Russell Doane,win
"February 24, 2018",Alex Perez,Eric Shelton,win
"February 24, 2018",Manny Bermudez,Albert Morales,win
"February 18, 2018",Donald Cerrone,Yancy Medeiros,win
"February 18, 2018",Derrick Lewis,Marcin Tybura,win
"February 18, 2018",James Vick,Francisco Trinaldo,win
"February 18, 2018",Curtis Millender,Thiago Alves,win
"February 18, 2018",Brandon Davis,Steven Peterson,win
"February 18, 2018",Sage Northcutt,Thibault Gouti,win
"February 18, 2018",Diego Ferreira,Jared Gordon,win
"February 18, 2018",Geoff Neal,Brian Camozzi,win
"February 18, 2018",Robert Sanchez,Joby Sanchez,win
"February 18, 2018",Lucie Pudilova,Sarah Moras,win
"February 18, 2018",Alex Morono,Joshua Burkman,win
"February 18, 2018",Oskar Piechota,Tim Williams,win
"February 10, 2018",Yoel Romero,Luke Rockhold,win
"February 10, 2018",Curtis Blaydes,Mark Hunt,win
"February 10, 2018",Tai Tuivasa,Cyril Asker,win
"February 10, 2018",Jake Matthews,Li Jingliang,win
"February 10, 2018",Tyson Pedro,Saparbeg Safarov,win
"February 10, 2018",Dong Hyun Ma,Damien Brown,win
"February 10, 2018",Israel Adesanya,Rob Wilkinson,win
"February 10, 2018",Alexander Volkanovski,Jeremy Kennedy,win
"February 10, 2018",Jussier Formiga,Ben Nguyen,win
"February 10, 2018",Ross Pearson,Mizuto Hirota,win
"February 10, 2018",Jose Quinonez,Teruto Ishihara,win
"February 10, 2018",Luke Jumeau,Daichi Abe,win
"February 03, 2018",Lyoto Machida,Eryk Anders,win
"February 03, 2018",Valentina Shevchenko,Priscila Cachoeira,win
"February 03, 2018",Michel Prazeres,Desmond Green,win
"February 03, 2018",Timothy Johnson,Marcelo Golm,win
"February 03, 2018",Douglas Silva de Andrade,Marlon Vera,win
"February 03, 2018",Thiago Santos,Anthony Smith,win
"February 03, 2018",Sergio Moraes,Tim Means,win
"February 03, 2018",Alan Patrick,Damir Hadzovic,win
"February 03, 2018",Polyana Viana,Maia Stevenson,win
"February 03, 2018",Iuri Alcantara,Joe Soto,win
"February 03, 2018",Deiveson Figueiredo,Joseph Morales,win
"January 27, 2018",Jacare Souza,Derek Brunson,win
"January 27, 2018",Andre Fili,Dennis Bermudez,win
"January 27, 2018",Gregor Gillespie,Jordan Rinaldi,win
"January 27, 2018",Drew Dober,Frank Camacho,win
"January 27, 2018",King Green,Erik Koch,win
"January 27, 2018",Mirsad Bektic,Godofredo Pepey,win
"January 27, 2018",Katlyn Cerminara,Mara Romero Borella,win
"January 27, 2018",Randa Markos,Juliana Lima,win
"January 27, 2018",Ji Yeon Kim,Justine Kish,win
"January 27, 2018",Vinc Pichel,Joaquim Silva,win
"January 27, 2018",Niko Price,George Sullivan,win
"January 27, 2018",Cory Sandhagen,Austin Arnett,win
"January 20, 2018",Stipe Miocic,Francis Ngannou,win
"January 20, 2018",Daniel Cormier,Volkan Oezdemir,win
"January 20, 2018",Calvin Kattar,Shane Burgos,win
"January 20, 2018",Gian Villante,Francimar Barroso,win
"January 20, 2018",Rob Font,Thomas Almeida,win
"January 20, 2018",Kyle Bochniak,Brandon Davis,win
"January 20, 2018",Abdul Razak Alhassan,Sabah Homasi,win
"January 20, 2018",Dustin Ortiz,Alexandre Pantoja,win
"January 20, 2018",Julio Arce,Dan Ige,win
"January 20, 2018",Enrique Barzola,Matt Bessette,win
"January 20, 2018",Islam Makhachev,Gleison Tibau,win
"January 14, 2018",Jeremy Stephens,Dooho Choi,win
"January 14, 2018",Jessica-Rose Clark,Paige VanZant,win
"January 14, 2018",Kamaru Usman,Emil Meek,win
"January 14, 2018",Darren Elkins,Michael Johnson,win
"January 14, 2018",James Krause,Alex White,win
"January 14, 2018",Marco Polo Reyes,Matt Frevola,win
"January 14, 2018",Irene Aldana,Talita Bernardo,win
"January 14, 2018",Kyung Ho Kang,Guido Cannetti,win
"January 14, 2018",Jessica Eye,Kalindra Faria,win
"January 14, 2018",JJ Aldrich,Danielle Taylor,win
"January 14, 2018",Mads Burnell,Mike Santiago,win
"December 30, 2017",Cristiane Justino,Holly Holm,win
"December 30, 2017",Khabib Nurmagomedov,Edson Barboza,win
"December 30, 2017",Dan Hooker,Marc Diakiese,win
"December 30, 2017",Carla Esparza,Cynthia Calvillo,win
"December 30, 2017",Neil Magny,Carlos Condit,win
"December 30, 2017",Khalil Rountree Jr.,Michal Oleksiejczuk,nc
"December 30, 2017",Myles Jury,Ricky Glenn,win
"December 30, 2017",Marvin Vettori,Omari Akhmedov,draw
"December 30, 2017",Matheus Nicolau,Louis Smolka,win
"December 30, 2017",Tim Elliott,Mark De La Rosa,win
"December 16, 2017",Rafael Dos Anjos,Robbie Lawler,win
"December 16, 2017",Josh Emmett,Ricardo Lamas,win
"December 16, 2017",Santiago Ponzinibbio,Mike Perry,win
"December 16, 2017",Glover Teixeira,Misha Cirkunov,win
"December 16, 2017",Jan Blachowicz,Jared Cannonier,win
"December 16, 2017",Julian Marquez,Darren Stewart,win
"December 16, 2017",Chad Laprise,Galore Bofando,win
"December 16, 2017",Nordine Taleb,Danny Roberts,win
"December 16, 2017",John Makdessi,Abel Trujillo,win
"December 16, 2017",Alessio Di Chirico,Oluwale Bamgbose,win
"December 16, 2017",Jordan Mein,Erick Silva,win
"December 09, 2017",Brian Ortega,Cub Swanson,win
"December 09, 2017",Gabriel Benitez,Jason Knight,win
"December 09, 2017",Marlon Moraes,Aljamain Sterling,win
"December 09, 2017",Scott Holtzman,Darrell Horcher,win
"December 09, 2017",Eryk Anders,Markus Perez,win
"December 09, 2017",Benito Lopez,Albert Morales,win
"December 09, 2017",Alexis Davis,Liz Carmouche,win
"December 09, 2017",Andre Soukhamthath,Luke Sanders,win
"December 09, 2017",Alex Perez,Carls John De Tomas,win
"December 09, 2017",Frankie Saenz,Merab Dvalishvili,win
"December 09, 2017",Alejandro Perez,Iuri Alcantara,win
"December 09, 2017",Davi Ramos,Chris Gruetzemacher,win
"December 09, 2017",Trevin Giles,Antonio Braga Neto,win
"December 02, 2017",Max Holloway,Jose Aldo,win
"December 02, 2017",Francis Ngannou,Alistair Overeem,win
"December 02, 2017",Henry Cejudo,Sergio Pettis,win
"December 02, 2017",Eddie Alvarez,Justin Gaethje,win
"December 02, 2017",Tecia Pennington,Michelle Waterson-Gomez,win
"December 02, 2017",Paul Felder,Charles Oliveira,win
"December 02, 2017",Yancy Medeiros,Alex Oliveira,win
"December 02, 2017",David Teymur,Drakkar Klose,win
"December 02, 2017",Felice Herrig,Cortney Casey,win
"December 02, 2017",Amanda Cooper,Angela Magana,win
"December 02, 2017",Abdul Razak Alhassan,Sabah Homasi,win
"December 02, 2017",Dominick Reyes,Jeremy Kimball,win
"December 02, 2017",Justin Willis,Allen Crowder,win
"December 01, 2017",Nicco Montano,Roxanne Modafferi,win
"December 01, 2017",Sean O'Malley,Terrion Ware,win
"December 01, 2017",Lauren Murphy,Barb Honchak,win
"December 01, 2017",Gerald Meerschaert,Eric Spicely,win
"December 01, 2017",DeAnna Bennett,Melinda Fabian,draw
"December 01, 2017",Brett Johns,Joe Soto,win
"December 01, 2017",Montana De La Rosa,Christina Marks,win
"December 01, 2017",Ryan Janes,Andrew Sanchez,win
"December 01, 2017",Rachael Ostovich,Karine Gevorgyan,win
"December 01, 2017",Shana Dobson,Ariel Beck,win
"December 01, 2017",Gillian Robertson,Emily Whitmire,win
"November 25, 2017",Kelvin Gastelum,Michael Bisping,win
"November 25, 2017",Li Jingliang,Zak Ottow,win
"November 25, 2017",Wang Guan,Alex Caceres,win
"November 25, 2017",Alex Garcia,Muslim Salikhov,win
"November 25, 2017",Zabit Magomedsharipov,Sheymon Moraes,win
"November 25, 2017",Song Kenan,Bobby Nash,win
"November 25, 2017",Yan Xiaonan,Kailin Curran,win
"November 25, 2017",Song Yadong,Bharat Kandare,win
"November 25, 2017",Shamil Abdurakhimov,Chase Sherman,win
"November 25, 2017",Gina Mazany,Wu Yanan,win
"November 25, 2017",Rolando Dy,Wulijiburen,win
"November 25, 2017",Cyril Asker,Hu Yaozong,win
"November 18, 2017",Fabricio Werdum,Marcin Tybura,win
"November 18, 2017",Jessica-Rose Clark,Bec Rawlings,win
"November 18, 2017",Belal Muhammad,Tim Means,win
"November 18, 2017",Jake Matthews,Bojan Velickovic,win
"November 18, 2017",Elias Theodorou,Daniel Kelly,win
"November 18, 2017",Alexander Volkanovski,Shane Young,win
"November 18, 2017",Ryan Benoit,Ashkan Mokhtarian,win
"November 18, 2017",Nik Lentz,Will Brooks,win
"November 18, 2017",Tai Tuivasa,Rashad Coulter,win
"November 18, 2017",Frank Camacho,Damien Brown,win
"November 18, 2017",Nadia Kassem,Alex Chambers,win
"November 18, 2017",Eric Shelton,Jenel Lausa,win
"November 18, 2017",Adam Wieczorek,Anthony Hamilton,win
"November 11, 2017",Dustin Poirier,Anthony Pettis,win
"November 11, 2017",Matt Brown,Diego Sanchez,win
"November 11, 2017",Andrei Arlovski,Junior Albini,win
"November 11, 2017",Cezar Ferreira,Nate Marquardt,win
"November 11, 2017",Raphael Assuncao,Matthew Lopez,win
"November 11, 2017",Clay Guida,Joe Lauzon,win
"November 11, 2017",Marlon Moraes,John Dodson,win
"November 11, 2017",Tatiana Suarez,Viviane Pereira,win
"November 11, 2017",Sage Northcutt,Michel Quinones,win
"November 11, 2017",Nina Nunes,Angela Hill,win
"November 11, 2017",Sean Strickland,Court McGee,win
"November 11, 2017",Jake Collier,Marcel Fortuna,win
"November 11, 2017",Karl Roberson,Darren Stewart,win
"November 04, 2017",Georges St-Pierre,Michael Bisping,win
"November 04, 2017",TJ Dillashaw,Cody Garbrandt,win
"November 04, 2017",Rose Namajunas,Joanna Jedrzejczyk,win
"November 04, 2017",Stephen Thompson,Jorge Masvidal,win
"November 04, 2017",Paulo Costa,Johny Hendricks,win
"November 04, 2017",James Vick,Joe Duffy,win
"November 04, 2017",Mark Godbeer,Walt Harris,win
"November 04, 2017",Ovince Saint Preux,Corey Anderson,win
"November 04, 2017",Randy Brown,Mickey Gall,win
"November 04, 2017",Curtis Blaydes,Aleksei Oleinik,win
"November 04, 2017",Ricardo Ramos,Aiemann Zahabi,win
"October 28, 2017",Derek Brunson,Lyoto Machida,win
"October 28, 2017",Colby Covington,Demian Maia,win
"October 28, 2017",Pedro Munhoz,Rob Font,win
"October 28, 2017",Francisco Trinaldo,Jim Miller,win
"October 28, 2017",Thiago Santos,Jack Hermansson,win
"October 28, 2017",John Lineker,Marlon Vera,win
"October 28, 2017",Vicente Luque,Niko Price,win
"October 28, 2017",Antonio Carlos Junior,Jack Marshman,win
"October 28, 2017",Jared Gordon,Hacran Dias,win
"October 28, 2017",Elizeu Zaleski dos Santos,Max Griffin,win
"October 28, 2017",Deiveson Figueiredo,Jarred Brooks,win
"October 28, 2017",Marcelo Golm,Christian Colombo,win
"October 21, 2017",Darren Till,Donald Cerrone,win
"October 21, 2017",Karolina Kowalkiewicz,Jodie Esquibel,win
"October 21, 2017",Jan Blachowicz,Devin Clark,win
"October 21, 2017",Oskar Piechota,Jonathan Wilson,win
"October 21, 2017",Marcin Held,Nasrat Haqparast,win
"October 21, 2017",Brian Kelleher,Damian Stasiak,win
"October 21, 2017",Ramazan Emeev,Sam Alvey,win
"October 21, 2017",Andre Fili,Artem Lobov,win
"October 21, 2017",Warlley Alves,Salim Touahri,win
"October 21, 2017",Aspen Ladd,Lina Lansberg,win
"October 21, 2017",Josh Emmett,Felipe Arantes,win
"October 07, 2017",Tony Ferguson,Kevin Lee,win
"October 07, 2017",Demetrious Johnson,Ray Borg,win
"October 07, 2017",Fabricio Werdum,Walt Harris,win
"October 07, 2017",Mara Romero Borella,Kalindra Faria,win
"October 07, 2017",Beneil Dariush,Evan Dunham,draw
"October 07, 2017",Cody Stamann,Tom Duquesnoy,win
"October 07, 2017",Lando Vannata,King Green,draw
"October 07, 2017",Poliana Botelho,Pearl Gonzalez,win
"October 07, 2017",Matt Schnell,Marco Beltran,win
"October 07, 2017",John Moraga,Magomed Bibulatov,win
"October 07, 2017",Brad Tavares,Thales Leites,win
"September 22, 2017",Ovince Saint Preux,Yushin Okami,win
"September 22, 2017",Jessica Andrade,Claudia Gadelha,win
"September 22, 2017",Dong Hyun Ma,Takanori Gomi,win
"September 22, 2017",Gokhan Saki,Henrique da Silva,win
"September 22, 2017",Teruto Ishihara,Rolando Dy,win
"September 22, 2017",Jussier Formiga,Yuta Sasaki,win
"September 22, 2017",Keita Nakamura,Alex Morono,win
"September 22, 2017",Syuri Kondo,Chan-Mi Jeon,win
"September 22, 2017",Shinsho Anzai,Luke Jumeau,win
"September 22, 2017",Daichi Abe,Hyun Gyu Lim,win
"September 16, 2017",Luke Rockhold,David Branch,win
"September 16, 2017",Mike Perry,Alex Reyes,win
"September 16, 2017",Anthony Smith,Hector Lombard,win
"September 16, 2017",Gregor Gillespie,Jason Gonzalez,win
"September 16, 2017",Kamaru Usman,Sergio Moraes,win
"September 16, 2017",Justin Ledet,Azunna Anyanwu,win
"September 16, 2017",Olivier Aubin-Mercier,Anthony Rocco Martin,win
"September 16, 2017",Daniel Spitz,Anthony Hamilton,win
"September 16, 2017",Uriah Hall,Krzysztof Jotko,win
"September 16, 2017",Gilbert Burns,Jason Saggo,win
"September 09, 2017",Amanda Nunes,Valentina Shevchenko,win
"September 09, 2017",Rafael Dos Anjos,Neil Magny,win
"September 09, 2017",Henry Cejudo,Wilson Reis,win
"September 09, 2017",Ilir Latifi,Tyson Pedro,win
"September 09, 2017",Jeremy Stephens,Gilbert Melendez,win
"September 09, 2017",Ketlen Vieira,Sara McMann,win
"September 09, 2017",Sarah Moras,Ashlee Evans-Smith,win
"September 09, 2017",Ricky Glenn,Gavin Tucker,win
"September 09, 2017",Alex White,Mitch Clarke,win
"September 09, 2017",Arjan Bhullar,Luis Henrique,win
"September 09, 2017",Kajan Johnson,Adriano Martins,win
"September 02, 2017",Alexander Volkov,Stefan Struve,win
"September 02, 2017",Siyar Bahadurzada,Rob Wilkinson,win
"September 02, 2017",Marion Reneau,Talita Bernardo,win
"September 02, 2017",Leon Edwards,Bryan Barberena,win
"September 02, 2017",Darren Till,Bojan Velickovic,win
"September 02, 2017",Mairbek Taisumov,Felipe Silva,win
"September 02, 2017",Michel Prazeres,Mads Burnell,win
"September 02, 2017",Rustam Khabilov,Desmond Green,win
"September 02, 2017",Aleksandar Rakic,Francimar Barroso,win
"September 02, 2017",Zabit Magomedsharipov,Mike Santiago,win
"September 02, 2017",Abdul-Kerim Edilov,Bojan Mihajlovic,win
"September 02, 2017",Thibault Gouti,Andrew Holbrook,win
"August 05, 2017",Sergio Pettis,Brandon Moreno,win
"August 05, 2017",Alexa Grasso,Randa Markos,win
"August 05, 2017",Niko Price,Alan Jouban,win
"August 05, 2017",Humberto Bandenay,Martin Bravo,win
"August 05, 2017",Sam Alvey,Rashad Evans,win
"August 05, 2017",Alejandro Perez,Andre Soukhamthath,win
"August 05, 2017",Jack Hermansson,Brad Scott,win
"August 05, 2017",Dustin Ortiz,Hector Sandoval,win
"August 05, 2017",Rani Yahya,Henry Briones,win
"August 05, 2017",Jose Quinonez,Diego Rivas,win
"August 05, 2017",Joseph Morales,Robert Sanchez,win
"August 05, 2017",Jordan Rinaldi,Alvaro Herrera Mendoza,win
"July 29, 2017",Daniel Cormier,Jon Jones,nc
"July 29, 2017",Tyron Woodley,Demian Maia,win
"July 29, 2017",Cristiane Justino,Tonya Evinger,win
"July 29, 2017",Robbie Lawler,Donald Cerrone,win
"July 29, 2017",Volkan Oezdemir,Jimi Manuwa,win
"July 29, 2017",Ricardo Lamas,Jason Knight,win
"July 29, 2017",Aljamain Sterling,Renan Barao,win
"July 29, 2017",Brian Ortega,Renato Moicano,win
"July 29, 2017",Calvin Kattar,Andre Fili,win
"July 29, 2017",Aleksandra Albu,Kailin Curran,win
"July 29, 2017",Jarred Brooks,Eric Shelton,win
"July 29, 2017",Drew Dober,Joshua Burkman,win
"July 22, 2017",Chris Weidman,Kelvin Gastelum,win
"July 22, 2017",Darren Elkins,Dennis Bermudez,win
"July 22, 2017",Patrick Cummins,Gian Villante,win
"July 22, 2017",Jimmie Rivera,Thomas Almeida,win
"July 22, 2017",Elizeu Zaleski dos Santos,Lyman Good,win
"July 22, 2017",Eryk Anders,Rafael Natal,win
"July 22, 2017",Alex Oliveira,Ryan LaFlare,win
"July 22, 2017",Chase Sherman,Damian Grabowski,win
"July 22, 2017",Jeremy Kennedy,Kyle Bochniak,win
"July 22, 2017",Marlon Vera,Brian Kelleher,win
"July 22, 2017",Junior Albini,Timothy Johnson,win
"July 22, 2017",Shane Burgos,Godofredo Pepey,win
"July 22, 2017",Chris Wade,Frankie Perez,win
"July 16, 2017",Santiago Ponzinibbio,Gunnar Nelson,win
"July 16, 2017",Cynthia Calvillo,Joanne Wood,win
"July 16, 2017",Paul Felder,Stevie Ray,win
"July 16, 2017",Jack Marshman,Ryan Janes,win
"July 16, 2017",Khalil Rountree Jr.,Paul Craig,win
"July 16, 2017",Justin Willis,James Mulheron,win
"July 16, 2017",Danny Roberts,Bobby Nash,win
"July 16, 2017",Alexandre Pantoja,Neil Seery,win
"July 16, 2017",Galore Bofando,Charlie Ward,win
"July 16, 2017",Danny Henry,Daniel Teymur,win
"July 16, 2017",Brett Johns,Albert Morales,win
"July 16, 2017",Leslie Smith,Amanda Lemos,win
"July 08, 2017",Robert Whittaker,Yoel Romero,win
"July 08, 2017",Alistair Overeem,Fabricio Werdum,win
"July 08, 2017",Curtis Blaydes,Daniel Omielanczuk,win
"July 08, 2017",Anthony Pettis,Jim Miller,win
"July 08, 2017",Rob Font,Douglas Silva de Andrade,win
"July 08, 2017",Aleksei Oleinik,Travis Browne,win
"July 08, 2017",Chad Laprise,Brian Camozzi,win
"July 08, 2017",Thiago Santos,Gerald Meerschaert,win
"July 08, 2017",Belal Muhammad,Jordan Mein,win
"July 08, 2017",Cody Stamann,Terrion Ware,win
"July 08, 2017",Trevin Giles,James Bochnovic,win
"July 07, 2017",Justin Gaethje,Michael Johnson,win
"July 07, 2017",Jesse Taylor,Dhiego Lima,win
"July 07, 2017",Drakkar Klose,Marc Diakiese,win
"July 07, 2017",Jared Cannonier,Nick Roehrick,win
"July 07, 2017",Brad Tavares,Elias Theodorou,win
"July 07, 2017",Jordan Johnson,Marcel Fortuna,win
"July 07, 2017",Angela Hill,Ashley Yoder,win
"July 07, 2017",James Krause,Tom Gallicchio,win
"July 07, 2017",CB Dollaway,Ed Herman,win
"July 07, 2017",Tecia Pennington,Juliana Lima,win
"July 07, 2017",Gray Maynard,Teruto Ishihara,win
"June 25, 2017",Kevin Lee,Michael Chiesa,win
"June 25, 2017",Tim Boetsch,Johny Hendricks,win
"June 25, 2017",Felice Herrig,Justine Kish,win
"June 25, 2017",Dominick Reyes,Joachim Christensen,win
"June 25, 2017",Tim Means,Alex Garcia,win
"June 25, 2017",Dennis Siver,BJ Penn,win
"June 25, 2017",Clay Guida,Erik Koch,win
"June 25, 2017",Marvin Vettori,Vitor Miranda,win
"June 25, 2017",Carla Esparza,Maryna Moroz,win
"June 25, 2017",Darrell Horcher,Devin Powell,win
"June 25, 2017",Jared Gordon,Michel Quinones,win
"June 25, 2017",Anthony Rocco Martin,Johnny Case,win
"June 25, 2017",Jeremy Kimball,Josh Stansbury,win
"June 17, 2017",Holly Holm,Bethe Correia,win
"June 17, 2017",Marcin Tybura,Andrei Arlovski,win
"June 17, 2017",Colby Covington,Dong Hyun Kim,win
"June 17, 2017",Rafael Dos Anjos,Tarec Saffiedine,win
"June 17, 2017",Jon Tuck,Takanori Gomi,win
"June 17, 2017",Walt Harris,Cyril Asker,win
"June 17, 2017",Alex Caceres,Rolando Dy,win
"June 17, 2017",Yuta Sasaki,Justin Scoggins,win
"June 17, 2017",Li Jingliang,Frank Camacho,win
"June 17, 2017",Russell Doane,Kwan Ho Kwak,win
"June 17, 2017",Naoki Inoue,Carls John De Tomas,win
"June 17, 2017",Lucie Pudilova,Ji Yeon Kim,win
"June 10, 2017",Mark Hunt,Derrick Lewis,win
"June 10, 2017",Derek Brunson,Daniel Kelly,win
"June 10, 2017",Dan Hooker,Ross Pearson,win
"June 10, 2017",Ion Cutelaba,Henrique da Silva,win
"June 10, 2017",Ben Nguyen,Tim Elliott,win
"June 10, 2017",Alexander Volkanovski,Mizuto Hirota,win
"June 10, 2017",Vinc Pichel,Damien Brown,win
"June 10, 2017",Luke Jumeau,Dominique Steele,win
"June 10, 2017",John Moraga,Ashkan Mokhtarian,win
"June 10, 2017",Zak Ottow,Kiichi Kunimoto,win
"June 10, 2017",JJ Aldrich,Chan-Mi Jeon,win
"June 03, 2017",Max Holloway,Jose Aldo,win
"June 03, 2017",Claudia Gadelha,Karolina Kowalkiewicz,win
"June 03, 2017",Vitor Belfort,Nate Marquardt,win
"June 03, 2017",Paulo Costa,Oluwale Bamgbose,win
"June 03, 2017",Yancy Medeiros,Erick Silva,win
"June 03, 2017",Raphael Assuncao,Marlon Moraes,win
"June 03, 2017",Antonio Carlos Junior,Eric Spicely,win
"June 03, 2017",Matthew Lopez,Johnny Eduardo,win
"June 03, 2017",Brian Kelleher,Iuri Alcantara,win
"June 03, 2017",Viviane Pereira,Jamie Moyle,win
"June 03, 2017",Luan Chagas,Jim Wallhead,win
"June 03, 2017",Deiveson Figueiredo,Marco Beltran,win
"May 28, 2017",Alexander Gustafsson,Glover Teixeira,win
"May 28, 2017",Volkan Oezdemir,Misha Cirkunov,win
"May 28, 2017",Peter Sobotta,Ben Saunders,win
"May 28, 2017",Omari Akhmedov,Abdul Razak Alhassan,win
"May 28, 2017",Nordine Taleb,Oliver Enkamp,win
"May 28, 2017",Jack Hermansson,Alex Nicholson,win
"May 28, 2017",Pedro Munhoz,Damian Stasiak,win
"May 28, 2017",Trevor Smith,Chris Camozzi,win
"May 28, 2017",Joaquim Silva,Reza Madadi,win
"May 28, 2017",Bojan Velickovic,Nicholas Musoke,win
"May 28, 2017",Darren Till,Jessin Ayari,win
"May 28, 2017",Damir Hadzovic,Marcin Held,win
"May 13, 2017",Stipe Miocic,Junior Dos Santos,win
"May 13, 2017",Joanna Jedrzejczyk,Jessica Andrade,win
"May 13, 2017",Demian Maia,Jorge Masvidal,win
"May 13, 2017",Frankie Edgar,Yair Rodriguez,win
"May 13, 2017",David Branch,Krzysztof Jotko,win
"May 13, 2017",Eddie Alvarez,Dustin Poirier,nc
"May 13, 2017",Jason Knight,Chas Skelly,win
"May 13, 2017",Chase Sherman,Rashad Coulter,win
"May 13, 2017",James Vick,Marco Polo Reyes,win
"May 13, 2017",Cortney Casey,Jessica Aguilar,win
"May 13, 2017",Enrique Barzola,Gabriel Benitez,win
"May 13, 2017",Gadzhimurad Antigulov,Joachim Christensen,win
"April 22, 2017",Cub Swanson,Artem Lobov,win
"April 22, 2017",Al Iaquinta,Diego Sanchez,win
"April 22, 2017",Ovince Saint Preux,Marcos Rogerio de Lima,win
"April 22, 2017",John Dodson,Eddie Wineland,win
"April 22, 2017",Stevie Ray,Joe Lauzon,win
"April 22, 2017",Mike Perry,Jake Ellenberger,win
"April 22, 2017",Thales Leites,Sam Alvey,win
"April 22, 2017",Brandon Moreno,Dustin Ortiz,win
"April 22, 2017",Scott Holtzman,Michael McBride,win
"April 22, 2017",Danielle Taylor,Jessica Penne,win
"April 22, 2017",Alexis Davis,Cindy Dandois,win
"April 22, 2017",Bryan Barberena,Joe Proctor,win
"April 22, 2017",Hector Sandoval,Matt Schnell,win
"April 15, 2017",Demetrious Johnson,Wilson Reis,win
"April 15, 2017",Rose Namajunas,Michelle Waterson-Gomez,win
"April 15, 2017",Robert Whittaker,Jacare Souza,win
"April 15, 2017",Renato Moicano,Jeremy Stephens,win
"April 15, 2017",Alexander Volkov,Roy Nelson,win
"April 15, 2017",Tom Duquesnoy,Patrick Williams,win
"April 15, 2017",Rashid Magomedov,King Green,win
"April 15, 2017",Tim Elliott,Louis Smolka,win
"April 15, 2017",Aljamain Sterling,Augusto Mendes,win
"April 15, 2017",Devin Clark,Jake Collier,win
"April 15, 2017",Anthony Smith,Andrew Sanchez,win
"April 15, 2017",Zak Cummings,Nathan Coy,win
"April 15, 2017",Ketlen Vieira,Ashlee Evans-Smith,win
"April 08, 2017",Daniel Cormier,Anthony Johnson,win
"April 08, 2017",Gegard Mousasi,Chris Weidman,win
"April 08, 2017",Cynthia Calvillo,Pearl Gonzalez,win
"April 08, 2017",Thiago Alves,Patrick Cote,win
"April 08, 2017",Charles Oliveira,Will Brooks,win
"April 08, 2017",Myles Jury,Mike de la Torre,win
"April 08, 2017",Kamaru Usman,Sean Strickland,win
"April 08, 2017",Shane Burgos,Charles Rosa,win
"April 08, 2017",Patrick Cummins,Jan Blachowicz,win
"April 08, 2017",Gregor Gillespie,Andrew Holbrook,win
"April 08, 2017",Desmond Green,Josh Emmett,win
"April 08, 2017",Katlyn Cerminara,Irene Aldana,win
"April 08, 2017",Magomed Bibulatov,Jenel Lausa,win
"March 18, 2017",Jimi Manuwa,Corey Anderson,win
"March 18, 2017",Gunnar Nelson,Alan Jouban,win
"March 18, 2017",Marlon Vera,Brad Pickett,win
"March 18, 2017",Arnold Allen,Makwan Amirkhani,win
"March 18, 2017",Joe Duffy,Reza Madadi,win
"March 18, 2017",Francimar Barroso,Darren Stewart,win
"March 18, 2017",Timothy Johnson,Daniel Omielanczuk,win
"March 18, 2017",Leon Edwards,Vicente Luque,win
"March 18, 2017",Marc Diakiese,Teemu Packalen,win
"March 18, 2017",Brad Scott,Scott Askham,win
"March 18, 2017",Lina Lansberg,Lucie Pudilova,win
"March 11, 2017",Vitor Belfort,Kelvin Gastelum,nc
"March 11, 2017",Mauricio Rua,Gian Villante,win
"March 11, 2017",Edson Barboza,Beneil Dariush,win
"March 11, 2017",Ray Borg,Jussier Formiga,win
"March 11, 2017",Bethe Correia,Marion Reneau,draw
"March 11, 2017",Alex Oliveira,Tim Means,win
"March 11, 2017",Kevin Lee,Francisco Trinaldo,win
"March 11, 2017",Sergio Moraes,Davi Ramos,win
"March 11, 2017",Joe Soto,Rani Yahya,win
"March 11, 2017",Michel Prazeres,Joshua Burkman,win
"March 11, 2017",Jeremy Kennedy,Rony Jason,win
"March 11, 2017",Paulo Costa,Garreth McLellan,win
"March 04, 2017",Tyron Woodley,Stephen Thompson,win
"March 04, 2017",David Teymur,Lando Vannata,win
"March 04, 2017",Daniel Kelly,Rashad Evans,win
"March 04, 2017",Cynthia Calvillo,Amanda Cooper,win
"March 04, 2017",Alistair Overeem,Mark Hunt,win
"March 04, 2017",Marcin Tybura,Luis Henrique,win
"March 04, 2017",Darren Elkins,Mirsad Bektic,win
"March 04, 2017",Iuri Alcantara,Luke Sanders,win
"March 04, 2017",Mark Godbeer,Daniel Spitz,win
"March 04, 2017",Tyson Pedro,Paul Craig,win
"March 04, 2017",Albert Morales,Andre Soukhamthath,win
"February 19, 2017",Derrick Lewis,Travis Browne,win
"February 19, 2017",Johny Hendricks,Hector Lombard,win
"February 19, 2017",Gavin Tucker,Sam Sicilia,win
"February 19, 2017",Elias Theodorou,Cezar Ferreira,win
"February 19, 2017",Sara McMann,Gina Mazany,win
"February 19, 2017",Paul Felder,Alex Ricci,win
"February 19, 2017",Santiago Ponzinibbio,Nordine Taleb,win
"February 19, 2017",Randa Markos,Carla Esparza,win
"February 19, 2017",Aiemann Zahabi,Reginaldo Vieira,win
"February 19, 2017",Thiago Santos,Jack Marshman,win
"February 19, 2017",Gerald Meerschaert,Ryan Janes,win
"February 11, 2017",Germaine de Randamie,Holly Holm,win
"February 11, 2017",Anderson Silva,Derek Brunson,win
"February 11, 2017",Jacare Souza,Tim Boetsch,win
"February 11, 2017",Glover Teixeira,Jared Cannonier,win
"February 11, 2017",Dustin Poirier,Jim Miller,win
"February 11, 2017",Belal Muhammad,Randy Brown,win
"February 11, 2017",Wilson Reis,Yuta Sasaki,win
"February 11, 2017",Islam Makhachev,Nik Lentz,win
"February 11, 2017",Ricky Glenn,Phillipe Nover,win
"February 11, 2017",Ryan LaFlare,Roan Carneiro,win
"February 04, 2017",Chan Sung Jung,Dennis Bermudez,win
"February 04, 2017",Felice Herrig,Alexa Grasso,win
"February 04, 2017",James Vick,Abel Trujillo,win
"February 04, 2017",Volkan Oezdemir,Ovince Saint Preux,win
"February 04, 2017",Marcel Fortuna,Anthony Hamilton,win
"February 04, 2017",Jessica Andrade,Angela Hill,win
"February 04, 2017",Adam Milstead,Curtis Blaydes,nc
"February 04, 2017",Chas Skelly,Chris Gruetzemacher,win
"February 04, 2017",Ricardo Ramos,Michinori Tanaka,win
"February 04, 2017",Tecia Pennington,Bec Rawlings,win
"February 04, 2017",Alex Morono,Niko Price,nc
"February 04, 2017",Khalil Rountree Jr.,Daniel Jolly,win
"January 28, 2017",Valentina Shevchenko,Julianna Pena,win
"January 28, 2017",Jorge Masvidal,Donald Cerrone,win
"January 28, 2017",Francis Ngannou,Andrei Arlovski,win
"January 28, 2017",Jason Knight,Alex Caceres,win
"January 28, 2017",Sam Alvey,Nate Marquardt,win
"January 28, 2017",Raphael Assuncao,Aljamain Sterling,win
"January 28, 2017",Li Jingliang,Bobby Nash,win
"January 28, 2017",Jordan Johnson,Henrique da Silva,win
"January 28, 2017",Eric Spicely,Alessio Di Chirico,win
"January 28, 2017",Marcos Rogerio de Lima,Jeremy Kimball,win
"January 28, 2017",Alexandre Pantoja,Eric Shelton,win
"January 28, 2017",Jason Gonzalez,JC Cottrell,win
"January 15, 2017",Yair Rodriguez,BJ Penn,win
"January 15, 2017",Joe Lauzon,Marcin Held,win
"January 15, 2017",Ben Saunders,Court McGee,win
"January 15, 2017",Sergio Pettis,John Moraga,win
"January 15, 2017",Drakkar Klose,Devin Powell,win
"January 15, 2017",Augusto Mendes,Frankie Saenz,win
"January 15, 2017",Aleksei Oleinik,Viktor Pesta,win
"January 15, 2017",Anthony Rocco Martin,Alex White,win
"January 15, 2017",Nina Nunes,Jocelyn Jones-Lybarger,win
"January 15, 2017",Walt Harris,Chase Sherman,win
"January 15, 2017",Joachim Christensen,Bojan Mihajlovic,win
"January 15, 2017",Cyril Asker,Dmitrii Smoliakov,win
"December 30, 2016",Amanda Nunes,Ronda Rousey,win
"December 30, 2016",Cody Garbrandt,Dominick Cruz,win
"December 30, 2016",TJ Dillashaw,John Lineker,win
"December 30, 2016",Dong Hyun Kim,Tarec Saffiedine,win
"December 30, 2016",Ray Borg,Louis Smolka,win
"December 30, 2016",Neil Magny,Johny Hendricks,win
"December 30, 2016",Antonio Carlos Junior,Marvin Vettori,win
"December 30, 2016",Alex Garcia,Mike Pyle,win
"December 30, 2016",Niko Price,Brandon Thatch,win
"December 30, 2016",Alex Oliveira,Tim Means,nc
"December 17, 2016",Michelle Waterson-Gomez,Paige VanZant,win
"December 17, 2016",Mickey Gall,Sage Northcutt,win
"December 17, 2016",Urijah Faber,Brad Pickett,win
"December 17, 2016",Alan Jouban,Mike Perry,win
"December 17, 2016",Paul Craig,Henrique da Silva,win
"December 17, 2016",Mizuto Hirota,Cole Miller,win
"December 17, 2016",Colby Covington,Bryan Barberena,win
"December 17, 2016",Alex Morono,James Moontasri,win
"December 17, 2016",Josh Emmett,Scott Holtzman,win
"December 17, 2016",Leslie Smith,Irene Aldana,win
"December 17, 2016",Eddie Wineland,Takeya Mizugaki,win
"December 17, 2016",Hector Sandoval,Fredy Serrano,win
"December 17, 2016",Sultan Aliev,Bojan Velickovic,win
"December 10, 2016",Max Holloway,Anthony Pettis,win
"December 10, 2016",Donald Cerrone,Matt Brown,win
"December 10, 2016",Cub Swanson,Dooho Choi,win
"December 10, 2016",Kelvin Gastelum,Tim Kennedy,win
"December 10, 2016",Emil Meek,Jordan Mein,win
"December 10, 2016",Misha Cirkunov,Nikita Krylov,win
"December 10, 2016",Olivier Aubin-Mercier,Drew Dober,win
"December 10, 2016",Viviane Pereira,Valerie Letourneau,win
"December 10, 2016",Matthew Lopez,Mitch Gagnon,win
"December 10, 2016",Lando Vannata,John Makdessi,win
"December 10, 2016",Rustam Khabilov,Jason Saggo,win
"December 10, 2016",Dustin Ortiz,Zach Makovsky,win
"December 09, 2016",Derrick Lewis,Shamil Abdurakhimov,win
"December 09, 2016",Francis Ngannou,Anthony Hamilton,win
"December 09, 2016",Corey Anderson,Sean O'Connell,win
"December 09, 2016",Gian Villante,Saparbeg Safarov,win
"December 09, 2016",Justine Kish,Ashley Yoder,win
"December 09, 2016",Randy Brown,Brian Camozzi,win
"December 09, 2016",Gerald Meerschaert,Joseph Gigliotti,win
"December 09, 2016",Andrew Sanchez,Trevor Smith,win
"December 09, 2016",Shane Burgos,Tiago dos Santos e Silva,win
"December 09, 2016",Marc Diakiese,Frankie Perez,win
"December 09, 2016",Ryan Janes,Keith Berish,win
"December 09, 2016",Juliana Lima,JJ Aldrich,win
"December 03, 2016",Demetrious Johnson,Tim Elliott,win
"December 03, 2016",Joseph Benavidez,Henry Cejudo,win
"December 03, 2016",Jorge Masvidal,Jake Ellenberger,win
"December 03, 2016",Jared Cannonier,Ion Cutelaba,win
"December 03, 2016",Sara McMann,Alexis Davis,win
"December 03, 2016",Brandon Moreno,Ryan Benoit,win
"December 03, 2016",Ryan Hall,Gray Maynard,win
"December 03, 2016",Rob Font,Matt Schnell,win
"December 03, 2016",Dong Hyun Ma,Brendan O'Reilly,win
"December 03, 2016",Jamie Moyle,Kailin Curran,win
"December 03, 2016",Anthony Smith,Elvis Mutapcic,win
"December 03, 2016",Devin Clark,Josh Stansbury,win
"November 26, 2016",Robert Whittaker,Derek Brunson,win
"November 26, 2016",Andrew Holbrook,Jake Matthews,win
"November 26, 2016",Omari Akhmedov,Kyle Noke,win
"November 26, 2016",Alexander Volkanovski,Yusuke Kasuya,win
"November 26, 2016",Tyson Pedro,Khalil Rountree Jr.,win
"November 26, 2016",Danielle Taylor,Seo Hee Ham,win
"November 26, 2016",Daniel Kelly,Chris Camozzi,win
"November 26, 2016",Damien Brown,Jon Tuck,win
"November 26, 2016",Jonathan Meunier,Richard Walsh,win
"November 26, 2016",Ben Nguyen,Geane Herrera,win
"November 26, 2016",Jason Knight,Dan Hooker,win
"November 26, 2016",Marlon Vera,Guangyou Ning,win
"November 26, 2016",Jenel Lausa,Yao Zhikui,win
"November 19, 2016",Ryan Bader,Rogerio Nogueira,win
"November 19, 2016",Thomas Almeida,Albert Morales,win
"November 19, 2016",Claudia Gadelha,Cortney Casey,win
"November 19, 2016",Krzysztof Jotko,Thales Leites,win
"November 19, 2016",Kamaru Usman,Warlley Alves,win
"November 19, 2016",Sergio Moraes,Zak Ottow,win
"November 19, 2016",Cezar Ferreira,Jack Hermansson,win
"November 19, 2016",Gadzhimurad Antigulov,Marcos Rogerio de Lima,win
"November 19, 2016",Johnny Eduardo,Manvel Gamburyan,win
"November 19, 2016",Luis Henrique,Christian Colombo,win
"November 19, 2016",Pedro Munhoz,Justin Scoggins,win
"November 19, 2016",Francimar Barroso,Darren Stewart,nc
"November 19, 2016",Gegard Mousasi,Uriah Hall,win
"November 19, 2016",Stevie Ray,Ross Pearson,win
"November 19, 2016",Alexander Volkov,Timothy Johnson,win
"November 19, 2016",Artem Lobov,Teruto Ishihara,win
"November 19, 2016",Jack Marshman,Magnus Cedenblad,win
"November 19, 2016",Kyoji Horiguchi,Ali Bagautinov,win
"November 19, 2016",Kevin Lee,Magomed Mustafaev,win
"November 19, 2016",Amanda Cooper,Anna Elmose,win
"November 19, 2016",Justin Ledet,Mark Godbeer,win
"November 19, 2016",Zak Cummings,Alexander Yakovlev,win
"November 19, 2016",Marion Reneau,Milana Dudieva,win
"November 19, 2016",Brett Johns,Kwan Ho Kwak,win
"November 19, 2016",Abdul Razak Alhassan,Charlie Ward,win
"November 12, 2016",Conor McGregor,Eddie Alvarez,win
"November 12, 2016",Tyron Woodley,Stephen Thompson,draw
"November 12, 2016",Joanna Jedrzejczyk,Karolina Kowalkiewicz,win
"November 12, 2016",Yoel Romero,Chris Weidman,win
"November 12, 2016",Raquel Pennington,Miesha Tate,win
"November 12, 2016",Frankie Edgar,Jeremy Stephens,win
"November 12, 2016",Khabib Nurmagomedov,Michael Johnson,win
"November 12, 2016",Tim Boetsch,Rafael Natal,win
"November 12, 2016",Vicente Luque,Belal Muhammad,win
"November 12, 2016",Jim Miller,Thiago Alves,win
"November 12, 2016",Liz Carmouche,Katlyn Cerminara,win
"November 05, 2016",Tony Ferguson,Rafael Dos Anjos,win
"November 05, 2016",Diego Sanchez,Marcin Held,win
"November 05, 2016",Ricardo Lamas,Charles Oliveira,win
"November 05, 2016",Martin Bravo,Claudio Puelles,win
"November 05, 2016",Beneil Dariush,Rashid Magomedov,win
"November 05, 2016",Alexa Grasso,Heather Clark,win
"November 05, 2016",Erik Perez,Felipe Arantes,win
"November 05, 2016",Joe Soto,Marco Beltran,win
"November 05, 2016",Max Griffin,Erick Montano,win
"November 05, 2016",Douglas Silva de Andrade,Henry Briones,win
"November 05, 2016",Sam Alvey,Alex Nicholson,win
"November 05, 2016",Marco Polo Reyes,Jason Novelli,win
"November 05, 2016",Enrique Barzola,Chris Avila,win
"October 08, 2016",Michael Bisping,Dan Henderson,win
"October 08, 2016",Gegard Mousasi,Vitor Belfort,win
"October 08, 2016",Jimi Manuwa,Ovince Saint Preux,win
"October 08, 2016",Stefan Struve,Daniel Omielanczuk,win
"October 08, 2016",Mirsad Bektic,Russell Doane,win
"October 08, 2016",Iuri Alcantara,Brad Pickett,win
"October 08, 2016",Damian Stasiak,Davey Grant,win
"October 08, 2016",Leon Edwards,Albert Tumenov,win
"October 08, 2016",Marc Diakiese,Lukasz Sajewski,win
"October 08, 2016",Mike Perry,Danny Roberts,win
"October 08, 2016",Leonardo Santos,Adriano Martins,win
"October 01, 2016",John Lineker,John Dodson,win
"October 01, 2016",Alex Oliveira,Will Brooks,win
"October 01, 2016",Zak Ottow,Joshua Burkman,win
"October 01, 2016",Brandon Moreno,Louis Smolka,win
"October 01, 2016",Henrique da Silva,Joachim Christensen,win
"October 01, 2016",Andre Fili,Hacran Dias,win
"October 01, 2016",Shamil Abdurakhimov,Walt Harris,win
"October 01, 2016",Elizeu Zaleski dos Santos,Keita Nakamura,win
"October 01, 2016",Nate Marquardt,Tamdan McCrory,win
"October 01, 2016",Ion Cutelaba,Jonathan Wilson,win
"October 01, 2016",Curtis Blaydes,Cody East,win
"October 01, 2016",Ketlen Vieira,Kelly Faszholz,win
"September 24, 2016",Cristiane Justino,Lina Lansberg,win
"September 24, 2016",Renan Barao,Phillipe Nover,win
"September 24, 2016",Roy Nelson,Antonio Silva,win
"September 24, 2016",Francisco Trinaldo,Paul Felder,win
"September 24, 2016",Eric Spicely,Thiago Santos,win
"September 24, 2016",Godofredo Pepey,Mike de la Torre,win
"September 24, 2016",Michel Prazeres,Gilbert Burns,win
"September 24, 2016",Rani Yahya,Michinori Tanaka,win
"September 24, 2016",Jussier Formiga,Dustin Ortiz,win
"September 24, 2016",Erick Silva,Luan Chagas,win
"September 24, 2016",Alan Patrick,Stevie Ray,win
"September 24, 2016",Vicente Luque,Hector Urbina,win
"September 24, 2016",Gregor Gillespie,Glaico Franca Moreira,win
"September 17, 2016",Michael Johnson,Dustin Poirier,win
"September 17, 2016",Derek Brunson,Uriah Hall,win
"September 17, 2016",Evan Dunham,Ricky Glenn,win
"September 17, 2016",Roan Carneiro,Kenny Robertson,win
"September 17, 2016",Islam Makhachev,Chris Wade,win
"September 17, 2016",Chas Skelly,Maximo Blanco,win
"September 17, 2016",Gabriel Benitez,Sam Sicilia,win
"September 17, 2016",Belal Muhammad,Augusto Montano,win
"September 17, 2016",Antonio Carlos Junior,Leonardo Guimaraes,win
"September 17, 2016",Jose Quinonez,Joey Gomez,win
"September 17, 2016",Randy Brown,Erick Montano,win
"September 17, 2016",Alejandro Perez,Albert Morales,draw
"September 10, 2016",Stipe Miocic,Alistair Overeem,win
"September 10, 2016",Fabricio Werdum,Travis Browne,win
"September 10, 2016",Mickey Gall,CM Punk,win
"September 10, 2016",Jimmie Rivera,Urijah Faber,win
"September 10, 2016",Jessica Andrade,Joanne Wood,win
"September 10, 2016",Bethe Correia,Jessica Eye,win
"September 10, 2016",Brad Tavares,Caio Magalhaes,win
"September 10, 2016",Nik Lentz,Michael McBride,win
"September 10, 2016",Drew Dober,Jason Gonzalez,win
"September 10, 2016",Yancy Medeiros,Sean Spencer,win
"September 03, 2016",Josh Barnett,Andrei Arlovski,win
"September 03, 2016",Alexander Gustafsson,Jan Blachowicz,win
"September 03, 2016",Ryan Bader,Ilir Latifi,win
"September 03, 2016",Nick Hein,Tae Hyun Bang,win
"September 03, 2016",Jessin Ayari,Jim Wallhead,win
"September 03, 2016",Peter Sobotta,Nicolas Dalby,win
"September 03, 2016",Ashlee Evans-Smith,Veronica Hardy,win
"September 03, 2016",Taylor Lapilus,Leandro Issa,win
"September 03, 2016",Jarjis Danho,Christian Colombo,draw
"September 03, 2016",Jack Hermansson,Scott Askham,win
"September 03, 2016",Rustam Khabilov,Leandro Silva,win
"August 27, 2016",Demian Maia,Carlos Condit,win
"August 27, 2016",Anthony Pettis,Charles Oliveira,win
"August 27, 2016",Paige VanZant,Bec Rawlings,win
"August 27, 2016",Jim Miller,Joe Lauzon,win
"August 27, 2016",Sam Alvey,Kevin Casey,win
"August 27, 2016",Kyle Bochniak,Enrique Barzola,win
"August 27, 2016",Alessio Di Chirico,Garreth McLellan,win
"August 27, 2016",Felipe Silva,Shane Campbell,win
"August 27, 2016",Chad Laprise,Thibault Gouti,win
"August 27, 2016",Jeremy Kennedy,Alex Ricci,win
"August 20, 2016",Conor McGregor,Nate Diaz,win
"August 20, 2016",Anthony Johnson,Glover Teixeira,win
"August 20, 2016",Donald Cerrone,Rick Story,win
"August 20, 2016",Mike Perry,Hyun Gyu Lim,win
"August 20, 2016",Tim Means,Sabah Homasi,win
"August 20, 2016",Cody Garbrandt,Takeya Mizugaki,win
"August 20, 2016",Raquel Pennington,Elizabeth Phillips,win
"August 20, 2016",Artem Lobov,Chris Avila,win
"August 20, 2016",Cortney Casey,Randa Markos,win
"August 20, 2016",Lorenz Larkin,Neil Magny,win
"August 20, 2016",Colby Covington,Max Griffin,win
"August 20, 2016",Marvin Vettori,Alberto Uda,win
"August 06, 2016",Yair Rodriguez,Alex Caceres,win
"August 06, 2016",Dennis Bermudez,Rony Jason,win
"August 06, 2016",Thales Leites,Chris Camozzi,win
"August 06, 2016",Santiago Ponzinibbio,Zak Cummings,win
"August 06, 2016",Trevor Smith,Joseph Gigliotti,win
"August 06, 2016",Maryna Moroz,Danielle Taylor,win
"August 06, 2016",Court McGee,Dominique Steele,win
"August 06, 2016",Marcin Tybura,Viktor Pesta,win
"August 06, 2016",David Teymur,Jason Novelli,win
"August 06, 2016",Teruto Ishihara,Horacio Gutierrez,win
"August 06, 2016",Cub Swanson,Tatsuya Kawajiri,win
"August 06, 2016",Justin Ledet,Chase Sherman,win
"July 30, 2016",Tyron Woodley,Robbie Lawler,win
"July 30, 2016",Karolina Kowalkiewicz,Rose Namajunas,win
"July 30, 2016",Jake Ellenberger,Matt Brown,win
"July 30, 2016",Erik Perez,Francisco Rivera,win
"July 30, 2016",Ryan Benoit,Fredy Serrano,win
"July 30, 2016",Nikita Krylov,Ed Herman,win
"July 30, 2016",Jorge Masvidal,Ross Pearson,win
"July 30, 2016",Anthony Hamilton,Damian Grabowski,win
"July 30, 2016",Wilson Reis,Hector Sandoval,win
"July 30, 2016",Michael Graves,Bojan Velickovic,draw
"July 30, 2016",Damien Brown,Cesar Arzamendia,win
"July 23, 2016",Valentina Shevchenko,Holly Holm,win
"July 23, 2016",Edson Barboza,Gilbert Melendez,win
"July 23, 2016",Francis Ngannou,Bojan Mihajlovic,win
"July 23, 2016",Felice Herrig,Kailin Curran,win
"July 23, 2016",Eddie Wineland,Frankie Saenz,win
"July 23, 2016",Darren Elkins,Godofredo Pepey,win
"July 23, 2016",Kamaru Usman,Alexander Yakovlev,win
"July 23, 2016",Michel Prazeres,JC Cottrell,win
"July 23, 2016",Alex Oliveira,James Moontasri,win
"July 23, 2016",Jason Knight,Jim Alers,win
"July 23, 2016",Luis Henrique,Dmitrii Smoliakov,win
"July 13, 2016",John Lineker,Michael McDonald,win
"July 13, 2016",Tony Ferguson,Lando Vannata,win
"July 13, 2016",Tim Boetsch,Josh Samman,win
"July 13, 2016",Daniel Omielanczuk,Aleksei Oleinik,win
"July 13, 2016",Keita Nakamura,Kyle Noke,win
"July 13, 2016",Louis Smolka,Ben Nguyen,win
"July 13, 2016",Katlyn Cerminara,Lauren Murphy,win
"July 13, 2016",Sam Alvey,Eric Spicely,win
"July 13, 2016",Cortney Casey,Cristina Stanciu,win
"July 13, 2016",Scott Holtzman,Cody Pfister,win
"July 13, 2016",Rani Yahya,Matthew Lopez,win
"July 13, 2016",Alex Nicholson,Devin Clark,win
"July 09, 2016",Amanda Nunes,Miesha Tate,win
"July 09, 2016",Brock Lesnar,Mark Hunt,nc
"July 09, 2016",Daniel Cormier,Anderson Silva,win
"July 09, 2016",Jose Aldo,Frankie Edgar,win
"July 09, 2016",Cain Velasquez,Travis Browne,win
"July 09, 2016",Julianna Pena,Cat Zingano,win
"July 09, 2016",Kelvin Gastelum,Johny Hendricks,win
"July 09, 2016",TJ Dillashaw,Raphael Assuncao,win
"July 09, 2016",Sage Northcutt,Enrique Marin,win
"July 09, 2016",Joe Lauzon,Diego Sanchez,win
"July 09, 2016",Gegard Mousasi,Thiago Santos,win
"July 09, 2016",Jim Miller,Takanori Gomi,win
"July 08, 2016",Joanna Jedrzejczyk,Claudia Gadelha,win
"July 08, 2016",Andrew Sanchez,Khalil Rountree Jr.,win
"July 08, 2016",Tatiana Suarez,Amanda Cooper,win
"July 08, 2016",Will Brooks,Ross Pearson,win
"July 08, 2016",Dooho Choi,Thiago Tavares,win
"July 08, 2016",Joaquim Silva,Andrew Holbrook,win
"July 08, 2016",Gray Maynard,Fernando Bruno,win
"July 08, 2016",Matheus Nicolau,John Moraga,win
"July 08, 2016",Josh Stansbury,Cory Hendricks,win
"July 08, 2016",Cezar Ferreira,Anthony Smith,win
"July 08, 2016",Kevin Lee,Jake Matthews,win
"July 08, 2016",Li Jingliang,Anton Zafir,win
"July 07, 2016",Eddie Alvarez,Rafael Dos Anjos,win
"July 07, 2016",Derrick Lewis,Roy Nelson,win
"July 07, 2016",Alan Jouban,Belal Muhammad,win
"July 07, 2016",Joe Duffy,Mitch Clarke,win
"July 07, 2016",Alberto Mina,Mike Pyle,win
"July 07, 2016",John Makdessi,Mehdi Baghdad,win
"July 07, 2016",Anthony Birchak,Dileno Lopes,win
"July 07, 2016",Pedro Munhoz,Russell Doane,win
"July 07, 2016",Felipe Arantes,Jerrod Sanders,win
"July 07, 2016",Gilbert Burns,Lukasz Sajewski,win
"July 07, 2016",Marco Beltran,Reginaldo Vieira,win
"July 07, 2016",Vicente Luque,Alvaro Herrera Mendoza,win
"June 18, 2016",Stephen Thompson,Rory MacDonald,win
"June 18, 2016",Donald Cerrone,Patrick Cote,win
"June 18, 2016",Steve Bosse,Sean O'Connell,win
"June 18, 2016",Olivier Aubin-Mercier,Thibault Gouti,win
"June 18, 2016",Joanne Wood,Valerie Letourneau,win
"June 18, 2016",Jason Saggo,Leandro Silva,win
"June 18, 2016",Misha Cirkunov,Ion Cutelaba,win
"June 18, 2016",Krzysztof Jotko,Tamdan McCrory,win
"June 18, 2016",Joe Soto,Chris Beal,win
"June 18, 2016",Elias Theodorou,Sam Alvey,win
"June 18, 2016",Randa Markos,Jocelyn Jones-Lybarger,win
"June 18, 2016",Colby Covington,Jonathan Meunier,win
"June 18, 2016",Ali Bagautinov,Geane Herrera,win
"June 04, 2016",Michael Bisping,Luke Rockhold,win
"June 04, 2016",Dominick Cruz,Urijah Faber,win
"June 04, 2016",Max Holloway,Ricardo Lamas,win
"June 04, 2016",Dan Henderson,Hector Lombard,win
"June 04, 2016",Dustin Poirier,King Green,win
"June 04, 2016",Brian Ortega,Clay Guida,win
"June 04, 2016",Beneil Dariush,James Vick,win
"June 04, 2016",Jessica Andrade,Jessica Penne,win
"June 04, 2016",Alex Caceres,Cole Miller,win
"June 04, 2016",Sean Strickland,Tom Breese,win
"June 04, 2016",Henrique da Silva,Jonathan Wilson,win
"June 04, 2016",Kevin Casey,Elvis Mutapcic,draw
"June 04, 2016",Marco Polo Reyes,Dong Hyun Ma,win
"May 29, 2016",Cody Garbrandt,Thomas Almeida,win
"May 29, 2016",Jeremy Stephens,Renan Barao,win
"May 29, 2016",Rick Story,Tarec Saffiedine,win
"May 29, 2016",Chris Camozzi,Vitor Miranda,win
"May 29, 2016",Lorenz Larkin,Jorge Masvidal,win
"May 29, 2016",Paul Felder,Joshua Burkman,win
"May 29, 2016",Sara McMann,Jessica Eye,win
"May 29, 2016",Abel Trujillo,Jordan Rinaldi,win
"May 29, 2016",Jake Collier,Alberto Uda,win
"May 29, 2016",Erik Koch,Shane Campbell,win
"May 29, 2016",Bryan Caraway,Aljamain Sterling,win
"May 29, 2016",Adam Milstead,Chris de la Rocha,win
"May 14, 2016",Stipe Miocic,Fabricio Werdum,win
"May 14, 2016",Jacare Souza,Vitor Belfort,win
"May 14, 2016",Cristiane Justino,Leslie Smith,win
"May 14, 2016",Mauricio Rua,Corey Anderson,win
"May 14, 2016",Bryan Barberena,Warlley Alves,win
"May 14, 2016",Demian Maia,Matt Brown,win
"May 14, 2016",Thiago Santos,Nate Marquardt,win
"May 14, 2016",Francisco Trinaldo,Yancy Medeiros,win
"May 14, 2016",John Lineker,Rob Font,win
"May 14, 2016",Rogerio Nogueira,Patrick Cummins,win
"May 14, 2016",Sergio Moraes,Luan Chagas,draw
"May 14, 2016",Renato Moicano,Zubaira Tukhugov,win
"May 08, 2016",Alistair Overeem,Andrei Arlovski,win
"May 08, 2016",Stefan Struve,Antonio Silva,win
"May 08, 2016",Gunnar Nelson,Albert Tumenov,win
"May 08, 2016",Germaine de Randamie,Anna Elmose,win
"May 08, 2016",Nikita Krylov,Francimar Barroso,win
"May 08, 2016",Karolina Kowalkiewicz,Heather Clark,win
"May 08, 2016",Rustam Khabilov,Chris Wade,win
"May 08, 2016",Magnus Cedenblad,Garreth McLellan,win
"May 08, 2016",Josh Emmett,Jon Tuck,win
"May 08, 2016",Reza Madadi,Yan Cabral,win
"May 08, 2016",Kyoji Horiguchi,Neil Seery,win
"May 08, 2016",Leon Edwards,Dominic Waters,win
"May 08, 2016",Yuta Sasaki,Willie Gates,win
"April 23, 2016",Jon Jones,Ovince Saint Preux,win
"April 23, 2016",Demetrious Johnson,Henry Cejudo,win
"April 23, 2016",Edson Barboza,Anthony Pettis,win
"April 23, 2016",Robert Whittaker,Rafael Natal,win
"April 23, 2016",Yair Rodriguez,Andre Fili,win
"April 23, 2016",Sergio Pettis,Chris Kelades,win
"April 23, 2016",Danny Roberts,Dominique Steele,win
"April 23, 2016",Carla Esparza,Juliana Lima,win
"April 23, 2016",James Vick,Glaico Franca Moreira,win
"April 23, 2016",Walt Harris,Cody East,win
"April 23, 2016",Marcos Rogerio de Lima,Clint Hester,win
"April 23, 2016",Kevin Lee,Efrain Escudero,win
"April 16, 2016",Glover Teixeira,Rashad Evans,win
"April 16, 2016",Rose Namajunas,Tecia Pennington,win
"April 16, 2016",Khabib Nurmagomedov,Darrell Horcher,win
"April 16, 2016",Cub Swanson,Hacran Dias,win
"April 16, 2016",Michael Chiesa,Beneil Dariush,win
"April 16, 2016",Raquel Pennington,Bethe Correia,win
"April 16, 2016",Santiago Ponzinibbio,Court McGee,win
"April 16, 2016",Michael Graves,Randy Brown,win
"April 16, 2016",John Dodson,Manvel Gamburyan,win
"April 16, 2016",Cezar Ferreira,Oluwale Bamgbose,win
"April 16, 2016",Elizeu Zaleski dos Santos,Omari Akhmedov,win
"April 10, 2016",Junior Dos Santos,Ben Rothwell,win
"April 10, 2016",Derrick Lewis,Gabriel Gonzaga,win
"April 10, 2016",Francis Ngannou,Curtis Blaydes,win
"April 10, 2016",Timothy Johnson,Marcin Tybura,win
"April 10, 2016",Jan Blachowicz,Igor Pokrajac,win
"April 10, 2016",Maryna Moroz,Cristina Stanciu,win
"April 10, 2016",Zak Cummings,Nicolas Dalby,win
"April 10, 2016",Alejandro Perez,Ian Entwistle,win
"April 10, 2016",Mairbek Taisumov,Damir Hadzovic,win
"April 10, 2016",Damian Stasiak,Filip Pejic,win
"April 10, 2016",Lucas Martins,Robert Whiteford,win
"April 10, 2016",Jared Cannonier,Cyril Asker,win
"April 10, 2016",Bojan Velickovic,Alessio Di Chirico,win
"March 19, 2016",Mark Hunt,Frank Mir,win
"March 19, 2016",Neil Magny,Hector Lombard,win
"March 19, 2016",Jake Matthews,Johnny Case,win
"March 19, 2016",Daniel Kelly,Antonio Carlos Junior,win
"March 19, 2016",Steve Bosse,James Te Huna,win
"March 19, 2016",Bec Rawlings,Seo Hee Ham,win
"March 19, 2016",Alan Jouban,Brendan O'Reilly,win
"March 19, 2016",Dan Hooker,Mark Eddiva,win
"March 19, 2016",Leslie Smith,Rin Nakai,win
"March 19, 2016",Viscardi Andrade,Richard Walsh,win
"March 19, 2016",Ross Pearson,Chad Laprise,win
"March 19, 2016",Alan Patrick,Damien Brown,win
"March 05, 2016",Nate Diaz,Conor McGregor,win
"March 05, 2016",Miesha Tate,Holly Holm,win
"March 05, 2016",Ilir Latifi,Gian Villante,win
"March 05, 2016",Corey Anderson,Tom Lawlor,win
"March 05, 2016",Amanda Nunes,Valentina Shevchenko,win
"March 05, 2016",Siyar Bahadurzada,Brandon Thatch,win
"March 05, 2016",Nordine Taleb,Erick Silva,win
"March 05, 2016",Vitor Miranda,Marcelo Guimaraes,win
"March 05, 2016",Darren Elkins,Chas Skelly,win
"March 05, 2016",Diego Sanchez,Jim Miller,win
"March 05, 2016",Jason Saggo,Justin Salas,win
"March 05, 2016",Teruto Ishihara,Julian Erosa,win
"February 27, 2016",Michael Bisping,Anderson Silva,win
"February 27, 2016",Gegard Mousasi,Thales Leites,win
"February 27, 2016",Tom Breese,Keita Nakamura,win
"February 27, 2016",Brad Pickett,Francisco Rivera,win
"February 27, 2016",Makwan Amirkhani,Mike Wilkinson,win
"February 27, 2016",Davey Grant,Marlon Vera,win
"February 27, 2016",Scott Askham,Chris Dempsey,win
"February 27, 2016",Arnold Allen,Yaotzin Meza,win
"February 27, 2016",Krzysztof Jotko,Brad Scott,win
"February 27, 2016",Rustam Khabilov,Norman Parke,win
"February 27, 2016",Daniel Omielanczuk,Jarjis Danho,win
"February 27, 2016",Teemu Packalen,Thibault Gouti,win
"February 27, 2016",David Teymur,Martin Svensson,win
"February 21, 2016",Donald Cerrone,Alex Oliveira,win
"February 21, 2016",Derek Brunson,Roan Carneiro,win
"February 21, 2016",Cody Garbrandt,Augusto Mendes,win
"February 21, 2016",Dennis Bermudez,Tatsuya Kawajiri,win
"February 21, 2016",Chris Camozzi,Joe Riggs,win
"February 21, 2016",James Krause,Shane Campbell,win
"February 21, 2016",Sean Strickland,Alex Garcia,win
"February 21, 2016",Oluwale Bamgbose,Daniel Sarafian,win
"February 21, 2016",Anthony Smith,Leonardo Guimaraes,win
"February 21, 2016",Nathan Coy,Jonavin Webb,win
"February 21, 2016",Ashlee Evans-Smith,Marion Reneau,win
"February 21, 2016",Lauren Murphy,Kelly Faszholz,win
"February 21, 2016",Shamil Abdurakhimov,Anthony Hamilton,win
"February 06, 2016",Stephen Thompson,Johny Hendricks,win
"February 06, 2016",Roy Nelson,Jared Rosholt,win
"February 06, 2016",Ovince Saint Preux,Rafael Cavalcante,win
"February 06, 2016",Joseph Benavidez,Zach Makovsky,win
"February 06, 2016",Misha Cirkunov,Alex Nicholson,win
"February 06, 2016",Mike Pyle,Sean Spencer,win
"February 06, 2016",Joshua Burkman,KJ Noons,win
"February 06, 2016",Derrick Lewis,Damian Grabowski,win
"February 06, 2016",Justin Scoggins,Ray Borg,win
"February 06, 2016",Diego Rivas,Noad Lahat,win
"February 06, 2016",Mickey Gall,Mike Jackson,win
"February 06, 2016",Alex White,Artem Lobov,win
"January 30, 2016",Anthony Johnson,Ryan Bader,win
"January 30, 2016",Ben Rothwell,Josh Barnett,win
"January 30, 2016",Jimmie Rivera,Iuri Alcantara,win
"January 30, 2016",Bryan Barberena,Sage Northcutt,win
"January 30, 2016",Tarec Saffiedine,Jake Ellenberger,win
"January 30, 2016",Diego Ferreira,Olivier Aubin-Mercier,win
"January 30, 2016",Rafael Natal,Kevin Casey,win
"January 30, 2016",Wilson Reis,Dustin Ortiz,win
"January 30, 2016",Alexander Yakovlev,George Sullivan,win
"January 30, 2016",Alex Caceres,Masio Fullen,win
"January 30, 2016",Randy Brown,Matt Dwyer,win
"January 30, 2016",Damon Jackson,Levan Makashvili,draw
"January 30, 2016",Anthony Rocco Martin,Felipe Olivieri,win
"January 17, 2016",Dominick Cruz,TJ Dillashaw,win
"January 17, 2016",Eddie Alvarez,Anthony Pettis,win
"January 17, 2016",Travis Browne,Matt Mitrione,win
"January 17, 2016",Francisco Trinaldo,Ross Pearson,win
"January 17, 2016",Patrick Cote,Ben Saunders,win
"January 17, 2016",Ed Herman,Tim Boetsch,win
"January 17, 2016",Chris Wade,Mehdi Baghdad,win
"January 17, 2016",Luke Sanders,Maximo Blanco,win
"January 17, 2016",Paul Felder,Daron Cruickshank,win
"January 17, 2016",Ilir Latifi,Sean O'Connell,win
"January 17, 2016",Charles Rosa,Kyle Bochniak,win
"January 17, 2016",Rob Font,Joey Gomez,win
"January 17, 2016",Francimar Barroso,Elvis Mutapcic,win
"January 02, 2016",Robbie Lawler,Carlos Condit,win
"January 02, 2016",Stipe Miocic,Andrei Arlovski,win
"January 02, 2016",Albert Tumenov,Lorenz Larkin,win
"January 02, 2016",Brian Ortega,Diego Brandao,win
"January 02, 2016",Abel Trujillo,Tony Sims,win
"January 02, 2016",Michael McDonald,Masanori Kanehara,win
"January 02, 2016",Alex Morono,Kyle Noke,win
"January 02, 2016",Justine Kish,Nina Nunes,win
"January 02, 2016",Drew Dober,Scott Holtzman,win
"January 02, 2016",Dustin Poirier,Joe Duffy,win
"January 02, 2016",Michinori Tanaka,Joe Soto,win
"January 02, 2016",Sheldon Westcott,Edgar Garcia,win
"December 19, 2015",Rafael Dos Anjos,Donald Cerrone,win
"December 19, 2015",Alistair Overeem,Junior Dos Santos,win
"December 19, 2015",Nate Diaz,Michael Johnson,win
"December 19, 2015",Karolina Kowalkiewicz,Randa Markos,win
"December 19, 2015",Charles Oliveira,Myles Jury,win
"December 19, 2015",Nate Marquardt,CB Dollaway,win
"December 19, 2015",Valentina Shevchenko,Sarah Kaufman,win
"December 19, 2015",Tamdan McCrory,Josh Samman,win
"December 19, 2015",Nik Lentz,Danny Castillo,win
"December 19, 2015",Cole Miller,Jim Alers,nc
"December 19, 2015",Kamaru Usman,Leon Edwards,win
"December 19, 2015",Vicente Luque,Hayder Hassan,win
"December 19, 2015",Francis Ngannou,Luis Henrique,win
"December 12, 2015",Conor McGregor,Jose Aldo,win
"December 12, 2015",Luke Rockhold,Chris Weidman,win
"December 12, 2015",Yoel Romero,Jacare Souza,win
"December 12, 2015",Demian Maia,Gunnar Nelson,win
"December 12, 2015",Max Holloway,Jeremy Stephens,win
"December 12, 2015",Urijah Faber,Frankie Saenz,win
"December 12, 2015",Tecia Pennington,Jocelyn Jones-Lybarger,win
"December 12, 2015",Warlley Alves,Colby Covington,win
"December 12, 2015",Leonardo Santos,Kevin Lee,win
"December 12, 2015",Magomed Mustafaev,Joe Proctor,win
"December 12, 2015",Yancy Medeiros,John Makdessi,win
"December 12, 2015",Court McGee,Marcio Alexandre Junior,win
"December 11, 2015",Frankie Edgar,Chad Mendes,win
"December 11, 2015",Ryan Hall,Artem Lobov,win
"December 11, 2015",Tony Ferguson,Edson Barboza,win
"December 11, 2015",Evan Dunham,Joe Lauzon,win
"December 11, 2015",Tatsuya Kawajiri,Jason Knight,win
"December 11, 2015",Julian Erosa,Marcin Wrzosek,win
"December 11, 2015",Gabriel Gonzaga,Konstantin Erokhin,win
"December 11, 2015",Ryan LaFlare,Mike Pierce,win
"December 11, 2015",Geane Herrera,Joby Sanchez,win
"December 11, 2015",Chris Gruetzemacher,Abner Lloveras,win
"December 10, 2015",Rose Namajunas,Paige VanZant,win
"December 10, 2015",Michael Chiesa,Jim Miller,win
"December 10, 2015",Sage Northcutt,Cody Pfister,win
"December 10, 2015",Thiago Santos,Elias Theodorou,win
"December 10, 2015",Tim Means,John Howard,win
"December 10, 2015",Sergio Moraes,Omari Akhmedov,win
"December 10, 2015",Antonio Carlos Junior,Kevin Casey,nc
"December 10, 2015",Aljamain Sterling,Johnny Eduardo,win
"December 10, 2015",Santiago Ponzinibbio,Andreas Stahl,win
"December 10, 2015",Danny Roberts,Nathan Coy,win
"December 10, 2015",Zubaira Tukhugov,Phillipe Nover,win
"December 10, 2015",Kailin Curran,Emily Kagan,win
"November 28, 2015",Benson Henderson,Jorge Masvidal,win
"November 28, 2015",Dong Hyun Kim,Dominic Waters,win
"November 28, 2015",Alberto Mina,Yoshihiro Akiyama,win
"November 28, 2015",Dooho Choi,Sam Sicilia,win
"November 28, 2015",Dongi Yang,Jake Collier,win
"November 28, 2015",Mike de la Torre,Yui Chul Nam,win
"November 28, 2015",Tae Hyun Bang,Leo Kuntz,win
"November 28, 2015",Seo Hee Ham,Cortney Casey,win
"November 28, 2015",Fredy Serrano,Yao Zhikui,win
"November 28, 2015",Marco Beltran,Guangyou Ning,win
"November 28, 2015",Dominique Steele,Dong Hyun Ma,win
"November 21, 2015",Neil Magny,Kelvin Gastelum,win
"November 21, 2015",Ricardo Lamas,Diego Sanchez,win
"November 21, 2015",Henry Cejudo,Jussier Formiga,win
"November 21, 2015",Erick Montano,Enrique Marin,win
"November 21, 2015",Enrique Barzola,Horacio Gutierrez,win
"November 21, 2015",Leandro Silva,Efrain Escudero,win
"November 21, 2015",Erik Perez,Taylor Lapilus,win
"November 21, 2015",Bartosz Fabinski,Hector Urbina,win
"November 21, 2015",Alejandro Perez,Scott Jorgensen,win
"November 21, 2015",Andre Fili,Gabriel Benitez,win
"November 21, 2015",Alvaro Herrera Mendoza,Vernon Ramos Ho,win
"November 21, 2015",Marco Polo Reyes,Cesar Arzamendia,win
"November 21, 2015",Michel Prazeres,Valmir Lazaro,win
"November 14, 2015",Holly Holm,Ronda Rousey,win
"November 14, 2015",Joanna Jedrzejczyk,Valerie Letourneau,win
"November 14, 2015",Mark Hunt,Antonio Silva,win
"November 14, 2015",Robert Whittaker,Uriah Hall,win
"November 14, 2015",Jared Rosholt,Stefan Struve,win
"November 14, 2015",Jake Matthews,Akbarh Arreola,win
"November 14, 2015",Kyle Noke,Peter Sobotta,win
"November 14, 2015",Gian Villante,Anthony Perosh,win
"November 14, 2015",Danny Martinez,Richie Vaculik,win
"November 14, 2015",Daniel Kelly,Steve Montgomery,win
"November 14, 2015",Richard Walsh,Steve Kennedy,win
"November 14, 2015",James Moontasri,Anton Zafir,win
"November 14, 2015",Ben Nguyen,Ryan Benoit,win
"November 07, 2015",Vitor Belfort,Dan Henderson,win
"November 07, 2015",Glover Teixeira,Patrick Cummins,win
"November 07, 2015",Thomas Almeida,Anthony Birchak,win
"November 07, 2015",Alex Oliveira,Piotr Hallmann,win
"November 07, 2015",Rashid Magomedov,Gilbert Burns,win
"November 07, 2015",Corey Anderson,Fabio Maldonado,win
"November 07, 2015",Abel Trujillo,Gleison Tibau,win
"November 07, 2015",Johnny Case,Yan Cabral,win
"November 07, 2015",Thiago Tavares,Clay Guida,win
"November 07, 2015",Chas Skelly,Edimilson Souza,win
"November 07, 2015",Viscardi Andrade,Gasan Umalatov,win
"November 07, 2015",Jimmie Rivera,Pedro Munhoz,win
"November 07, 2015",Matheus Nicolau,Bruno Korea,win
"October 24, 2015",Louis Smolka,Paddy Holohan,win
"October 24, 2015",Norman Parke,Reza Madadi,win
"October 24, 2015",Nicolas Dalby,Darren Till,draw
"October 24, 2015",Neil Seery,Jon Delos Reyes,win
"October 24, 2015",Stevie Ray,Mickael Lebout,win
"October 24, 2015",Aisling Daly,Ericka Almeida,win
"October 24, 2015",Krzysztof Jotko,Scott Askham,win
"October 24, 2015",Tom Breese,Cathal Pendred,win
"October 24, 2015",Darren Elkins,Robert Whiteford,win
"October 24, 2015",Garreth McLellan,Bubba Bush,win
"October 03, 2015",Daniel Cormier,Alexander Gustafsson,win
"October 03, 2015",Ryan Bader,Rashad Evans,win
"October 03, 2015",Ruslan Magomedov,Shawn Jordan,win
"October 03, 2015",Joseph Benavidez,Ali Bagautinov,win
"October 03, 2015",Julianna Pena,Jessica Eye,win
"October 03, 2015",Yair Rodriguez,Dan Hooker,win
"October 03, 2015",Albert Tumenov,Alan Jouban,win
"October 03, 2015",Adriano Martins,Islam Makhachev,win
"October 03, 2015",Rose Namajunas,Angela Hill,win
"October 03, 2015",Sage Northcutt,Francisco Trevino,win
"October 03, 2015",Sergio Pettis,Chris Cariaso,win
"October 03, 2015",Derrick Lewis,Viktor Pesta,win
"September 26, 2015",Josh Barnett,Roy Nelson,win
"September 26, 2015",Uriah Hall,Gegard Mousasi,win
"September 26, 2015",Kyoji Horiguchi,Chico Camus,win
"September 26, 2015",Takeya Mizugaki,George Roop,win
"September 26, 2015",Diego Brandao,Katsunori Kikuno,win
"September 26, 2015",Mizuto Hirota,Teruto Ishihara,draw
"September 26, 2015",Keita Nakamura,Li Jingliang,win
"September 26, 2015",Nick Hein,Yusuke Kasuya,win
"September 26, 2015",Kajan Johnson,Naoyuki Kotani,win
"September 26, 2015",Shinsho Anzai,Roger Zapata,win
"September 05, 2015",Demetrious Johnson,John Dodson,win
"September 05, 2015",Andrei Arlovski,Frank Mir,win
"September 05, 2015",Anthony Johnson,Jimi Manuwa,win
"September 05, 2015",Corey Anderson,Jan Blachowicz,win
"September 05, 2015",Paige VanZant,Alex Chambers,win
"September 05, 2015",Ross Pearson,Paul Felder,win
"September 05, 2015",John Lineker,Francisco Rivera,win
"September 05, 2015",Raquel Pennington,Jessica Andrade,win
"September 05, 2015",Tiago dos Santos e Silva,Clay Collard,win
"September 05, 2015",Joe Riggs,Ron Stallings,win
"September 05, 2015",Joaquim Silva,Nazareno Malegarie,win
"August 23, 2015",Max Holloway,Charles Oliveira,win
"August 23, 2015",Neil Magny,Erick Silva,win
"August 23, 2015",Patrick Cote,Joshua Burkman,win
"August 23, 2015",Francisco Trinaldo,Chad Laprise,win
"August 23, 2015",Olivier Aubin-Mercier,Tony Sims,win
"August 23, 2015",Valerie Letourneau,Maryna Moroz,win
"August 23, 2015",Frankie Perez,Sam Stout,win
"August 23, 2015",Felipe Arantes,Yves Jabouin,win
"August 23, 2015",Nikita Krylov,Marcos Rogerio de Lima,win
"August 23, 2015",Chris Kelades,Chris Beal,win
"August 23, 2015",Shane Campbell,Elias Silverio,win
"August 23, 2015",Misha Cirkunov,Daniel Jolly,win
"August 08, 2015",Glover Teixeira,Ovince Saint Preux,win
"August 08, 2015",Beneil Dariush,Michael Johnson,win
"August 08, 2015",Derek Brunson,Sam Alvey,win
"August 08, 2015",Jared Rosholt,Timothy Johnson,win
"August 08, 2015",Amanda Nunes,Sara McMann,win
"August 08, 2015",Ray Borg,Geane Herrera,win
"August 08, 2015",Uriah Hall,Oluwale Bamgbose,win
"August 08, 2015",Chris Camozzi,Tom Watson,win
"August 08, 2015",Dustin Ortiz,Willie Gates,win
"August 08, 2015",Frankie Saenz,Sirwan Kakai,win
"August 08, 2015",Jonathan Wilson,Chris Dempsey,win
"August 08, 2015",Marlon Vera,Roman Salazar,win
"August 08, 2015",Scott Holtzman,Anthony Christodoulou,win
"August 01, 2015",Ronda Rousey,Bethe Correia,win
"August 01, 2015",Mauricio Rua,Rogerio Nogueira,win
"August 01, 2015",Glaico Franca Moreira,Fernando Bruno,win
"August 01, 2015",Reginaldo Vieira,Dileno Lopes,win
"August 01, 2015",Stefan Struve,Antonio Rodrigo Nogueira,win
"August 01, 2015",Antonio Silva,Soa Palelei,win
"August 01, 2015",Claudia Gadelha,Jessica Aguilar,win
"August 01, 2015",Demian Maia,Neil Magny,win
"August 01, 2015",Patrick Cummins,Rafael Cavalcante,win
"August 01, 2015",Warlley Alves,Nordine Taleb,win
"August 01, 2015",Iuri Alcantara,Leandro Issa,win
"August 01, 2015",Vitor Miranda,Clint Hester,win
"August 01, 2015",Guido Cannetti,Hugo Viana,win
"July 25, 2015",TJ Dillashaw,Renan Barao,win
"July 25, 2015",Miesha Tate,Jessica Eye,win
"July 25, 2015",Edson Barboza,Paul Felder,win
"July 25, 2015",Joe Lauzon,Takanori Gomi,win
"July 25, 2015",Tom Lawlor,Gian Villante,win
"July 25, 2015",Jim Miller,Danny Castillo,win
"July 25, 2015",Ben Saunders,Kenny Robertson,win
"July 25, 2015",Bryan Caraway,Eddie Wineland,win
"July 25, 2015",James Krause,Daron Cruickshank,win
"July 25, 2015",Andrew Holbrook,Ramsey Nijem,win
"July 25, 2015",Elizabeth Phillips,Jessamyn Duke,win
"July 25, 2015",Zak Cummings,Dominique Steele,win
"July 18, 2015",Michael Bisping,Thales Leites,win
"July 18, 2015",Evan Dunham,Ross Pearson,win
"July 18, 2015",Joe Duffy,Ivan Jorge,win
"July 18, 2015",Joanne Wood,Cortney Casey,win
"July 18, 2015",Leon Edwards,Pawel Pawlak,win
"July 18, 2015",Stevie Ray,Leonardo Mafra,win
"July 18, 2015",Paddy Holohan,Vaughan Lee,win
"July 18, 2015",Ilir Latifi,Hans Stringer,win
"July 18, 2015",Mickael Lebout,Teemu Packalen,win
"July 18, 2015",Robert Whiteford,Paul Redmond,win
"July 18, 2015",Jimmie Rivera,Marcus Brimage,win
"July 18, 2015",Daniel Omielanczuk,Chris de la Rocha,win
"July 15, 2015",Frank Mir,Todd Duffee,win
"July 15, 2015",Tony Ferguson,Josh Thomson,win
"July 15, 2015",Holly Holm,Marion Reneau,win
"July 15, 2015",Manvel Gamburyan,Scott Jorgensen,win
"July 15, 2015",Kevin Lee,James Moontasri,win
"July 15, 2015",Alan Jouban,Matt Dwyer,win
"July 15, 2015",Sam Sicilia,Yaotzin Meza,win
"July 15, 2015",Jessica Andrade,Sarah Moras,win
"July 15, 2015",Rani Yahya,Masanori Kanehara,win
"July 15, 2015",Sean Strickland,Igor Araujo,win
"July 15, 2015",Kevin Casey,Ildemar Alcantara,win
"July 15, 2015",Lyman Good,Andrew Craig,win
"July 12, 2015",Stephen Thompson,Jake Ellenberger,win
"July 12, 2015",Kamaru Usman,Hayder Hassan,win
"July 12, 2015",Michael Graves,Vicente Luque,win
"July 12, 2015",Jorge Masvidal,Cezar Ferreira,win
"July 12, 2015",Michelle Waterson-Gomez,Angela Magana,win
"July 12, 2015",Maximo Blanco,Mike de la Torre,win
"July 12, 2015",Josh Samman,Caio Magalhaes,win
"July 12, 2015",Jerrod Sanders,Russell Doane,win
"July 12, 2015",Trevor Smith,Dan Miller,win
"July 12, 2015",George Sullivan,Dominic Waters,win
"July 12, 2015",Willie Gates,Darrell Montague,win
"July 11, 2015",Conor McGregor,Chad Mendes,win
"July 11, 2015",Robbie Lawler,Rory MacDonald,win
"July 11, 2015",Jeremy Stephens,Dennis Bermudez,win
"July 11, 2015",Gunnar Nelson,Brandon Thatch,win
"July 11, 2015",Thomas Almeida,Brad Pickett,win
"July 11, 2015",Matt Brown,Tim Means,win
"July 11, 2015",Alex Garcia,Mike Swick,win
"July 11, 2015",John Howard,Cathal Pendred,win
"July 11, 2015",Cody Garbrandt,Henry Briones,win
"July 11, 2015",Louis Smolka,Neil Seery,win
"July 11, 2015",Cody Pfister,Yosdenis Cedeno,win
"June 27, 2015",Yoel Romero,Lyoto Machida,win
"June 27, 2015",Lorenz Larkin,Santiago Ponzinibbio,win
"June 27, 2015",Antonio Carlos Junior,Eddie Gordon,win
"June 27, 2015",Thiago Santos,Steve Bosse,win
"June 27, 2015",Hacran Dias,Levan Makashvili,win
"June 27, 2015",Alex Oliveira,Joe Merritt,win
"June 27, 2015",Leandro Silva,Lewis Gonzalez,win
"June 27, 2015",Tony Sims,Steve Montgomery,win
"June 27, 2015",Sirwan Kakai,Danny Martinez,win
"June 20, 2015",Joanna Jedrzejczyk,Jessica Penne,win
"June 20, 2015",Tatsuya Kawajiri,Dennis Siver,win
"June 20, 2015",Peter Sobotta,Steve Kennedy,win
"June 20, 2015",Nick Hein,Lukasz Sajewski,win
"June 20, 2015",Makwan Amirkhani,Masio Fullen,win
"June 20, 2015",Mairbek Taisumov,Alan Patrick,win
"June 20, 2015",Arnold Allen,Alan Omer,win
"June 20, 2015",Noad Lahat,Niklas Backstrom,win
"June 20, 2015",Scott Askham,Antonio Dos Santos,win
"June 20, 2015",Magomed Mustafaev,Piotr Hallmann,win
"June 20, 2015",Taylor Lapilus,Yuta Sasaki,win
"June 13, 2015",Fabricio Werdum,Cain Velasquez,win
"June 13, 2015",Eddie Alvarez,Gilbert Melendez,win
"June 13, 2015",Kelvin Gastelum,Nate Marquardt,win
"June 13, 2015",Yair Rodriguez,Charles Rosa,win
"June 13, 2015",Tecia Pennington,Angela Hill,win
"June 13, 2015",Henry Cejudo,Chico Camus,win
"June 13, 2015",Efrain Escudero,Drew Dober,win
"June 13, 2015",Patrick Williams,Alejandro Perez,win
"June 13, 2015",Johnny Case,Francisco Trevino,win
"June 13, 2015",Cathal Pendred,Augusto Montano,win
"June 13, 2015",Gabriel Benitez,Clay Collard,win
"June 06, 2015",Dan Henderson,Tim Boetsch,win
"June 06, 2015",Ben Rothwell,Matt Mitrione,win
"June 06, 2015",Dustin Poirier,Yancy Medeiros,win
"June 06, 2015",Brian Ortega,Thiago Tavares,win
"June 06, 2015",Anthony Birchak,Joe Soto,win
"June 06, 2015",Francisco Rivera,Alex Caceres,win
"June 06, 2015",Shawn Jordan,Derrick Lewis,win
"June 06, 2015",Omari Akhmedov,Brian Ebersole,win
"June 06, 2015",Chris Wade,Christos Giagos,win
"June 06, 2015",Joe Proctor,Justin Edwards,win
"June 06, 2015",Jake Collier,Ricardo Abreu,win
"June 06, 2015",Jose Quinonez,Leonardo Morales,win
"May 30, 2015",Carlos Condit,Thiago Alves,win
"May 30, 2015",Charles Oliveira,Nik Lentz,win
"May 30, 2015",Alex Oliveira,KJ Noons,win
"May 30, 2015",Francimar Barroso,Ryan Jimmo,win
"May 30, 2015",Francisco Trinaldo,Norman Parke,win
"May 30, 2015",Darren Till,Wendell Oliveira Marques,win
"May 30, 2015",Rony Jason,Damon Jackson,nc
"May 30, 2015",Jussier Formiga,Wilson Reis,win
"May 30, 2015",Nicolas Dalby,Elizeu Zaleski dos Santos,win
"May 30, 2015",Mirsad Bektic,Lucas Martins,win
"May 30, 2015",Juliana Lima,Ericka Almeida,win
"May 30, 2015",Tom Breese,Luiz Dutra,win
"May 23, 2015",Daniel Cormier,Anthony Johnson,win
"May 23, 2015",Chris Weidman,Vitor Belfort,win
"May 23, 2015",Donald Cerrone,John Makdessi,win
"May 23, 2015",Andrei Arlovski,Travis Browne,win
"May 23, 2015",Joseph Benavidez,John Moraga,win
"May 23, 2015",John Dodson,Zach Makovsky,win
"May 23, 2015",Dong Hyun Kim,Joshua Burkman,win
"May 23, 2015",Rafael Natal,Uriah Hall,win
"May 23, 2015",Colby Covington,Mike Pyle,win
"May 23, 2015",Islam Makhachev,Leo Kuntz,win
"May 23, 2015",Justin Scoggins,Josh Sampo,win
"May 16, 2015",Frankie Edgar,Urijah Faber,win
"May 16, 2015",Gegard Mousasi,Constantinos Philippou,win
"May 16, 2015",Mark Munoz,Luke Barnatt,win
"May 16, 2015",Neil Magny,Hyun Gyu Lim,win
"May 16, 2015",Phillipe Nover,Yui Chul Nam,win
"May 16, 2015",Levan Makashvili,Mark Eddiva,win
"May 16, 2015",Jon Tuck,Tae Hyun Bang,win
"May 16, 2015",Kajan Johnson,Zhang Lipeng,win
"May 16, 2015",Li Jingliang,Dhiego Lima,win
"May 16, 2015",Guangyou Ning,Royston Wee,win
"May 16, 2015",Jon Delos Reyes,Roldan Sangcha'an,win
"May 16, 2015",Yao Zhikui,Nolan Ticman,win
"May 09, 2015",Stipe Miocic,Mark Hunt,win
"May 09, 2015",Robert Whittaker,Brad Tavares,win
"May 09, 2015",Sean O'Connell,Anthony Perosh,win
"May 09, 2015",James Vick,Jake Matthews,win
"May 09, 2015",Dan Hooker,Hatsu Hioki,win
"May 09, 2015",Kyle Noke,Jonavin Webb,win
"May 09, 2015",Sam Alvey,Daniel Kelly,win
"May 09, 2015",Bec Rawlings,Lisa Ellis,win
"May 09, 2015",Brad Scott,Dylan Andrews,win
"May 09, 2015",Alex Chambers,Kailin Curran,win
"May 09, 2015",Brendan O'Reilly,Vik Grujic,win
"May 09, 2015",Ben Nguyen,Alptekin Ozkilic,win
"April 25, 2015",Demetrious Johnson,Kyoji Horiguchi,win
"April 25, 2015",Quinton Jackson,Fabio Maldonado,win
"April 25, 2015",Michael Bisping,CB Dollaway,win
"April 25, 2015",John Makdessi,Shane Campbell,win
"April 25, 2015",Thomas Almeida,Yves Jabouin,win
"April 25, 2015",Patrick Cote,Joe Riggs,win
"April 25, 2015",Alexis Davis,Sarah Kaufman,win
"April 25, 2015",Chad Laprise,Bryan Barberena,win
"April 25, 2015",Olivier Aubin-Mercier,David Michaud,win
"April 25, 2015",Nordine Taleb,Chris Clements,win
"April 25, 2015",Valerie Letourneau,Jessica Rakoczy,win
"April 25, 2015",Randa Markos,Aisling Daly,win
"April 18, 2015",Luke Rockhold,Lyoto Machida,win
"April 18, 2015",Jacare Souza,Chris Camozzi,win
"April 18, 2015",Max Holloway,Cub Swanson,win
"April 18, 2015",Paige VanZant,Felice Herrig,win
"April 18, 2015",Beneil Dariush,Jim Miller,win
"April 18, 2015",Ovince Saint Preux,Patrick Cummins,win
"April 18, 2015",Gian Villante,Corey Anderson,win
"April 18, 2015",Aljamain Sterling,Takeya Mizugaki,win
"April 18, 2015",Tim Means,George Sullivan,win
"April 18, 2015",Diego Brandao,Jimy Hettes,win
"April 18, 2015",Chris Dempsey,Eddie Gordon,win
"April 11, 2015",Mirko Filipovic,Gabriel Gonzaga,win
"April 11, 2015",Jimi Manuwa,Jan Blachowicz,win
"April 11, 2015",Pawel Pawlak,Sheldon Westcott,win
"April 11, 2015",Maryna Moroz,Joanne Wood,win
"April 11, 2015",Leon Edwards,Seth Baczynski,win
"April 11, 2015",Bartosz Fabinski,Garreth McLellan,win
"April 11, 2015",Sergio Moraes,Mickael Lebout,win
"April 11, 2015",Yaotzin Meza,Damian Stasiak,win
"April 11, 2015",Anthony Hamilton,Daniel Omielanczuk,win
"April 11, 2015",Aleksandra Albu,Izabela Badurek,win
"April 11, 2015",Stevie Ray,Marcin Bandel,win
"April 11, 2015",Taylor Lapilus,Rocky Lee,win
"April 04, 2015",Chad Mendes,Ricardo Lamas,win
"April 04, 2015",Al Iaquinta,Jorge Masvidal,win
"April 04, 2015",Michael Chiesa,Mitch Clarke,win
"April 04, 2015",Julianna Pena,Milana Dudieva,win
"April 04, 2015",Clay Guida,Robert Peralta,win
"April 04, 2015",Dustin Poirier,Diego Ferreira,win
"April 04, 2015",Liz Carmouche,Lauren Murphy,win
"April 04, 2015",Alexander Yakovlev,Gray Maynard,win
"April 04, 2015",Timothy Johnson,Shamil Abdurakhimov,win
"April 04, 2015",Ron Stallings,Justin Jones,win
"March 21, 2015",Demian Maia,Ryan LaFlare,win
"March 21, 2015",Erick Silva,Josh Koscheck,win
"March 21, 2015",Leonardo Santos,Anthony Rocco Martin,win
"March 21, 2015",Amanda Nunes,Shayna Baszler,win
"March 21, 2015",Gilbert Burns,Alex Oliveira,win
"March 21, 2015",Godofredo Pepey,Andre Fili,win
"March 21, 2015",Francisco Trinaldo,Akbarh Arreola,win
"March 21, 2015",Edimilson Souza,Katsunori Kikuno,win
"March 21, 2015",Leandro Silva,Drew Dober,nc
"March 21, 2015",Leonardo Mafra,Cain Carrizosa,win
"March 21, 2015",Christos Giagos,Jorge de Oliveira,win
"March 21, 2015",Fredy Serrano,Bentley Syler,win
"March 14, 2015",Rafael Dos Anjos,Anthony Pettis,win
"March 14, 2015",Joanna Jedrzejczyk,Carla Esparza,win
"March 14, 2015",Johny Hendricks,Matt Brown,win
"March 14, 2015",Alistair Overeem,Roy Nelson,win
"March 14, 2015",Henry Cejudo,Chris Cariaso,win
"March 14, 2015",Ross Pearson,Sam Stout,win
"March 14, 2015",Elias Theodorou,Roger Narvaez,win
"March 14, 2015",Beneil Dariush,Daron Cruickshank,win
"March 14, 2015",Jared Rosholt,Josh Copeland,win
"March 14, 2015",Ryan Benoit,Sergio Pettis,win
"March 14, 2015",Joe Duffy,Jake Lindsey,win
"March 14, 2015",Germaine de Randamie,Larissa Pacheco,win
"February 28, 2015",Ronda Rousey,Cat Zingano,win
"February 28, 2015",Holly Holm,Raquel Pennington,win
"February 28, 2015",Jake Ellenberger,Josh Koscheck,win
"February 28, 2015",Alan Jouban,Richard Walsh,win
"February 28, 2015",Tony Ferguson,Gleison Tibau,win
"February 28, 2015",Roan Carneiro,Mark Munoz,win
"February 28, 2015",Roman Salazar,Norifumi Yamamoto,nc
"February 28, 2015",Tim Means,Dhiego Lima,win
"February 28, 2015",Derrick Lewis,Ruan Potts,win
"February 28, 2015",Valmir Lazaro,James Krause,win
"February 28, 2015",Masio Fullen,Alex Torres,win
"February 22, 2015",Frank Mir,Antonio Silva,win
"February 22, 2015",Michael Johnson,Edson Barboza,win
"February 22, 2015",Sam Alvey,Cezar Ferreira,win
"February 22, 2015",Adriano Martins,Rustam Khabilov,win
"February 22, 2015",Frankie Saenz,Iuri Alcantara,win
"February 22, 2015",Santiago Ponzinibbio,Sean Strickland,win
"February 22, 2015",Marion Reneau,Jessica Andrade,win
"February 22, 2015",Matt Dwyer,William Macario,win
"February 22, 2015",Mike de la Torre,Tiago dos Santos e Silva,win
"February 22, 2015",Douglas Silva de Andrade,Cody Gibson,win
"February 22, 2015",Ivan Jorge,Josh Shockley,win
"February 14, 2015",Benson Henderson,Brandon Thatch,win
"February 14, 2015",Max Holloway,Cole Miller,win
"February 14, 2015",Neil Magny,Kiichi Kunimoto,win
"February 14, 2015",Daniel Kelly,Patrick Walsh,win
"February 14, 2015",Kevin Lee,Michel Prazeres,win
"February 14, 2015",Ray Borg,Chris Kelades,win
"February 14, 2015",Efrain Escudero,Rodrigo de Lima,win
"February 14, 2015",Chas Skelly,Jim Alers,win
"February 14, 2015",Zach Makovsky,Tim Elliott,win
"February 14, 2015",James Moontasri,Cody Pfister,win
"January 31, 2015",Anderson Silva,Nick Diaz,nc
"January 31, 2015",Tyron Woodley,Kelvin Gastelum,win
"January 31, 2015",Al Iaquinta,Joe Lauzon,win
"January 31, 2015",Thales Leites,Tim Boetsch,win
"January 31, 2015",Thiago Alves,Jordan Mein,win
"January 31, 2015",Miesha Tate,Sara McMann,win
"January 31, 2015",Derek Brunson,Ed Herman,win
"January 31, 2015",John Lineker,Ian McCall,win
"January 31, 2015",Rafael Natal,Tom Watson,win
"January 31, 2015",Ildemar Alcantara,Richardson Moreira,win
"January 31, 2015",Thiago Santos,Andy Enz,win
"January 24, 2015",Anthony Johnson,Alexander Gustafsson,win
"January 24, 2015",Gegard Mousasi,Dan Henderson,win
"January 24, 2015",Ryan Bader,Phil Davis,win
"January 24, 2015",Sam Sicilia,Akira Corassani,win
"January 24, 2015",Albert Tumenov,Nicholas Musoke,win
"January 24, 2015",Kenny Robertson,Sultan Aliev,win
"January 24, 2015",Makwan Amirkhani,Andy Ogle,win
"January 24, 2015",Nikita Krylov,Stanislav Nedkov,win
"January 24, 2015",Mairbek Taisumov,Anthony Christodoulou,win
"January 24, 2015",Mirsad Bektic,Paul Redmond,win
"January 24, 2015",Viktor Pesta,Konstantin Erokhin,win
"January 24, 2015",Neil Seery,Chris Beal,win
"January 18, 2015",Conor McGregor,Dennis Siver,win
"January 18, 2015",Donald Cerrone,Benson Henderson,win
"January 18, 2015",Uriah Hall,Ron Stallings,win
"January 18, 2015",Gleison Tibau,Norman Parke,win
"January 18, 2015",Cathal Pendred,Sean Spencer,win
"January 18, 2015",Lorenz Larkin,John Howard,win
"January 18, 2015",Chris Wade,Zhang Lipeng,win
"January 18, 2015",Paddy Holohan,Shane Howell,win
"January 18, 2015",Johnny Case,Frankie Perez,win
"January 18, 2015",Charles Rosa,Sean Soriano,win
"January 18, 2015",Sean O'Connell,Matt Van Buren,win
"January 18, 2015",Joby Sanchez,Tateki Matsuda,win
"January 03, 2015",Jon Jones,Daniel Cormier,win
"January 03, 2015",Donald Cerrone,Myles Jury,win
"January 03, 2015",Brad Tavares,Nate Marquardt,win
"January 03, 2015",Kyoji Horiguchi,Louis Gaudinot,win
"January 03, 2015",Hector Lombard,Joshua Burkman,nc
"January 03, 2015",Paul Felder,Danny Castillo,win
"January 03, 2015",Cody Garbrandt,Marcus Brimage,win
"January 03, 2015",Shawn Jordan,Jared Cannonier,win
"January 03, 2015",Evan Dunham,Rodrigo Damm,win
"January 03, 2015",Omari Akhmedov,Mats Nilsson,win
"January 03, 2015",Marion Reneau,Alexis Dufresne,win
"December 20, 2014",Lyoto Machida,CB Dollaway,win
"December 20, 2014",Renan Barao,Mitch Gagnon,win
"December 20, 2014",Patrick Cummins,Antonio Carlos Junior,win
"December 20, 2014",Rashid Magomedov,Elias Silverio,win
"December 20, 2014",Erick Silva,Mike Rhodes,win
"December 20, 2014",Daniel Sarafian,Antonio Dos Santos,win
"December 20, 2014",Marcos Rogerio de Lima,Igor Pokrajac,win
"December 20, 2014",Renato Moicano,Tom Niinimaki,win
"December 20, 2014",Hacran Dias,Darren Elkins,win
"December 20, 2014",Leandro Issa,Yuta Sasaki,win
"December 20, 2014",Tim Means,Marcio Alexandre Junior,win
"December 20, 2014",Vitor Miranda,Jake Collier,win
"December 13, 2014",Junior Dos Santos,Stipe Miocic,win
"December 13, 2014",Rafael Dos Anjos,Nate Diaz,win
"December 13, 2014",Alistair Overeem,Stefan Struve,win
"December 13, 2014",Matt Mitrione,Gabriel Gonzaga,win
"December 13, 2014",Joanna Jedrzejczyk,Claudia Gadelha,win
"December 13, 2014",John Moraga,Willie Gates,win
"December 13, 2014",Ben Saunders,Joe Riggs,win
"December 13, 2014",Drew Dober,Jamie Varner,win
"December 13, 2014",Bryan Barberena,Joe Ellenberger,win
"December 13, 2014",David Michaud,Garett Whiteley,win
"December 13, 2014",Henry Cejudo,Dustin Kimura,win
"December 13, 2014",Ian Entwistle,Anthony Birchak,win
"December 12, 2014",Carla Esparza,Rose Namajunas,win
"December 12, 2014",Charles Oliveira,Jeremy Stephens,win
"December 12, 2014",KJ Noons,Daron Cruickshank,nc
"December 12, 2014",Yancy Medeiros,Joe Proctor,win
"December 12, 2014",Jessica Penne,Randa Markos,win
"December 12, 2014",Felice Herrig,Lisa Ellis,win
"December 12, 2014",Heather Clark,Bec Rawlings,win
"December 12, 2014",Joanne Wood,Seo Hee Ham,win
"December 12, 2014",Tecia Pennington,Angela Magana,win
"December 12, 2014",Aisling Daly,Alex Chambers,win
"December 12, 2014",Angela Hill,Emily Kagan,win
"December 06, 2014",Robbie Lawler,Johny Hendricks,win
"December 06, 2014",Anthony Pettis,Gilbert Melendez,win
"December 06, 2014",Travis Browne,Brendan Schaub,win
"December 06, 2014",Todd Duffee,Anthony Hamilton,win
"December 06, 2014",Tony Ferguson,Abel Trujillo,win
"December 06, 2014",Urijah Faber,Francisco Rivera,win
"December 06, 2014",Josh Samman,Eddie Gordon,win
"December 06, 2014",Corey Anderson,Justin Jones,win
"December 06, 2014",Raquel Pennington,Ashlee Evans-Smith,win
"December 06, 2014",Sergio Pettis,Matt Hobar,win
"December 06, 2014",Clay Collard,Alex White,win
"November 22, 2014",Frankie Edgar,Cub Swanson,win
"November 22, 2014",Edson Barboza,King Green,win
"November 22, 2014",Chico Camus,Brad Pickett,win
"November 22, 2014",Aleksei Oleinik,Jared Rosholt,win
"November 22, 2014",Joseph Benavidez,Dustin Ortiz,win
"November 22, 2014",Matt Wiman,Isaac Vallie-Flagg,win
"November 22, 2014",Ruslan Magomedov,Josh Copeland,win
"November 22, 2014",Roger Narvaez,Luke Barnatt,win
"November 22, 2014",James Vick,Nick Hein,win
"November 22, 2014",Akbarh Arreola,Yves Edwards,win
"November 22, 2014",Paige VanZant,Kailin Curran,win
"November 22, 2014",Dooho Choi,Juan Manuel Puig,win
"November 15, 2014",Fabricio Werdum,Mark Hunt,win
"November 15, 2014",Kelvin Gastelum,Jake Ellenberger,win
"November 15, 2014",Ricardo Lamas,Dennis Bermudez,win
"November 15, 2014",Augusto Montano,Chris Heatherly,win
"November 15, 2014",Hector Urbina,Edgar Garcia,win
"November 15, 2014",Yair Rodriguez,Leonardo Morales,win
"November 15, 2014",Alejandro Perez,Jose Quinonez,win
"November 15, 2014",Jessica Eye,Leslie Smith,win
"November 15, 2014",Gabriel Benitez,Humberto Brown Morrison,win
"November 15, 2014",Henry Briones,Guido Cannetti,win
"November 15, 2014",Marco Beltran,Marlon Vera,win
"November 08, 2014",Ovince Saint Preux,Mauricio Rua,win
"November 08, 2014",Warlley Alves,Alan Jouban,win
"November 08, 2014",Claudio Silva,Leon Edwards,win
"November 08, 2014",Dhiego Lima,Jorge de Oliveira,win
"November 08, 2014",Juliana Lima,Nina Nunes,win
"November 08, 2014",Diego Rivas,Rodolfo Rubio Perez,win
"November 08, 2014",Caio Magalhaes,Trevor Smith,win
"November 08, 2014",Leandro Silva,Charlie Brenneman,win
"November 08, 2014",Thomas Almeida,Tim Gorman,win
"November 08, 2014",Colby Covington,Wagner Silva,win
"November 07, 2014",Luke Rockhold,Michael Bisping,win
"November 07, 2014",Al Iaquinta,Ross Pearson,win
"November 07, 2014",Robert Whittaker,Clint Hester,win
"November 07, 2014",Soa Palelei,Walt Harris,win
"November 07, 2014",Jake Matthews,Vagner Rocha,win
"November 07, 2014",Anthony Perosh,Guto Inocente,win
"November 07, 2014",Sam Alvey,Dylan Andrews,win
"November 07, 2014",Louis Smolka,Richie Vaculik,win
"November 07, 2014",Chris Clements,Vik Grujic,win
"November 07, 2014",Daniel Kelly,Luke Zachrich,win
"November 07, 2014",Marcus Brimage,Jumabieke Tuerxun,win
"October 25, 2014",Jose Aldo,Chad Mendes,win
"October 25, 2014",Phil Davis,Glover Teixeira,win
"October 25, 2014",Fabio Maldonado,Hans Stringer,win
"October 25, 2014",Darren Elkins,Lucas Martins,win
"October 25, 2014",Beneil Dariush,Diego Ferreira,win
"October 25, 2014",Neil Magny,William Macario,win
"October 25, 2014",Yan Cabral,Naoyuki Kotani,win
"October 25, 2014",Wilson Reis,Scott Jorgensen,win
"October 25, 2014",Andre Fili,Felipe Arantes,win
"October 25, 2014",Gilbert Burns,Christos Giagos,win
"October 25, 2014",Anthony Rocco Martin,Fabricio Camoes,win
"October 04, 2014",Rory MacDonald,Tarec Saffiedine,win
"October 04, 2014",Raphael Assuncao,Bryan Caraway,win
"October 04, 2014",Chad Laprise,Yosdenis Cedeno,win
"October 04, 2014",Elias Theodorou,Bruno Santos,win
"October 04, 2014",Nordine Taleb,Li Jingliang,win
"October 04, 2014",Mitch Gagnon,Roman Salazar,win
"October 04, 2014",Daron Cruickshank,Anthony Njokuani,win
"October 04, 2014",Olivier Aubin-Mercier,Jake Lindsey,win
"October 04, 2014",Paul Felder,Jason Saggo,win
"October 04, 2014",Chris Kelades,Paddy Holohan,win
"October 04, 2014",Albert Tumenov,Matt Dwyer,win
"October 04, 2014",Pedro Munhoz,Jerrod Sanders,nc
"October 04, 2014",Rick Story,Gunnar Nelson,win
"October 04, 2014",Max Holloway,Akira Corassani,win
"October 04, 2014",Jan Blachowicz,Ilir Latifi,win
"October 04, 2014",Mike Wilkinson,Niklas Backstrom,win
"October 04, 2014",Magnus Cedenblad,Scott Askham,win
"October 04, 2014",Nicholas Musoke,Alexander Yakovlev,win
"October 04, 2014",Dennis Siver,Charles Rosa,win
"October 04, 2014",Cathal Pendred,Gasan Umalatov,win
"October 04, 2014",Krzysztof Jotko,Tor Troeng,win
"October 04, 2014",Mairbek Taisumov,Marcin Bandel,win
"October 04, 2014",Zubaira Tukhugov,Ernest Chavez,win
"September 27, 2014",Demetrious Johnson,Chris Cariaso,win
"September 27, 2014",Donald Cerrone,Eddie Alvarez,win
"September 27, 2014",Conor McGregor,Dustin Poirier,win
"September 27, 2014",Yoel Romero,Tim Kennedy,win
"September 27, 2014",Cat Zingano,Amanda Nunes,win
"September 27, 2014",Dominick Cruz,Takeya Mizugaki,win
"September 27, 2014",Jorge Masvidal,James Krause,win
"September 27, 2014",Stephen Thompson,Patrick Cote,win
"September 27, 2014",Brian Ebersole,John Howard,win
"September 27, 2014",Kevin Lee,Jon Tuck,win
"September 27, 2014",Manvel Gamburyan,Cody Gibson,win
"September 20, 2014",Mark Hunt,Roy Nelson,win
"September 20, 2014",Myles Jury,Takanori Gomi,win
"September 20, 2014",Yoshihiro Akiyama,Amir Sadollah,win
"September 20, 2014",Miesha Tate,Rin Nakai,win
"September 20, 2014",Kiichi Kunimoto,Richard Walsh,win
"September 20, 2014",Kyoji Horiguchi,Jon Delos Reyes,win
"September 20, 2014",Masanori Kanehara,Alex Caceres,win
"September 20, 2014",Katsunori Kikuno,Sam Sicilia,win
"September 20, 2014",Hyun Gyu Lim,Takenori Sato,win
"September 20, 2014",Kyung Ho Kang,Michinori Tanaka,win
"September 20, 2014",Johnny Case,Kazuki Tokudome,win
"September 20, 2014",Maximo Blanco,Dan Hooker,win
"September 13, 2014",Andrei Arlovski,Antonio Silva,win
"September 13, 2014",Gleison Tibau,Piotr Hallmann,win
"September 13, 2014",Leonardo Santos,Efrain Escudero,win
"September 13, 2014",Santiago Ponzinibbio,Wendell Oliveira Marques,win
"September 13, 2014",Iuri Alcantara,Russell Doane,win
"September 13, 2014",Jessica Andrade,Larissa Pacheco,win
"September 13, 2014",Godofredo Pepey,Dashon Johnson,win
"September 13, 2014",George Sullivan,Igor Araujo,win
"September 13, 2014",Francisco Trinaldo,Leandro Silva,win
"September 13, 2014",Sean Spencer,Paulo Thiago,win
"September 13, 2014",Rani Yahya,Johnny Bedford,win
"September 05, 2014",Jacare Souza,Gegard Mousasi,win
"September 05, 2014",Ben Rothwell,Alistair Overeem,win
"September 05, 2014",Matt Mitrione,Derrick Lewis,win
"September 05, 2014",Joe Lauzon,Michael Chiesa,win
"September 05, 2014",John Moraga,Justin Scoggins,win
"September 05, 2014",Al Iaquinta,Rodrigo Damm,win
"September 05, 2014",Rafael Natal,Chris Camozzi,win
"September 05, 2014",Chris Beal,Tateki Matsuda,win
"September 05, 2014",Chas Skelly,Sean Soriano,win
"August 30, 2014",TJ Dillashaw,Joe Soto,win
"August 30, 2014",Tony Ferguson,Danny Castillo,win
"August 30, 2014",Bethe Correia,Shayna Baszler,win
"August 30, 2014",Diego Ferreira,Ramsey Nijem,win
"August 30, 2014",Yancy Medeiros,Damon Jackson,win
"August 30, 2014",Derek Brunson,Lorenz Larkin,win
"August 30, 2014",Anthony Hamilton,Ruan Potts,win
"August 30, 2014",Chris Wade,Cain Carrizosa,win
"August 23, 2014",Rafael Dos Anjos,Benson Henderson,win
"August 23, 2014",Jordan Mein,Mike Pyle,win
"August 23, 2014",Thales Leites,Francis Carmont,win
"August 23, 2014",Max Holloway,Clay Collard,win
"August 23, 2014",James Vick,Valmir Lazaro,win
"August 23, 2014",Chas Skelly,Tom Niinimaki,win
"August 23, 2014",Neil Magny,Alex Garcia,win
"August 23, 2014",Beneil Dariush,Anthony Rocco Martin,win
"August 23, 2014",Matt Hobar,Aaron Phillips,win
"August 23, 2014",Ben Saunders,Chris Heatherly,win
"August 23, 2014",Wilson Reis,Joby Sanchez,win
"August 23, 2014",Michael Bisping,Cung Le,win
"August 23, 2014",Tyron Woodley,Dong Hyun Kim,win
"August 23, 2014",Zhang Lipeng,Brendan O'Reilly,win
"August 23, 2014",Guangyou Ning,Jianping Yang,win
"August 23, 2014",Sai Wang,Danny Mitchell,win
"August 23, 2014",Alberto Mina,Shinsho Anzai,win
"August 23, 2014",Yuta Sasaki,Roland Delorme,win
"August 23, 2014",Colby Covington,Anying Wang,win
"August 23, 2014",Royston Wee,Yao Zhikui,win
"August 23, 2014",Milana Dudieva,Elizabeth Phillips,win
"August 16, 2014",Ryan Bader,Ovince Saint Preux,win
"August 16, 2014",Ross Pearson,Gray Maynard,win
"August 16, 2014",Tim Boetsch,Brad Tavares,win
"August 16, 2014",Alan Jouban,Seth Baczynski,win
"August 16, 2014",Shawn Jordan,Jack May,win
"August 16, 2014",Thiago Tavares,Robert Peralta,win
"August 16, 2014",Jussier Formiga,Zach Makovsky,win
"August 16, 2014",Sara McMann,Lauren Murphy,win
"August 16, 2014",Tom Watson,Sam Alvey,win
"August 16, 2014",Frankie Saenz,Nolan Ticman,win
"July 26, 2014",Robbie Lawler,Matt Brown,win
"July 26, 2014",Anthony Johnson,Rogerio Nogueira,win
"July 26, 2014",Dennis Bermudez,Clay Guida,win
"July 26, 2014",King Green,Josh Thomson,win
"July 26, 2014",Jorge Masvidal,Daron Cruickshank,win
"July 26, 2014",Patrick Cummins,Kyle Kingsbury,win
"July 26, 2014",Tim Means,Hernani Perpetuo,win
"July 26, 2014",Mike de la Torre,Brian Ortega,nc
"July 26, 2014",Tiago dos Santos e Silva,Akbarh Arreola,win
"July 26, 2014",Gilbert Burns,Andreas Stahl,win
"July 26, 2014",Joanna Jedrzejczyk,Juliana Lima,win
"July 26, 2014",Noad Lahat,Steven Siler,win
"July 19, 2014",Conor McGregor,Diego Brandao,win
"July 19, 2014",Gunnar Nelson,Zak Cummings,win
"July 19, 2014",Ian McCall,Brad Pickett,win
"July 19, 2014",Norman Parke,Naoyuki Kotani,win
"July 19, 2014",Ilir Latifi,Chris Dempsey,win
"July 19, 2014",Neil Seery,Phil Harris,win
"July 19, 2014",Cathal Pendred,Mike King,win
"July 19, 2014",Trevor Smith,Tor Troeng,win
"July 19, 2014",Nikita Krylov,Cody Donovan,win
"July 19, 2014",Paddy Holohan,Josh Sampo,win
"July 16, 2014",Donald Cerrone,Jim Miller,win
"July 16, 2014",Edson Barboza,Evan Dunham,win
"July 16, 2014",Rick Story,Leonardo Mafra,win
"July 16, 2014",Joe Proctor,Justin Salas,win
"July 16, 2014",John Lineker,Alptekin Ozkilic,win
"July 16, 2014",Lucas Martins,Alex White,win
"July 16, 2014",Gleison Tibau,Pat Healy,win
"July 16, 2014",Leslie Smith,Jessamyn Duke,win
"July 16, 2014",Aljamain Sterling,Hugo Viana,win
"July 16, 2014",Yosdenis Cedeno,Jerrod Sanders,win
"July 16, 2014",Claudia Gadelha,Tina Lahdemaki,win
"July 06, 2014",Frankie Edgar,BJ Penn,win
"July 06, 2014",Corey Anderson,Matt Van Buren,win
"July 06, 2014",Eddie Gordon,Dhiego Lima,win
"July 06, 2014",Derrick Lewis,Guto Inocente,win
"July 06, 2014",Dustin Ortiz,Justin Scoggins,win
"July 06, 2014",Kevin Lee,Jesse Ronson,win
"July 06, 2014",Leandro Issa,Jumabieke Tuerxun,win
"July 06, 2014",Adriano Martins,Juan Manuel Puig,win
"July 06, 2014",Patrick Walsh,Daniel Spohn,win
"July 06, 2014",Sarah Moras,Alexis Dufresne,win
"July 06, 2014",Robert Drysdale,Keith Berish,nc
"July 05, 2014",Chris Weidman,Lyoto Machida,win
"July 05, 2014",Ronda Rousey,Alexis Davis,win
"July 05, 2014",Uriah Hall,Thiago Santos,win
"July 05, 2014",Russell Doane,Marcus Brimage,win
"July 05, 2014",Urijah Faber,Alex Caceres,win
"July 05, 2014",Kenny Robertson,Ildemar Alcantara,win
"July 05, 2014",Bruno Santos,Chris Camozzi,win
"July 05, 2014",Rob Font,George Roop,win
"July 05, 2014",Luke Zachrich,Guilherme Vasconcelos,win
"July 05, 2014",Kevin Casey,Bubba Bush,nc
"June 28, 2014",Cub Swanson,Jeremy Stephens,win
"June 28, 2014",Kelvin Gastelum,Nicholas Musoke,win
"June 28, 2014",Cezar Ferreira,Andrew Craig,win
"June 28, 2014",Ricardo Lamas,Hacran Dias,win
"June 28, 2014",Clint Hester,Antonio Braga Neto,win
"June 28, 2014",Joe Ellenberger,James Moontasri,win
"June 28, 2014",Diego Ferreira,Colton Smith,win
"June 28, 2014",Cody Gibson,Johnny Bedford,win
"June 28, 2014",Marcelo Guimaraes,Andy Enz,win
"June 28, 2014",Ray Borg,Shane Howell,win
"June 28, 2014",Aleksei Oleinik,Anthony Hamilton,win
"June 28, 2014",Nate Marquardt,James Te Huna,win
"June 28, 2014",Jared Rosholt,Soa Palelei,win
"June 28, 2014",Charles Oliveira,Hatsu Hioki,win
"June 28, 2014",Robert Whittaker,Mike Rhodes,win
"June 28, 2014",Jake Matthews,Dashon Johnson,win
"June 28, 2014",Richie Vaculik,Roldan Sangcha'an,win
"June 28, 2014",Vik Grujic,Chris Indich,win
"June 28, 2014",Neil Magny,Rodrigo de Lima,win
"June 28, 2014",Dan Hooker,Ian Entwistle,win
"June 28, 2014",Gian Villante,Sean O'Connell,win
"June 14, 2014",Demetrious Johnson,Ali Bagautinov,win
"June 14, 2014",Rory MacDonald,Tyron Woodley,win
"June 14, 2014",Ryan Bader,Rafael Cavalcante,win
"June 14, 2014",Andrei Arlovski,Brendan Schaub,win
"June 14, 2014",Ovince Saint Preux,Ryan Jimmo,win
"June 14, 2014",Kiichi Kunimoto,Daniel Sarafian,win
"June 14, 2014",Valerie Letourneau,Elizabeth Phillips,win
"June 14, 2014",Yves Jabouin,Mike Easton,win
"June 14, 2014",Tae Hyun Bang,Kajan Johnson,win
"June 14, 2014",Michinori Tanaka,Roland Delorme,win
"June 14, 2014",Jason Saggo,Josh Shockley,win
"June 07, 2014",Benson Henderson,Rustam Khabilov,win
"June 07, 2014",Diego Sanchez,Ross Pearson,win
"June 07, 2014",John Dodson,John Moraga,win
"June 07, 2014",Rafael Dos Anjos,Jason High,win
"June 07, 2014",Piotr Hallmann,Yves Edwards,win
"June 07, 2014",Bryan Caraway,Erik Perez,win
"June 07, 2014",Sergio Pettis,Yaotzin Meza,win
"June 07, 2014",Lance Benoist,Bobby Voelker,win
"June 07, 2014",Scott Jorgensen,Danny Martinez,win
"June 07, 2014",Jon Tuck,Jake Lindsey,win
"June 07, 2014",Patrick Cummins,Roger Narvaez,win
"May 31, 2014",Stipe Miocic,Fabio Maldonado,win
"May 31, 2014",Antonio Carlos Junior,Vitor Miranda,win
"May 31, 2014",Warlley Alves,Marcio Alexandre Junior,win
"May 31, 2014",Demian Maia,Alexander Yakovlev,win
"May 31, 2014",Robert Peralta,Rony Jason,win
"May 31, 2014",Rashid Magomedov,Rodrigo Damm,win
"May 31, 2014",Elias Silverio,Ernest Chavez,win
"May 31, 2014",Gasan Umalatov,Paulo Thiago,win
"May 31, 2014",Edimilson Souza,Mark Eddiva,win
"May 31, 2014",Ricardo Abreu,Wagner Silva,win
"May 31, 2014",Marcos Rogerio de Lima,Richardson Moreira,win
"May 31, 2014",Pedro Munhoz,Matt Hobar,win
"May 31, 2014",Gegard Mousasi,Mark Munoz,win
"May 31, 2014",CB Dollaway,Francis Carmont,win
"May 31, 2014",Sean Strickland,Luke Barnatt,win
"May 31, 2014",Niklas Backstrom,Tom Niinimaki,win
"May 31, 2014",Nick Hein,Drew Dober,win
"May 31, 2014",Magnus Cedenblad,Krzysztof Jotko,win
"May 31, 2014",Iuri Alcantara,Vaughan Lee,win
"May 31, 2014",Peter Sobotta,Pawel Pawlak,win
"May 31, 2014",Maximo Blanco,Andy Ogle,win
"May 31, 2014",Ruslan Magomedov,Viktor Pesta,win
"May 24, 2014",TJ Dillashaw,Renan Barao,win
"May 24, 2014",Daniel Cormier,Dan Henderson,win
"May 24, 2014",Robbie Lawler,Jake Ellenberger,win
"May 24, 2014",Takeya Mizugaki,Francisco Rivera,win
"May 24, 2014",James Krause,Jamie Varner,win
"May 24, 2014",Michael Chiesa,Francisco Trinaldo,win
"May 24, 2014",Tony Ferguson,Katsunori Kikuno,win
"May 24, 2014",Chris Holdsworth,Chico Camus,win
"May 24, 2014",Mitch Clarke,Al Iaquinta,win
"May 24, 2014",Vinc Pichel,Anthony Njokuani,win
"May 24, 2014",Sam Sicilia,Aaron Phillips,win
"May 24, 2014",Li Jingliang,David Michaud,win
"May 10, 2014",Matt Brown,Erick Silva,win
"May 10, 2014",Constantinos Philippou,Lorenz Larkin,win
"May 10, 2014",Daron Cruickshank,Erik Koch,win
"May 10, 2014",Neil Magny,Tim Means,win
"May 10, 2014",Soa Palelei,Ruan Potts,win
"May 10, 2014",Chris Cariaso,Louis Smolka,win
"May 10, 2014",Ed Herman,Rafael Natal,win
"May 10, 2014",Kyoji Horiguchi,Darrell Montague,win
"May 10, 2014",Zak Cummings,Yan Cabral,win
"May 10, 2014",Johnny Eduardo,Eddie Wineland,win
"May 10, 2014",Nik Lentz,Manvel Gamburyan,win
"May 10, 2014",Justin Salas,Ben Wall,win
"May 10, 2014",Albert Tumenov,Anthony Lapsley,win
"April 26, 2014",Jon Jones,Glover Teixeira,win
"April 26, 2014",Anthony Johnson,Phil Davis,win
"April 26, 2014",Luke Rockhold,Tim Boetsch,win
"April 26, 2014",Jim Miller,Yancy Medeiros,win
"April 26, 2014",Max Holloway,Andre Fili,win
"April 26, 2014",Joseph Benavidez,Tim Elliott,win
"April 26, 2014",Takanori Gomi,Isaac Vallie-Flagg,win
"April 26, 2014",Bethe Correia,Jessamyn Duke,win
"April 26, 2014",Danny Castillo,Charlie Brenneman,win
"April 26, 2014",Chris Beal,Patrick Williams,win
"April 19, 2014",Fabricio Werdum,Travis Browne,win
"April 19, 2014",Miesha Tate,Liz Carmouche,win
"April 19, 2014",Donald Cerrone,Edson Barboza,win
"April 19, 2014",Yoel Romero,Brad Tavares,win
"April 19, 2014",Khabib Nurmagomedov,Rafael Dos Anjos,win
"April 19, 2014",Thiago Alves,Seth Baczynski,win
"April 19, 2014",Jorge Masvidal,Pat Healy,win
"April 19, 2014",Alex White,Estevan Payan,win
"April 19, 2014",Caio Magalhaes,Luke Zachrich,win
"April 19, 2014",Jordan Mein,Hernani Perpetuo,win
"April 19, 2014",Dustin Ortiz,Ray Borg,win
"April 19, 2014",Mirsad Bektic,Chas Skelly,win
"April 19, 2014",Derrick Lewis,Jack May,win
"April 16, 2014",Tim Kennedy,Michael Bisping,win
"April 16, 2014",Patrick Cote,Kyle Noke,win
"April 16, 2014",Elias Theodorou,Sheldon Westcott,win
"April 16, 2014",Chad Laprise,Olivier Aubin-Mercier,win
"April 16, 2014",Dustin Poirier,Akira Corassani,win
"April 16, 2014",KJ Noons,Sam Stout,win
"April 16, 2014",Sarah Kaufman,Leslie Smith,win
"April 16, 2014",Ryan Jimmo,Sean O'Connell,win
"April 16, 2014",George Roop,Dustin Kimura,win
"April 16, 2014",Mark Bocek,Mike de la Torre,win
"April 16, 2014",Nordine Taleb,Vik Grujic,win
"April 16, 2014",Richard Walsh,Chris Indich,win
"April 16, 2014",Mitch Gagnon,Tim Gorman,win
"April 11, 2014",Roy Nelson,Antonio Rodrigo Nogueira,win
"April 11, 2014",Clay Guida,Tatsuya Kawajiri,win
"April 11, 2014",Ryan LaFlare,John Howard,win
"April 11, 2014",Ramsey Nijem,Beneil Dariush,win
"April 11, 2014",Jared Rosholt,Daniel Omielanczuk,win
"April 11, 2014",Thales Leites,Trevor Smith,win
"April 11, 2014",Jim Alers,Alan Omer,win
"April 11, 2014",Rani Yahya,Johnny Bedford,nc
"March 23, 2014",Dan Henderson,Mauricio Rua,win
"March 23, 2014",CB Dollaway,Cezar Ferreira,win
"March 23, 2014",Leonardo Santos,Norman Parke,draw
"March 23, 2014",Fabio Maldonado,Gian Villante,win
"March 23, 2014",Michel Prazeres,Mairbek Taisumov,win
"March 23, 2014",Rony Jason,Steven Siler,win
"March 23, 2014",Thiago Santos,Ronny Markes,win
"March 23, 2014",Jussier Formiga,Scott Jorgensen,win
"March 23, 2014",Kenny Robertson,Thiago Perpetuo,win
"March 23, 2014",Hans Stringer,Francimar Barroso,win
"March 23, 2014",Godofredo Pepey,Noad Lahat,win
"March 15, 2014",Johny Hendricks,Robbie Lawler,win
"March 15, 2014",Tyron Woodley,Carlos Condit,win
"March 15, 2014",Myles Jury,Diego Sanchez,win
"March 15, 2014",Hector Lombard,Jake Shields,win
"March 15, 2014",Ovince Saint Preux,Nikita Krylov,win
"March 15, 2014",Kelvin Gastelum,Rick Story,win
"March 15, 2014",Jessica Andrade,Raquel Pennington,win
"March 15, 2014",Dennis Bermudez,Jimy Hettes,win
"March 15, 2014",Alex Garcia,Sean Spencer,win
"March 15, 2014",Francisco Trevino,Renee Forte,win
"March 15, 2014",Justin Scoggins,Will Campuzano,win
"March 15, 2014",Sean Strickland,Robert McDaniel,win
"March 15, 2014",Robert Whiteford,Daniel Pineda,win
"March 08, 2014",Alexander Gustafsson,Jimi Manuwa,win
"March 08, 2014",Michael Johnson,Melvin Guillard,win
"March 08, 2014",Brad Pickett,Neil Seery,win
"March 08, 2014",Gunnar Nelson,Omari Akhmedov,win
"March 08, 2014",Ilir Latifi,Cyrille Diabate,win
"March 08, 2014",Luke Barnatt,Mats Nilsson,win
"March 08, 2014",Claudio Silva,Brad Scott,win
"March 08, 2014",Igor Araujo,Danny Mitchell,win
"March 08, 2014",Phil Harris,Louis Gaudinot,nc
"March 01, 2014",Dong Hyun Kim,John Hathaway,win
"March 01, 2014",Zhang Lipeng,Sai Wang,win
"March 01, 2014",Matt Mitrione,Shawn Jordan,win
"March 01, 2014",Hatsu Hioki,Ivan Menjivar,win
"March 01, 2014",Yui Chul Nam,Kazuki Tokudome,win
"March 01, 2014",Vaughan Lee,Nam Phan,win
"March 01, 2014",Anying Wang,Albert Cheng,win
"March 01, 2014",Mark Eddiva,Jumabieke Tuerxun,win
"February 22, 2014",Ronda Rousey,Sara McMann,win
"February 22, 2014",Daniel Cormier,Patrick Cummins,win
"February 22, 2014",Rory MacDonald,Demian Maia,win
"February 22, 2014",Mike Pyle,TJ Waldburger,win
"February 22, 2014",Stephen Thompson,Robert Whittaker,win
"February 22, 2014",Alexis Davis,Jessica Eye,win
"February 22, 2014",Raphael Assuncao,Pedro Munhoz,win
"February 22, 2014",Aljamain Sterling,Cody Gibson,win
"February 22, 2014",Zach Makovsky,Josh Sampo,win
"February 22, 2014",Erik Koch,Rafaello Oliveira,win
"February 22, 2014",Ernest Chavez,Yosdenis Cedeno,win
"February 15, 2014",Lyoto Machida,Gegard Mousasi,win
"February 15, 2014",Jacare Souza,Francis Carmont,win
"February 15, 2014",Erick Silva,Takenori Sato,win
"February 15, 2014",Nicholas Musoke,Viscardi Andrade,win
"February 15, 2014",Charles Oliveira,Andy Ogle,win
"February 15, 2014",Joe Proctor,Cristiano Marcello,win
"February 15, 2014",Rodrigo Damm,Ivan Jorge,win
"February 15, 2014",Francisco Trinaldo,Jesse Ronson,win
"February 15, 2014",Iuri Alcantara,Wilson Reis,win
"February 15, 2014",Felipe Arantes,Maximo Blanco,win
"February 15, 2014",Ildemar Alcantara,Albert Tumenov,win
"February 15, 2014",Zubaira Tukhugov,Douglas Silva de Andrade,win
"February 01, 2014",Renan Barao,Urijah Faber,win
"February 01, 2014",Jose Aldo,Ricardo Lamas,win
"February 01, 2014",Alistair Overeem,Frank Mir,win
"February 01, 2014",Ali Bagautinov,John Lineker,win
"February 01, 2014",Abel Trujillo,Jamie Varner,win
"February 01, 2014",Alan Patrick,John Makdessi,win
"February 01, 2014",Chris Cariaso,Danny Martinez,win
"February 01, 2014",Nick Catone,Tom Watson,win
"February 01, 2014",Al Iaquinta,Kevin Lee,win
"February 01, 2014",Clint Hester,Andy Enz,win
"February 01, 2014",Rashid Magomedov,Anthony Rocco Martin,win
"February 01, 2014",Neil Magny,Gasan Umalatov,win
"January 25, 2014",Benson Henderson,Josh Thomson,win
"January 25, 2014",Stipe Miocic,Gabriel Gonzaga,win
"January 25, 2014",Donald Cerrone,Adriano Martins,win
"January 25, 2014",Jeremy Stephens,Darren Elkins,win
"January 25, 2014",Alex Caceres,Sergio Pettis,win
"January 25, 2014",Eddie Wineland,Yves Jabouin,win
"January 25, 2014",Chico Camus,Yaotzin Meza,nc
"January 25, 2014",Hugo Viana,Ramiro Hernandez,win
"January 25, 2014",Daron Cruickshank,Mike Rio,win
"January 25, 2014",George Sullivan,Mike Rhodes,win
"January 25, 2014",Nikita Krylov,Walt Harris,win
"January 15, 2014",Luke Rockhold,Constantinos Philippou,win
"January 15, 2014",Brad Tavares,Lorenz Larkin,win
"January 15, 2014",TJ Dillashaw,Mike Easton,win
"January 15, 2014",Yoel Romero,Derek Brunson,win
"January 15, 2014",John Moraga,Dustin Ortiz,win
"January 15, 2014",Cole Miller,Sam Sicilia,win
"January 15, 2014",Ramsey Nijem,Justin Edwards,win
"January 15, 2014",Elias Silverio,Isaac Vallie-Flagg,win
"January 15, 2014",Trevor Smith,Brian Houston,win
"January 15, 2014",Louis Smolka,Alptekin Ozkilic,win
"January 15, 2014",Vinc Pichel,Garett Whiteley,win
"January 15, 2014",Beneil Dariush,Charlie Brenneman,win
"January 04, 2014",Tarec Saffiedine,Hyun Gyu Lim,win
"January 04, 2014",Tatsuya Kawajiri,Sean Soriano,win
"January 04, 2014",Kiichi Kunimoto,Luiz Dutra,win
"January 04, 2014",Kyung Ho Kang,Shunichi Shimizu,win
"January 04, 2014",Max Holloway,Will Chope,win
"January 04, 2014",Katsunori Kikuno,Quinn Mulhern,win
"January 04, 2014",Royston Wee,Dave Galera,win
"January 04, 2014",Mairbek Taisumov,Tae Hyun Bang,win
"January 04, 2014",Dustin Kimura,Jon Delos Reyes,win
"January 04, 2014",Russell Doane,Leandro Issa,win
"December 28, 2013",Chris Weidman,Anderson Silva,win
"December 28, 2013",Ronda Rousey,Miesha Tate,win
"December 28, 2013",Travis Browne,Josh Barnett,win
"December 28, 2013",Jim Miller,Fabricio Camoes,win
"December 28, 2013",Dustin Poirier,Diego Brandao,win
"December 28, 2013",Uriah Hall,Chris Leben,win
"December 28, 2013",Michael Johnson,Gleison Tibau,win
"December 28, 2013",Dennis Siver,Manvel Gamburyan,nc
"December 28, 2013",John Howard,Siyar Bahadurzada,win
"December 28, 2013",William Macario,Bobby Voelker,win
"December 28, 2013",Robert Peralta,Estevan Payan,win
"December 14, 2013",Demetrious Johnson,Joseph Benavidez,win
"December 14, 2013",Urijah Faber,Michael McDonald,win
"December 14, 2013",Chad Mendes,Nik Lentz,win
"December 14, 2013",Joe Lauzon,Mac Danzig,win
"December 14, 2013",Ryan LaFlare,Court McGee,win
"December 14, 2013",Edson Barboza,Danny Castillo,win
"December 14, 2013",King Green,Pat Healy,win
"December 14, 2013",Zach Makovsky,Scott Jorgensen,win
"December 14, 2013",Sam Stout,Cody McKenzie,win
"December 14, 2013",Abel Trujillo,Roger Bowling,win
"December 14, 2013",Alptekin Ozkilic,Darren Uyenoyama,win
"December 06, 2013",Mark Hunt,Antonio Silva,draw
"December 06, 2013",Mauricio Rua,James Te Huna,win
"December 06, 2013",Ryan Bader,Anthony Perosh,win
"December 06, 2013",Soa Palelei,Pat Barry,win
"December 06, 2013",Clint Hester,Dylan Andrews,win
"December 06, 2013",Bethe Correia,Julie Kedzie,win
"December 06, 2013",Takeya Mizugaki,Nam Phan,win
"December 06, 2013",Caio Magalhaes,Nick Ring,win
"December 06, 2013",Justin Scoggins,Richie Vaculik,win
"December 06, 2013",Krzysztof Jotko,Bruno Santos,win
"December 06, 2013",Alex Garcia,Ben Wall,win
"November 30, 2013",Nate Diaz,Gray Maynard,win
"November 30, 2013",Julianna Pena,Jessica Rakoczy,win
"November 30, 2013",Chris Holdsworth,Davey Grant,win
"November 30, 2013",Jessamyn Duke,Peggy Morgan,win
"November 30, 2013",Raquel Pennington,Roxanne Modafferi,win
"November 30, 2013",Akira Corassani,Maximo Blanco,win
"November 30, 2013",Tom Niinimaki,Rani Yahya,win
"November 30, 2013",Jared Rosholt,Walt Harris,win
"November 30, 2013",Sean Spencer,Drew Dober,win
"November 30, 2013",Josh Sampo,Ryan Benoit,win
"November 16, 2013",Georges St-Pierre,Johny Hendricks,win
"November 16, 2013",Rashad Evans,Chael Sonnen,win
"November 16, 2013",Robbie Lawler,Rory MacDonald,win
"November 16, 2013",Tyron Woodley,Josh Koscheck,win
"November 16, 2013",Ali Bagautinov,Tim Elliott,win
"November 16, 2013",Donald Cerrone,Evan Dunham,win
"November 16, 2013",Thales Leites,Ed Herman,win
"November 16, 2013",Rick Story,Brian Ebersole,win
"November 16, 2013",Erik Perez,Edwin Figueroa,win
"November 16, 2013",Jason High,Anthony Lapsley,win
"November 16, 2013",Sergio Pettis,Will Campuzano,win
"November 16, 2013",Gian Villante,Cody Donovan,win
"November 09, 2013",Vitor Belfort,Dan Henderson,win
"November 09, 2013",Cezar Ferreira,Daniel Sarafian,win
"November 09, 2013",Rafael Cavalcante,Igor Pokrajac,win
"November 09, 2013",Brandon Thatch,Paulo Thiago,win
"November 09, 2013",Ryan LaFlare,Santiago Ponzinibbio,win
"November 09, 2013",Jeremy Stephens,Rony Jason,win
"November 09, 2013",Sam Sicilia,Godofredo Pepey,win
"November 09, 2013",Omari Akhmedov,Thiago Perpetuo,win
"November 09, 2013",Thiago Tavares,Justin Salas,win
"November 09, 2013",Adriano Martins,Daron Cruickshank,win
"November 09, 2013",Dustin Ortiz,Jose Maria,win
"November 06, 2013",Tim Kennedy,Rafael Natal,win
"November 06, 2013",Alexis Davis,Liz Carmouche,win
"November 06, 2013",Yoel Romero,Ronny Markes,win
"November 06, 2013",Rustam Khabilov,Jorge Masvidal,win
"November 06, 2013",Michael Chiesa,Colton Smith,win
"November 06, 2013",King Green,James Krause,win
"November 06, 2013",Francisco Rivera,George Roop,win
"November 06, 2013",Dennis Bermudez,Steven Siler,win
"November 06, 2013",Amanda Nunes,Germaine de Randamie,win
"November 06, 2013",Lorenz Larkin,Chris Camozzi,win
"November 06, 2013",Yves Edwards,Yancy Medeiros,nc
"November 06, 2013",Seth Baczynski,Neil Magny,win
"November 06, 2013",Derek Brunson,Brian Houston,win
"October 26, 2013",Lyoto Machida,Mark Munoz,win
"October 26, 2013",Ross Pearson,Melvin Guillard,nc
"October 26, 2013",Jimi Manuwa,Ryan Jimmo,win
"October 26, 2013",Norman Parke,Jon Tuck,win
"October 26, 2013",Nicholas Musoke,Alessio Sakara,win
"October 26, 2013",John Lineker,Phil Harris,win
"October 26, 2013",Al Iaquinta,Piotr Hallmann,win
"October 26, 2013",Luke Barnatt,Andrew Craig,win
"October 26, 2013",Jessica Andrade,Rosi Sexton,win
"October 26, 2013",Cole Miller,Andy Ogle,win
"October 26, 2013",Jimy Hettes,Robert Whiteford,win
"October 26, 2013",Brad Scott,Michael Kuiper,win
"October 19, 2013",Cain Velasquez,Junior Dos Santos,win
"October 19, 2013",Daniel Cormier,Roy Nelson,win
"October 19, 2013",Gilbert Melendez,Diego Sanchez,win
"October 19, 2013",Gabriel Gonzaga,Shawn Jordan,win
"October 19, 2013",John Dodson,Darrell Montague,win
"October 19, 2013",Tim Boetsch,CB Dollaway,win
"October 19, 2013",Hector Lombard,Nate Marquardt,win
"October 19, 2013",Sarah Kaufman,Jessica Eye,nc
"October 19, 2013",KJ Noons,George Sotiropoulos,win
"October 19, 2013",Adlan Amagov,TJ Waldburger,win
"October 19, 2013",Tony Ferguson,Mike Rio,win
"October 19, 2013",Andre Fili,Jeremy Larsen,win
"October 19, 2013",Kyoji Horiguchi,Dustin Pague,win
"October 09, 2013",Jake Shields,Demian Maia,win
"October 09, 2013",Dong Hyun Kim,Erick Silva,win
"October 09, 2013",Thiago Silva,Matt Hamill,win
"October 09, 2013",Fabio Maldonado,Joey Beltran,win
"October 09, 2013",Rousimar Palhares,Mike Pierce,win
"October 09, 2013",Raphael Assuncao,TJ Dillashaw,win
"October 09, 2013",Igor Araujo,Ildemar Alcantara,win
"October 09, 2013",Yan Cabral,David Mitchell,win
"October 09, 2013",Chris Cariaso,Iliarde Santos,win
"October 09, 2013",Alan Patrick,Garett Whiteley,win
"September 21, 2013",Jon Jones,Alexander Gustafsson,win
"September 21, 2013",Renan Barao,Eddie Wineland,win
"September 21, 2013",Brendan Schaub,Matt Mitrione,win
"September 21, 2013",Francis Carmont,Constantinos Philippou,win
"September 21, 2013",Khabib Nurmagomedov,Pat Healy,win
"September 21, 2013",Myles Jury,Mike Ricci,win
"September 21, 2013",Wilson Reis,Ivan Menjivar,win
"September 21, 2013",Stephen Thompson,Chris Clements,win
"September 21, 2013",Mitch Gagnon,Dustin Kimura,win
"September 21, 2013",John Makdessi,Renee Forte,win
"September 21, 2013",Michel Prazeres,Jesse Ronson,win
"September 21, 2013",Alex Caceres,Roland Delorme,win
"September 21, 2013",Daniel Omielanczuk,Nandor Guelmino,win
"September 04, 2013",Glover Teixeira,Ryan Bader,win
"September 04, 2013",Jacare Souza,Yushin Okami,win
"September 04, 2013",Joseph Benavidez,Jussier Formiga,win
"September 04, 2013",Piotr Hallmann,Francisco Trinaldo,win
"September 04, 2013",Rafael Natal,Tor Troeng,win
"September 04, 2013",Ali Bagautinov,Marcos Vinicius,win
"September 04, 2013",Edimilson Souza,Felipe Arantes,win
"September 04, 2013",Lucas Martins,Ramiro Hernandez,win
"September 04, 2013",Elias Silverio,Joao Zeferino,win
"September 04, 2013",Ivan Jorge,Keith Wisniewski,win
"September 04, 2013",Sean Spencer,Yuri Villefort,win
"August 31, 2013",Anthony Pettis,Benson Henderson,win
"August 31, 2013",Josh Barnett,Frank Mir,win
"August 31, 2013",Chad Mendes,Clay Guida,win
"August 31, 2013",Ben Rothwell,Brandon Vera,win
"August 31, 2013",Dustin Poirier,Erik Koch,win
"August 31, 2013",Gleison Tibau,Jamie Varner,win
"August 31, 2013",Tim Elliott,Louis Gaudinot,win
"August 31, 2013",Hyun Gyu Lim,Pascal Krauss,win
"August 31, 2013",Chico Camus,Kyung Ho Kang,win
"August 31, 2013",Soa Palelei,Nikita Krylov,win
"August 31, 2013",Al Iaquinta,Ryan Couture,win
"August 31, 2013",Magnus Cedenblad,Jared Hamman,win
"August 28, 2013",Carlos Condit,Martin Kampmann,win
"August 28, 2013",Rafael Dos Anjos,Donald Cerrone,win
"August 28, 2013",Kelvin Gastelum,Brian Melancon,win
"August 28, 2013",Court McGee,Robert Whittaker,win
"August 28, 2013",Takeya Mizugaki,Erik Perez,win
"August 28, 2013",Brad Tavares,Robert McDaniel,win
"August 28, 2013",Dylan Andrews,Papy Abedi,win
"August 28, 2013",Brandon Thatch,Justin Edwards,win
"August 28, 2013",Darren Elkins,Hatsu Hioki,win
"August 28, 2013",Jason High,James Head,win
"August 28, 2013",Zak Cummings,Ben Alloway,win
"August 28, 2013",Roger Bowling,Abel Trujillo,nc
"August 17, 2013",Chael Sonnen,Mauricio Rua,win
"August 17, 2013",Travis Browne,Alistair Overeem,win
"August 17, 2013",Urijah Faber,Iuri Alcantara,win
"August 17, 2013",Matt Brown,Mike Pyle,win
"August 17, 2013",John Howard,Uriah Hall,win
"August 17, 2013",Michael Johnson,Joe Lauzon,win
"August 17, 2013",Michael McDonald,Brad Pickett,win
"August 17, 2013",Conor McGregor,Max Holloway,win
"August 17, 2013",Steven Siler,Mike Brown,win
"August 17, 2013",Diego Brandao,Daniel Pineda,win
"August 17, 2013",Manvel Gamburyan,Cole Miller,win
"August 17, 2013",Ovince Saint Preux,Cody Donovan,win
"August 17, 2013",James Vick,Ramsey Nijem,win
"August 03, 2013",Jose Aldo,Chan Sung Jung,win
"August 03, 2013",Phil Davis,Lyoto Machida,win
"August 03, 2013",Cezar Ferreira,Thiago Santos,win
"August 03, 2013",Thales Leites,Tom Watson,win
"August 03, 2013",John Lineker,Jose Maria,win
"August 03, 2013",Anthony Perosh,Vinny Magalhaes,win
"August 03, 2013",Amanda Nunes,Sheila Gaff,win
"August 03, 2013",Sergio Moraes,Neil Magny,win
"August 03, 2013",Ian McCall,Iliarde Santos,win
"August 03, 2013",Rani Yahya,Josh Clopton,win
"August 03, 2013",Francimar Barroso,Ednaldo Oliveira,win
"August 03, 2013",Viscardi Andrade,Bristol Marunde,win
"July 27, 2013",Demetrious Johnson,John Moraga,win
"July 27, 2013",Rory MacDonald,Jake Ellenberger,win
"July 27, 2013",Robbie Lawler,Bobby Voelker,win
"July 27, 2013",Liz Carmouche,Jessica Andrade,win
"July 27, 2013",Jorge Masvidal,Michael Chiesa,win
"July 27, 2013",Danny Castillo,Tim Means,win
"July 27, 2013",Melvin Guillard,Mac Danzig,win
"July 27, 2013",Daron Cruickshank,Yves Edwards,win
"July 27, 2013",Ed Herman,Trevor Smith,win
"July 27, 2013",Germaine de Randamie,Julie Kedzie,win
"July 27, 2013",Justin Salas,Aaron Riley,win
"July 27, 2013",Yaotzin Meza,John Albert,win
"July 06, 2013",Chris Weidman,Anderson Silva,win
"July 06, 2013",Frankie Edgar,Charles Oliveira,win
"July 06, 2013",Tim Kennedy,Roger Gracie,win
"July 06, 2013",Mark Munoz,Tim Boetsch,win
"July 06, 2013",Cub Swanson,Dennis Siver,win
"July 06, 2013",Andrew Craig,Chris Leben,win
"July 06, 2013",Norman Parke,Kazuki Tokudome,win
"July 06, 2013",Gabriel Gonzaga,Dave Herman,win
"July 06, 2013",Edson Barboza,Rafaello Oliveira,win
"July 06, 2013",Brian Melancon,Seth Baczynski,win
"July 06, 2013",Mike Pierce,David Mitchell,win
"June 15, 2013",Rashad Evans,Dan Henderson,win
"June 15, 2013",Stipe Miocic,Roy Nelson,win
"June 15, 2013",Ryan Jimmo,Igor Pokrajac,win
"June 15, 2013",Alexis Davis,Rosi Sexton,win
"June 15, 2013",Shawn Jordan,Pat Barry,win
"June 15, 2013",Jake Shields,Tyron Woodley,win
"June 15, 2013",James Krause,Sam Stout,win
"June 15, 2013",Sean Pierson,Kenny Robertson,win
"June 15, 2013",Roland Delorme,Edwin Figueroa,win
"June 15, 2013",Mitch Clarke,John Maguire,win
"June 15, 2013",Yves Jabouin,Dustin Pague,win
"June 08, 2013",Fabricio Werdum,Antonio Rodrigo Nogueira,win
"June 08, 2013",Leonardo Santos,William Macario,win
"June 08, 2013",Thiago Silva,Rafael Cavalcante,win
"June 08, 2013",Erick Silva,Jason High,win
"June 08, 2013",Daniel Sarafian,Eddie Mendez,win
"June 08, 2013",Rony Jason,Mike Wilkinson,win
"June 08, 2013",Raphael Assuncao,Vaughan Lee,win
"June 08, 2013",Felipe Arantes,Godofredo Pepey,win
"June 08, 2013",Ildemar Alcantara,Leandro Silva,win
"June 08, 2013",Rodrigo Damm,Mizuto Hirota,win
"June 08, 2013",Caio Magalhaes,Karlos Vemola,win
"June 08, 2013",Antonio Braga Neto,Anthony Smith,win
"May 25, 2013",Cain Velasquez,Antonio Silva,win
"May 25, 2013",Junior Dos Santos,Mark Hunt,win
"May 25, 2013",Glover Teixeira,James Te Huna,win
"May 25, 2013",TJ Grant,Gray Maynard,win
"May 25, 2013",Donald Cerrone,KJ Noons,win
"May 25, 2013",Mike Pyle,Rick Story,win
"May 25, 2013",Dennis Bermudez,Max Holloway,win
"May 25, 2013",Robert Whittaker,Colton Smith,win
"May 25, 2013",Khabib Nurmagomedov,Abel Trujillo,win
"May 25, 2013",Stephen Thompson,Nah-Shon Burrell,win
"May 25, 2013",George Roop,Brian Bowles,win
"May 25, 2013",Jeremy Stephens,Estevan Payan,win
"May 18, 2013",Vitor Belfort,Luke Rockhold,win
"May 18, 2013",Jacare Souza,Chris Camozzi,win
"May 18, 2013",Rafael Dos Anjos,Evan Dunham,win
"May 18, 2013",Rafael Natal,Joao Zeferino,win
"May 18, 2013",Nik Lentz,Hacran Dias,win
"May 18, 2013",Francisco Trinaldo,Mike Rio,win
"May 18, 2013",Gleison Tibau,John Cholish,win
"May 18, 2013",Paulo Thiago,Michel Prazeres,win
"May 18, 2013",Iuri Alcantara,Iliarde Santos,win
"May 18, 2013",Fabio Maldonado,Roger Hollett,win
"May 18, 2013",John Lineker,Azamat Gashimov,win
"May 18, 2013",Jussier Formiga,Chris Cariaso,win
"May 18, 2013",Lucas Martins,Jeremy Larsen,win
"April 27, 2013",Jon Jones,Chael Sonnen,win
"April 27, 2013",Michael Bisping,Alan Belcher,win
"April 27, 2013",Roy Nelson,Cheick Kongo,win
"April 27, 2013",Phil Davis,Vinny Magalhaes,win
"April 27, 2013",Jim Miller,Pat Healy,nc
"April 27, 2013",Rustam Khabilov,Yancy Medeiros,win
"April 27, 2013",Ovince Saint Preux,Gian Villante,win
"April 27, 2013",Sara McMann,Sheila Gaff,win
"April 27, 2013",Bryan Caraway,Johnny Bedford,win
"April 27, 2013",Cody McKenzie,Leonard Garcia,win
"April 27, 2013",Steven Siler,Kurt Holobaugh,win
"April 20, 2013",Benson Henderson,Gilbert Melendez,win
"April 20, 2013",Daniel Cormier,Frank Mir,win
"April 20, 2013",Josh Thomson,Nate Diaz,win
"April 20, 2013",Matt Brown,Jordan Mein,win
"April 20, 2013",Chad Mendes,Darren Elkins,win
"April 20, 2013",Francis Carmont,Lorenz Larkin,win
"April 20, 2013",Myles Jury,Ramsey Nijem,win
"April 20, 2013",Joseph Benavidez,Darren Uyenoyama,win
"April 20, 2013",Jorge Masvidal,Tim Means,win
"April 20, 2013",TJ Dillashaw,Hugo Viana,win
"April 20, 2013",Anthony Njokuani,Roger Bowling,win
"April 20, 2013",Yoel Romero,Clifford Starks,win
"April 13, 2013",Urijah Faber,Scott Jorgensen,win
"April 13, 2013",Kelvin Gastelum,Uriah Hall,win
"April 13, 2013",Cat Zingano,Miesha Tate,win
"April 13, 2013",Travis Browne,Gabriel Gonzaga,win
"April 13, 2013",Robert McDaniel,Gilbert Smith,win
"April 13, 2013",Josh Samman,Kevin Casey,win
"April 13, 2013",Luke Barnatt,Collin Hart,win
"April 13, 2013",Dylan Andrews,Jimmy Quinlan,win
"April 13, 2013",Clint Hester,Bristol Marunde,win
"April 13, 2013",Cole Miller,Bart Palaszewski,win
"April 13, 2013",Maximo Blanco,Sam Sicilia,win
"April 13, 2013",Daniel Pineda,Justin Lawrence,win
"April 06, 2013",Gegard Mousasi,Ilir Latifi,win
"April 06, 2013",Ross Pearson,Ryan Couture,win
"April 06, 2013",Matt Mitrione,Philip De Fries,win
"April 06, 2013",Brad Pickett,Mike Easton,win
"April 06, 2013",Diego Brandao,Pablo Garza,win
"April 06, 2013",Akira Corassani,Robert Peralta,win
"April 06, 2013",Reza Madadi,Michael Johnson,win
"April 06, 2013",Tor Troeng,Adam Cella,win
"April 06, 2013",Adlan Amagov,Chris Spang,win
"April 06, 2013",Conor McGregor,Marcus Brimage,win
"April 06, 2013",Ryan LaFlare,Ben Alloway,win
"April 06, 2013",Tom Lawlor,Michael Kuiper,win
"April 06, 2013",Papy Abedi,Besam Yousef,win
"March 16, 2013",Georges St-Pierre,Nick Diaz,win
"March 16, 2013",Johny Hendricks,Carlos Condit,win
"March 16, 2013",Jake Ellenberger,Nate Marquardt,win
"March 16, 2013",Chris Camozzi,Nick Ring,win
"March 16, 2013",Mike Ricci,Colin Fletcher,win
"March 16, 2013",Patrick Cote,Bobby Voelker,win
"March 16, 2013",Darren Elkins,Antonio Carvalho,win
"March 16, 2013",Jordan Mein,Dan Miller,win
"March 16, 2013",John Makdessi,Daron Cruickshank,win
"March 16, 2013",Rick Story,Quinn Mulhern,win
"March 16, 2013",TJ Dillashaw,Issei Tamura,win
"March 16, 2013",George Roop,Reuben Duran,win
"March 02, 2013",Wanderlei Silva,Brian Stann,win
"March 02, 2013",Mark Hunt,Stefan Struve,win
"March 02, 2013",Diego Sanchez,Takanori Gomi,win
"March 02, 2013",Yushin Okami,Hector Lombard,win
"March 02, 2013",Rani Yahya,Mizuto Hirota,win
"March 02, 2013",Dong Hyun Kim,Siyar Bahadurzada,win
"March 02, 2013",Brad Tavares,Riki Fukuda,win
"March 02, 2013",Takeya Mizugaki,Bryan Caraway,win
"March 02, 2013",Kazuki Tokudome,Cristiano Marcello,win
"March 02, 2013",Alex Caceres,Kyung Ho Kang,nc
"March 02, 2013",Hyun Gyu Lim,Marcelo Guimaraes,win
"February 23, 2013",Ronda Rousey,Liz Carmouche,win
"February 23, 2013",Lyoto Machida,Dan Henderson,win
"February 23, 2013",Urijah Faber,Ivan Menjivar,win
"February 23, 2013",Court McGee,Josh Neer,win
"February 23, 2013",Robbie Lawler,Josh Koscheck,win
"February 23, 2013",Brendan Schaub,Lavar Johnson,win
"February 23, 2013",Michael Chiesa,Anton Kuivanen,win
"February 23, 2013",Dennis Bermudez,Matt Grice,win
"February 23, 2013",Sam Stout,Caros Fodor,win
"February 23, 2013",Kenny Robertson,Brock Jardine,win
"February 23, 2013",Neil Magny,Jon Manley,win
"February 23, 2013",Nah-Shon Burrell,Yuri Villefort,win
"February 16, 2013",Renan Barao,Michael McDonald,win
"February 16, 2013",Cub Swanson,Dustin Poirier,win
"February 16, 2013",Jimi Manuwa,Cyrille Diabate,win
"February 16, 2013",Gunnar Nelson,Jorge Santiago,win
"February 16, 2013",James Te Huna,Ryan Jimmo,win
"February 16, 2013",Che Mills,Matthew Riddle,nc
"February 16, 2013",Renee Forte,Terry Etim,win
"February 16, 2013",Danny Castillo,Paul Sass,win
"February 16, 2013",Andy Ogle,Josh Grispi,win
"February 16, 2013",Tom Watson,Stanislav Nedkov,win
"February 16, 2013",Vaughan Lee,Motonobu Tezuka,win
"February 16, 2013",Phil Harris,Ulysses Gomez,win
"February 02, 2013",Jose Aldo,Frankie Edgar,win
"February 02, 2013",Rogerio Nogueira,Rashad Evans,win
"February 02, 2013",Antonio Silva,Alistair Overeem,win
"February 02, 2013",Demian Maia,Jon Fitch,win
"February 02, 2013",Joseph Benavidez,Ian McCall,win
"February 02, 2013",Evan Dunham,Gleison Tibau,win
"February 02, 2013",Tyron Woodley,Jay Hieron,win
"February 02, 2013",King Green,Jacob Volkmann,win
"February 02, 2013",Isaac Vallie-Flagg,Yves Edwards,win
"February 02, 2013",Dustin Kimura,Chico Camus,win
"February 02, 2013",Francisco Rivera,Edwin Figueroa,win
"January 26, 2013",Demetrious Johnson,John Dodson,win
"January 26, 2013",Glover Teixeira,Quinton Jackson,win
"January 26, 2013",Anthony Pettis,Donald Cerrone,win
"January 26, 2013",Ricardo Lamas,Erik Koch,win
"January 26, 2013",TJ Grant,Matt Wiman,win
"January 26, 2013",Clay Guida,Hatsu Hioki,win
"January 26, 2013",Pascal Krauss,Mike Stumpf,win
"January 26, 2013",Ryan Bader,Vladimir Matyushenko,win
"January 26, 2013",Shawn Jordan,Mike Russow,win
"January 26, 2013",Rafael Natal,Sean Spencer,win
"January 26, 2013",David Mitchell,Simeon Thoresen,win
"January 19, 2013",Vitor Belfort,Michael Bisping,win
"January 19, 2013",CB Dollaway,Daniel Sarafian,win
"January 19, 2013",Gabriel Gonzaga,Ben Rothwell,win
"January 19, 2013",Khabib Nurmagomedov,Thiago Tavares,win
"January 19, 2013",Godofredo Pepey,Milton Vieira,win
"January 19, 2013",Ronny Markes,Andrew Craig,win
"January 19, 2013",Nik Lentz,Diego Nunes,win
"January 19, 2013",Edson Barboza,Lucas Martins,win
"January 19, 2013",Iuri Alcantara,Pedro Nobre,nc
"January 19, 2013",Ildemar Alcantara,Wagner Prado,win
"January 19, 2013",Francisco Trinaldo,CJ Keith,win
"December 29, 2012",Cain Velasquez,Junior Dos Santos,win
"December 29, 2012",Jim Miller,Joe Lauzon,win
"December 29, 2012",Constantinos Philippou,Tim Boetsch,win
"December 29, 2012",Yushin Okami,Alan Belcher,win
"December 29, 2012",Derek Brunson,Chris Leben,win
"December 29, 2012",Eddie Wineland,Brad Pickett,win
"December 29, 2012",Erik Perez,Byron Bloodworth,win
"December 29, 2012",Jamie Varner,Melvin Guillard,win
"December 29, 2012",Myles Jury,Michael Johnson,win
"December 29, 2012",Todd Duffee,Philip De Fries,win
"December 29, 2012",Max Holloway,Leonard Garcia,win
"December 29, 2012",John Moraga,Chris Cariaso,win
"December 15, 2012",Roy Nelson,Matt Mitrione,win
"December 15, 2012",Colton Smith,Mike Ricci,win
"December 15, 2012",Pat Barry,Shane del Rosario,win
"December 15, 2012",Dustin Poirier,Jonathan Brookins,win
"December 15, 2012",Mike Pyle,James Head,win
"December 15, 2012",Johnny Bedford,Marcos Vinicius,win
"December 15, 2012",Rustam Khabilov,Vinc Pichel,win
"December 15, 2012",TJ Waldburger,Nick Catone,win
"December 15, 2012",Hugo Viana,Reuben Duran,win
"December 15, 2012",Mike Rio,John Cofer,win
"December 15, 2012",Tim Elliott,Jared Papazian,win
"December 14, 2012",Ross Pearson,George Sotiropoulos,win
"December 14, 2012",Robert Whittaker,Brad Scott,win
"December 14, 2012",Norman Parke,Colin Fletcher,win
"December 14, 2012",Hector Lombard,Rousimar Palhares,win
"December 14, 2012",Chad Mendes,Yaotzin Meza,win
"December 14, 2012",Igor Pokrajac,Joey Beltran,nc
"December 14, 2012",Mike Pierce,Seth Baczynski,win
"December 14, 2012",Ben Alloway,Manuel Rodriguez,win
"December 14, 2012",Mike Wilkinson,Brendan Loughnane,win
"December 14, 2012",Cody Donovan,Nick Penner,win
"December 08, 2012",Benson Henderson,Nate Diaz,win
"December 08, 2012",Alexander Gustafsson,Mauricio Rua,win
"December 08, 2012",Rory MacDonald,BJ Penn,win
"December 08, 2012",Matt Brown,Mike Swick,win
"December 08, 2012",Yves Edwards,Jeremy Stephens,win
"December 08, 2012",Raphael Assuncao,Mike Easton,win
"December 08, 2012",Ramsey Nijem,Joe Proctor,win
"December 08, 2012",Daron Cruickshank,Henry Martinez,win
"December 08, 2012",Abel Trujillo,Marcus LeVesseur,win
"December 08, 2012",Dennis Siver,Nam Phan,win
"December 08, 2012",Scott Jorgensen,John Albert,win
"November 17, 2012",Georges St-Pierre,Carlos Condit,win
"November 17, 2012",Johny Hendricks,Martin Kampmann,win
"November 17, 2012",Francis Carmont,Tom Lawlor,win
"November 17, 2012",Rafael Dos Anjos,Mark Bocek,win
"November 17, 2012",Pablo Garza,Mark Hominick,win
"November 17, 2012",Patrick Cote,Alessio Sakara,win
"November 17, 2012",Cyrille Diabate,Chad Griggs,win
"November 17, 2012",John Makdessi,Sam Stout,win
"November 17, 2012",Antonio Carvalho,Rodrigo Damm,win
"November 17, 2012",Matthew Riddle,John Maguire,win
"November 17, 2012",Ivan Menjivar,Azamat Gashimov,win
"November 17, 2012",Darren Elkins,Steven Siler,win
"November 10, 2012",Cung Le,Rich Franklin,win
"November 10, 2012",Thiago Silva,Stanislav Nedkov,nc
"November 10, 2012",Dong Hyun Kim,Paulo Thiago,win
"November 10, 2012",Takanori Gomi,Mac Danzig,win
"November 10, 2012",Jon Tuck,Zhang Tiequan,win
"November 10, 2012",Takeya Mizugaki,Jeff Hougland,win
"November 10, 2012",Alex Caceres,Motonobu Tezuka,win
"November 10, 2012",John Lineker,Yasuhiro Urushitani,win
"November 10, 2012",Riki Fukuda,Tom DeBlass,win
"October 13, 2012",Anderson Silva,Stephan Bonnar,win
"October 13, 2012",Antonio Rodrigo Nogueira,Dave Herman,win
"October 13, 2012",Glover Teixeira,Fabio Maldonado,win
"October 13, 2012",Jon Fitch,Erick Silva,win
"October 13, 2012",Phil Davis,Wagner Prado,win
"October 13, 2012",Demian Maia,Rick Story,win
"October 13, 2012",Rony Jason,Sam Sicilia,win
"October 13, 2012",Gleison Tibau,Francisco Trinaldo,win
"October 13, 2012",Diego Brandao,Joey Gambino,win
"October 13, 2012",Sergio Moraes,Renee Forte,win
"October 13, 2012",Chris Camozzi,Luiz Cane,win
"October 13, 2012",Cristiano Marcello,Reza Madadi,win
"October 05, 2012",Antonio Silva,Travis Browne,win
"October 05, 2012",Jake Ellenberger,Jay Hieron,win
"October 05, 2012",John Dodson,Jussier Formiga,win
"October 05, 2012",Justin Edwards,Josh Neer,win
"October 05, 2012",Michael Johnson,Danny Castillo,win
"October 05, 2012",Mike Pierce,Aaron Simpson,win
"October 05, 2012",Marcus LeVesseur,Carlo Prater,win
"October 05, 2012",Jacob Volkmann,Shane Roller,win
"October 05, 2012",Diego Nunes,Bart Palaszewski,win
"October 05, 2012",Darren Uyenoyama,Phil Harris,win
"September 29, 2012",Stefan Struve,Stipe Miocic,win
"September 29, 2012",Dan Hardy,Amir Sadollah,win
"September 29, 2012",Brad Pickett,Yves Jabouin,win
"September 29, 2012",Matt Wiman,Paul Sass,win
"September 29, 2012",John Hathaway,John Maguire,win
"September 29, 2012",Che Mills,Duane Ludwig,win
"September 29, 2012",Jimi Manuwa,Kyle Kingsbury,win
"September 29, 2012",Akira Corassani,Andy Ogle,win
"September 29, 2012",Brad Tavares,Tom Watson,win
"September 29, 2012",Gunnar Nelson,DaMarques Johnson,win
"September 29, 2012",Robert Peralta,Jason Young,win
"September 22, 2012",Jon Jones,Vitor Belfort,win
"September 22, 2012",Demetrious Johnson,Joseph Benavidez,win
"September 22, 2012",Michael Bisping,Brian Stann,win
"September 22, 2012",Matt Hamill,Roger Hollett,win
"September 22, 2012",Cub Swanson,Charles Oliveira,win
"September 22, 2012",Vinny Magalhaes,Igor Pokrajac,win
"September 22, 2012",TJ Grant,Evan Dunham,win
"September 22, 2012",Sean Pierson,Lance Benoist,win
"September 22, 2012",Marcus Brimage,Jimy Hettes,win
"September 22, 2012",Seth Baczynski,Simeon Thoresen,win
"September 22, 2012",Mitch Gagnon,Walel Watson,win
"September 22, 2012",Kyle Noke,Charlie Brenneman,win
"August 11, 2012",Benson Henderson,Frankie Edgar,win
"August 11, 2012",Donald Cerrone,Melvin Guillard,win
"August 11, 2012",Jake Shields,Ed Herman,nc
"August 11, 2012",Yushin Okami,Buddy Roberts,win
"August 11, 2012",Max Holloway,Justin Lawrence,win
"August 11, 2012",Dennis Bermudez,Tommy Hayden,win
"August 11, 2012",Michael Kuiper,Jared Hamman,win
"August 11, 2012",Erik Perez,Ken Stone,win
"August 11, 2012",Chico Camus,Dustin Pague,win
"August 11, 2012",Nik Lentz,Eiji Mitsuoka,win
"August 04, 2012",Mauricio Rua,Brandon Vera,win
"August 04, 2012",Lyoto Machida,Ryan Bader,win
"August 04, 2012",Joe Lauzon,Jamie Varner,win
"August 04, 2012",Mike Swick,DaMarques Johnson,win
"August 04, 2012",Nam Phan,Cole Miller,win
"August 04, 2012",Phil Davis,Wagner Prado,nc
"August 04, 2012",Rani Yahya,Josh Grispi,win
"August 04, 2012",Philip De Fries,Oli Thompson,win
"August 04, 2012",Manvel Gamburyan,Michihiro Omigawa,win
"August 04, 2012",John Moraga,Ulysses Gomez,win
"July 21, 2012",Renan Barao,Urijah Faber,win
"July 21, 2012",Tim Boetsch,Hector Lombard,win
"July 21, 2012",Cheick Kongo,Shawn Jordan,win
"July 21, 2012",James Head,Brian Ebersole,win
"July 21, 2012",Chris Clements,Matthew Riddle,nc
"July 21, 2012",Nick Ring,Court McGee,win
"July 21, 2012",Roland Delorme,Francisco Rivera,nc
"July 21, 2012",Ryan Jimmo,Anthony Perosh,win
"July 21, 2012",Bryan Caraway,Mitch Gagnon,win
"July 21, 2012",Antonio Carvalho,Daniel Pineda,win
"July 21, 2012",Anton Kuivanen,Mitch Clarke,win
"July 11, 2012",Chris Weidman,Mark Munoz,win
"July 11, 2012",James Te Huna,Joey Beltran,win
"July 11, 2012",Aaron Simpson,Kenny Robertson,win
"July 11, 2012",Francis Carmont,Karlos Vemola,win
"July 11, 2012",TJ Dillashaw,Vaughan Lee,win
"July 11, 2012",Rafael Dos Anjos,Anthony Njokuani,win
"July 11, 2012",Alex Caceres,Damacio Page,win
"July 11, 2012",Chris Cariaso,Josh Ferguson,win
"July 11, 2012",Andrew Craig,Rafael Natal,win
"July 11, 2012",Marcelo Guimaraes,Dan Stittgen,win
"July 11, 2012",Raphael Assuncao,Issei Tamura,win
"July 07, 2012",Anderson Silva,Chael Sonnen,win
"July 07, 2012",Forrest Griffin,Tito Ortiz,win
"July 07, 2012",Cung Le,Patrick Cote,win
"July 07, 2012",Demian Maia,Dong Hyun Kim,win
"July 07, 2012",Chad Mendes,Cody McKenzie,win
"July 07, 2012",Mike Easton,Ivan Menjivar,win
"July 07, 2012",Melvin Guillard,Fabricio Camoes,win
"July 07, 2012",Khabib Nurmagomedov,Gleison Tibau,win
"July 07, 2012",Constantinos Philippou,Riki Fukuda,win
"July 07, 2012",Shane Roller,John Alessio,win
"July 07, 2012",Rafaello Oliveira,Yoislandy Izquierdo,win
"June 23, 2012",Rich Franklin,Wanderlei Silva,win
"June 23, 2012",Cezar Ferreira,Sergio Moraes,win
"June 23, 2012",Rony Jason,Godofredo Pepey,win
"June 23, 2012",Fabricio Werdum,Mike Russow,win
"June 23, 2012",Hacran Dias,Iuri Alcantara,win
"June 23, 2012",Rodrigo Damm,Anistavio Medeiros,win
"June 23, 2012",Francisco Trinaldo,Delson Heleno,win
"June 23, 2012",Hugo Viana,John Teixeira,win
"June 23, 2012",Thiago Perpetuo,Leonardo Mafra,win
"June 23, 2012",Marcos Vinicius,Wagner Campos,win
"June 23, 2012",Felipe Arantes,Milton Vieira,draw
"June 22, 2012",Gray Maynard,Clay Guida,win
"June 22, 2012",Sam Stout,Spencer Fisher,win
"June 22, 2012",Brian Ebersole,TJ Waldburger,win
"June 22, 2012",Cub Swanson,Ross Pearson,win
"June 22, 2012",Ricardo Lamas,Hatsu Hioki,win
"June 22, 2012",Ramsey Nijem,CJ Keith,win
"June 22, 2012",Rick Story,Brock Jardine,win
"June 22, 2012",Steven Siler,Joey Gambino,win
"June 22, 2012",Chris Camozzi,Nick Catone,win
"June 22, 2012",Matt Brown,Luis Ramos,win
"June 22, 2012",Dan Miller,Ricardo Funch,win
"June 22, 2012",Ken Stone,Dustin Pague,win
"June 08, 2012",Demetrious Johnson,Ian McCall,win
"June 08, 2012",Erick Silva,Charlie Brenneman,win
"June 08, 2012",Mike Pyle,Josh Neer,win
"June 08, 2012",Eddie Wineland,Scott Jorgensen,win
"June 08, 2012",Mike Pierce,Carlos Eduardo Rocha,win
"June 08, 2012",Seth Baczynski,Lance Benoist,win
"June 08, 2012",Matt Grice,Leonard Garcia,win
"June 08, 2012",Dustin Pague,Jared Papazian,win
"June 08, 2012",Tim Means,Justin Salas,win
"June 08, 2012",Buddy Roberts,Caio Magalhaes,win
"June 08, 2012",Henry Martinez,Bernardo Magalhaes,win
"June 08, 2012",Sean Pierson,Jake Hecht,win
"June 01, 2012",Martin Kampmann,Jake Ellenberger,win
"June 01, 2012",Michael Chiesa,Al Iaquinta,win
"June 01, 2012",Charles Oliveira,Jonathan Brookins,win
"June 01, 2012",Max Holloway,Pat Schilling,win
"June 01, 2012",Justin Lawrence,John Cofer,win
"June 01, 2012",Daron Cruickshank,Chris Tickle,win
"June 01, 2012",Myles Jury,Chris Saunders,win
"June 01, 2012",Sam Sicilia,Cristiano Marcello,win
"June 01, 2012",Joe Proctor,Jeremy Larsen,win
"June 01, 2012",Erik Perez,John Albert,win
"May 26, 2012",Junior Dos Santos,Frank Mir,win
"May 26, 2012",Cain Velasquez,Antonio Silva,win
"May 26, 2012",Roy Nelson,Dave Herman,win
"May 26, 2012",Stipe Miocic,Shane del Rosario,win
"May 26, 2012",Stefan Struve,Lavar Johnson,win
"May 26, 2012",Darren Elkins,Diego Brandao,win
"May 26, 2012",Jamie Varner,Edson Barboza,win
"May 26, 2012",CB Dollaway,Jason Miller,win
"May 26, 2012",Dan Hardy,Duane Ludwig,win
"May 26, 2012",Paul Sass,Jacob Volkmann,win
"May 26, 2012",Glover Teixeira,Kyle Kingsbury,win
"May 26, 2012",Mike Brown,Daniel Pineda,win
"May 15, 2012",Chan Sung Jung,Dustin Poirier,win
"May 15, 2012",Amir Sadollah,Jorge Lopez,win
"May 15, 2012",Donald Cerrone,Jeremy Stephens,win
"May 15, 2012",Yves Jabouin,Jeff Hougland,win
"May 15, 2012",Igor Pokrajac,Fabio Maldonado,win
"May 15, 2012",Tom Lawlor,Jason MacDonald,win
"May 15, 2012",Brad Tavares,Dongi Yang,win
"May 15, 2012",Cody McKenzie,Marcus LeVesseur,win
"May 15, 2012",TJ Grant,Carlo Prater,win
"May 15, 2012",Rafael Dos Anjos,Kamal Shalorus,win
"May 15, 2012",Johnny Eduardo,Jeff Curran,win
"May 15, 2012",Francisco Rivera,Alex Soto,win
"May 05, 2012",Nate Diaz,Jim Miller,win
"May 05, 2012",Johny Hendricks,Josh Koscheck,win
"May 05, 2012",Alan Belcher,Rousimar Palhares,win
"May 05, 2012",Lavar Johnson,Pat Barry,win
"May 05, 2012",Michael Johnson,Tony Ferguson,win
"May 05, 2012",John Dodson,Tim Elliott,win
"May 05, 2012",John Hathaway,Pascal Krauss,win
"May 05, 2012",Louis Gaudinot,John Lineker,win
"May 05, 2012",Danny Castillo,John Cholish,win
"May 05, 2012",Dennis Bermudez,Pablo Garza,win
"May 05, 2012",Roland Delorme,Nick Denis,win
"May 05, 2012",Karlos Vemola,Mike Massenzio,win
"April 21, 2012",Jon Jones,Rashad Evans,win
"April 21, 2012",Rory MacDonald,Che Mills,win
"April 21, 2012",Ben Rothwell,Brendan Schaub,win
"April 21, 2012",Michael McDonald,Miguel Torres,win
"April 21, 2012",Eddie Yagin,Mark Hominick,win
"April 21, 2012",Mark Bocek,John Alessio,win
"April 21, 2012",Travis Browne,Chad Griggs,win
"April 21, 2012",Matt Brown,Stephen Thompson,win
"April 21, 2012",Anthony Njokuani,John Makdessi,win
"April 21, 2012",Mac Danzig,Efrain Escudero,win
"April 21, 2012",Chris Clements,Keith Wisniewski,win
"April 21, 2012",Marcus Brimage,Maximo Blanco,win
"April 14, 2012",Alexander Gustafsson,Thiago Silva,win
"April 14, 2012",Brian Stann,Alessio Sakara,win
"April 14, 2012",Siyar Bahadurzada,Paulo Thiago,win
"April 14, 2012",Dennis Siver,Diego Nunes,win
"April 14, 2012",John Maguire,DaMarques Johnson,win
"April 14, 2012",Brad Pickett,Damacio Page,win
"April 14, 2012",James Head,Papy Abedi,win
"April 14, 2012",Cyrille Diabate,Tom DeBlass,win
"April 14, 2012",Francis Carmont,Magnus Cedenblad,win
"April 14, 2012",Reza Madadi,Yoislandy Izquierdo,win
"April 14, 2012",Simeon Thoresen,Besam Yousef,win
"April 14, 2012",Jason Young,Eric Wisely,win
"March 02, 2012",Martin Kampmann,Thiago Alves,win
"March 02, 2012",Joseph Benavidez,Yasuhiro Urushitani,win
"March 02, 2012",Demetrious Johnson,Ian McCall,draw
"March 02, 2012",Constantinos Philippou,Court McGee,win
"March 02, 2012",James Te Huna,Aaron Rosa,win
"March 02, 2012",Anthony Perosh,Nick Penner,win
"March 02, 2012",Steven Siler,Cole Miller,win
"March 02, 2012",Andrew Craig,Kyle Noke,win
"March 02, 2012",TJ Waldburger,Jake Hecht,win
"March 02, 2012",Daniel Pineda,Mackens Semerzier,win
"March 02, 2012",Shawn Jordan,Oli Thompson,win
"February 25, 2012",Benson Henderson,Frankie Edgar,win
"February 25, 2012",Ryan Bader,Quinton Jackson,win
"February 25, 2012",Mark Hunt,Cheick Kongo,win
"February 25, 2012",Jake Shields,Yoshihiro Akiyama,win
"February 25, 2012",Tim Boetsch,Yushin Okami,win
"February 25, 2012",Hatsu Hioki,Bart Palaszewski,win
"February 25, 2012",Anthony Pettis,Joe Lauzon,win
"February 25, 2012",Takanori Gomi,Eiji Mitsuoka,win
"February 25, 2012",Vaughan Lee,Norifumi Yamamoto,win
"February 25, 2012",Riki Fukuda,Steve Cantwell,win
"February 25, 2012",Chris Cariaso,Takeya Mizugaki,win
"February 25, 2012",Issei Tamura,Zhang Tiequan,win
"February 15, 2012",Jake Ellenberger,Diego Sanchez,win
"February 15, 2012",Stefan Struve,Dave Herman,win
"February 15, 2012",Ronny Markes,Aaron Simpson,win
"February 15, 2012",Stipe Miocic,Philip De Fries,win
"February 15, 2012",TJ Dillashaw,Walel Watson,win
"February 15, 2012",Ivan Menjivar,John Albert,win
"February 15, 2012",Jonathan Brookins,Vagner Rocha,win
"February 15, 2012",Justin Salas,Anton Kuivanen,win
"February 15, 2012",Tim Means,Bernardo Magalhaes,win
"February 04, 2012",Carlos Condit,Nick Diaz,win
"February 04, 2012",Fabricio Werdum,Roy Nelson,win
"February 04, 2012",Josh Koscheck,Mike Pierce,win
"February 04, 2012",Renan Barao,Scott Jorgensen,win
"February 04, 2012",Ed Herman,Clifford Starks,win
"February 04, 2012",Dustin Poirier,Max Holloway,win
"February 04, 2012",Edwin Figueroa,Alex Caceres,win
"February 04, 2012",Matt Brown,Chris Cope,win
"February 04, 2012",Matthew Riddle,Henry Martinez,win
"February 04, 2012",Rafael Natal,Michael Kuiper,win
"February 04, 2012",Stephen Thompson,Dan Stittgen,win
"January 28, 2012",Rashad Evans,Phil Davis,win
"January 28, 2012",Chael Sonnen,Michael Bisping,win
"January 28, 2012",Chris Weidman,Demian Maia,win
"January 28, 2012",Evan Dunham,Nik Lentz,win
"January 28, 2012",Mike Russow,Jon Olav Einemo,win
"January 28, 2012",Cub Swanson,George Roop,win
"January 28, 2012",Charles Oliveira,Eric Wisely,win
"January 28, 2012",Michael Johnson,Shane Roller,win
"January 28, 2012",Lavar Johnson,Joey Beltran,win
"January 28, 2012",Chris Camozzi,Dustin Jacoby,win
"January 20, 2012",Jim Miller,Melvin Guillard,win
"January 20, 2012",Josh Neer,Duane Ludwig,win
"January 20, 2012",Mike Easton,Jared Papazian,win
"January 20, 2012",Pat Barry,Christian Morecraft,win
"January 20, 2012",Jorge Rivera,Eric Schafer,win
"January 20, 2012",Khabib Nurmagomedov,Kamal Shalorus,win
"January 20, 2012",Charlie Brenneman,Daniel Roberts,win
"January 20, 2012",Fabricio Camoes,Tommy Hayden,win
"January 20, 2012",Daniel Pineda,Pat Schilling,win
"January 20, 2012",Nick Denis,Joseph Sandoval,win
"January 14, 2012",Jose Aldo,Chad Mendes,win
"January 14, 2012",Vitor Belfort,Anthony Johnson,win
"January 14, 2012",Rousimar Palhares,Mike Massenzio,win
"January 14, 2012",Carlo Prater,Erick Silva,win
"January 14, 2012",Edson Barboza,Terry Etim,win
"January 14, 2012",Thiago Tavares,Sam Stout,win
"January 14, 2012",Gabriel Gonzaga,Ednaldo Oliveira,win
"January 14, 2012",Iuri Alcantara,Michihiro Omigawa,win
"January 14, 2012",Mike Pyle,Ricardo Funch,win
"January 14, 2012",Felipe Arantes,Antonio Carvalho,win
"December 30, 2011",Alistair Overeem,Brock Lesnar,win
"December 30, 2011",Nate Diaz,Donald Cerrone,win
"December 30, 2011",Johny Hendricks,Jon Fitch,win
"December 30, 2011",Alexander Gustafsson,Vladimir Matyushenko,win
"December 30, 2011",Jimy Hettes,Nam Phan,win
"December 30, 2011",Ross Pearson,Junior Assuncao,win
"December 30, 2011",Danny Castillo,Anthony Njokuani,win
"December 30, 2011",Dong Hyun Kim,Sean Pierson,win
"December 30, 2011",Jacob Volkmann,Efrain Escudero,win
"December 30, 2011",Diego Nunes,Manvel Gamburyan,win
"December 10, 2011",Jon Jones,Lyoto Machida,win
"December 10, 2011",Frank Mir,Antonio Rodrigo Nogueira,win
"December 10, 2011",Rogerio Nogueira,Tito Ortiz,win
"December 10, 2011",Brian Ebersole,Claude Patrick,win
"December 10, 2011",Chan Sung Jung,Mark Hominick,win
"December 10, 2011",Igor Pokrajac,Krzysztof Soszynski,win
"December 10, 2011",Constantinos Philippou,Jared Hamman,win
"December 10, 2011",Dennis Hallman,John Makdessi,win
"December 10, 2011",Yves Jabouin,Walel Watson,win
"December 10, 2011",Mark Bocek,Nik Lentz,win
"December 10, 2011",Jake Hecht,Rich Attonito,win
"December 10, 2011",John Cholish,Mitch Clarke,win
"December 03, 2011",Michael Bisping,Jason Miller,win
"December 03, 2011",Diego Brandao,Dennis Bermudez,win
"December 03, 2011",John Dodson,TJ Dillashaw,win
"December 03, 2011",Tony Ferguson,Yves Edwards,win
"December 03, 2011",Johnny Bedford,Louis Gaudinot,win
"December 03, 2011",Marcus Brimage,Stephen Bass,win
"December 03, 2011",John Albert,Dustin Pague,win
"December 03, 2011",Roland Delorme,Josh Ferguson,win
"December 03, 2011",Steven Siler,Josh Clopton,win
"December 03, 2011",Bryan Caraway,Dustin Neace,win
"November 19, 2011",Dan Henderson,Mauricio Rua,win
"November 19, 2011",Wanderlei Silva,Cung Le,win
"November 19, 2011",Urijah Faber,Brian Bowles,win
"November 19, 2011",Martin Kampmann,Rick Story,win
"November 19, 2011",Stephan Bonnar,Kyle Kingsbury,win
"November 19, 2011",Ryan Bader,Jason Brilz,win
"November 19, 2011",Michael McDonald,Alex Soto,win
"November 19, 2011",Chris Weidman,Tom Lawlor,win
"November 19, 2011",Gleison Tibau,Rafael Dos Anjos,win
"November 19, 2011",Miguel Torres,Nick Pace,win
"November 19, 2011",Seth Baczynski,Matt Brown,win
"November 19, 2011",Danny Castillo,Shamar Bailey,win
"November 12, 2011",Junior Dos Santos,Cain Velasquez,win
"November 12, 2011",Benson Henderson,Clay Guida,win
"November 12, 2011",Dustin Poirier,Pablo Garza,win
"November 12, 2011",Ricardo Lamas,Cub Swanson,win
"November 12, 2011",DaMarques Johnson,Clay Harvison,win
"November 12, 2011",Darren Uyenoyama,Norifumi Yamamoto,win
"November 12, 2011",Mackens Semerzier,Robert Peralta,nc
"November 12, 2011",Alex Caceres,Cole Escovedo,win
"November 12, 2011",Mike Pierce,Paul Bradley,win
"November 12, 2011",Aaron Rosa,Matt Lucas,win
"November 05, 2011",Mark Munoz,Chris Leben,win
"November 05, 2011",Renan Barao,Brad Pickett,win
"November 05, 2011",Thiago Alves,Papy Abedi,win
"November 05, 2011",Anthony Perosh,Cyrille Diabate,win
"November 05, 2011",Terry Etim,Edward Faaloloto,win
"November 05, 2011",John Maguire,Justin Edwards,win
"November 05, 2011",Philip De Fries,Rob Broughton,win
"November 05, 2011",Michihiro Omigawa,Jason Young,win
"November 05, 2011",Che Mills,Chris Cope,win
"November 05, 2011",Chris Cariaso,Vaughan Lee,win
"October 29, 2011",Nick Diaz,BJ Penn,win
"October 29, 2011",Cheick Kongo,Matt Mitrione,win
"October 29, 2011",Roy Nelson,Mirko Filipovic,win
"October 29, 2011",Scott Jorgensen,Jeff Curran,win
"October 29, 2011",Hatsu Hioki,George Roop,win
"October 29, 2011",Donald Cerrone,Dennis Siver,win
"October 29, 2011",Bart Palaszewski,Tyson Griffin,win
"October 29, 2011",Brandon Vera,Eliot Marshall,win
"October 29, 2011",Ramsey Nijem,Danny Downes,win
"October 29, 2011",Francis Carmont,Chris Camozzi,win
"October 29, 2011",Clifford Starks,Dustin Jacoby,win
"October 08, 2011",Frankie Edgar,Gray Maynard,win
"October 08, 2011",Jose Aldo,Kenny Florian,win
"October 08, 2011",Chael Sonnen,Brian Stann,win
"October 08, 2011",Nam Phan,Leonard Garcia,win
"October 08, 2011",Joe Lauzon,Melvin Guillard,win
"October 08, 2011",Demian Maia,Jorge Santiago,win
"October 08, 2011",Anthony Pettis,Jeremy Stephens,win
"October 08, 2011",Stipe Miocic,Joey Beltran,win
"October 08, 2011",Darren Elkins,Zhang Tiequan,win
"October 08, 2011",Aaron Simpson,Eric Schafer,win
"October 08, 2011",Mike Massenzio,Steve Cantwell,win
"October 01, 2011",Dominick Cruz,Demetrious Johnson,win
"October 01, 2011",Stefan Struve,Pat Barry,win
"October 01, 2011",Anthony Johnson,Charlie Brenneman,win
"October 01, 2011",Matt Wiman,Mac Danzig,win
"October 01, 2011",Yves Edwards,Rafaello Oliveira,win
"October 01, 2011",Paul Sass,Michael Johnson,win
"October 01, 2011",Mike Easton,Byron Bloodworth,win
"October 01, 2011",TJ Grant,Shane Roller,win
"October 01, 2011",Josh Neer,Keith Wisniewski,win
"October 01, 2011",Walel Watson,Joseph Sandoval,win
"September 24, 2011",Jon Jones,Quinton Jackson,win
"September 24, 2011",Josh Koscheck,Matt Hughes,win
"September 24, 2011",Mark Hunt,Ben Rothwell,win
"September 24, 2011",Travis Browne,Rob Broughton,win
"September 24, 2011",Nate Diaz,Takanori Gomi,win
"September 24, 2011",Tony Ferguson,Aaron Riley,win
"September 24, 2011",Tim Boetsch,Nick Ring,win
"September 24, 2011",Junior Assuncao,Eddie Yagin,win
"September 24, 2011",Takeya Mizugaki,Cole Escovedo,win
"September 24, 2011",James Te Huna,Ricardo Romero,win
"September 17, 2011",Jake Ellenberger,Jake Shields,win
"September 17, 2011",Court McGee,Dongi Yang,win
"September 17, 2011",Erik Koch,Jonathan Brookins,win
"September 17, 2011",Alan Belcher,Jason MacDonald,win
"September 17, 2011",Vagner Rocha,Cody McKenzie,win
"September 17, 2011",Evan Dunham,Shamar Bailey,win
"September 17, 2011",Lance Benoist,Matthew Riddle,win
"September 17, 2011",Ken Stone,Donny Walker,win
"September 17, 2011",Seth Baczynski,Clay Harvison,win
"September 17, 2011",TJ Waldburger,Mike Stumpf,win
"September 17, 2011",Robert Peralta,Mike Lullo,win
"September 17, 2011",Justin Edwards,Jorge Lopez,win
"August 27, 2011",Anderson Silva,Yushin Okami,win
"August 27, 2011",Mauricio Rua,Forrest Griffin,win
"August 27, 2011",Edson Barboza,Ross Pearson,win
"August 27, 2011",Antonio Rodrigo Nogueira,Brendan Schaub,win
"August 27, 2011",Stanislav Nedkov,Luiz Cane,win
"August 27, 2011",Thiago Tavares,Spencer Fisher,win
"August 27, 2011",Rousimar Palhares,Dan Miller,win
"August 27, 2011",Paulo Thiago,David Mitchell,win
"August 27, 2011",Raphael Assuncao,Johnny Eduardo,win
"August 27, 2011",Erick Silva,Luis Ramos,win
"August 27, 2011",Iuri Alcantara,Felipe Arantes,win
"August 27, 2011",Yves Jabouin,Ian Loveland,win
"August 14, 2011",Chris Lytle,Dan Hardy,win
"August 14, 2011",Benson Henderson,Jim Miller,win
"August 14, 2011",Donald Cerrone,Charles Oliveira,win
"August 14, 2011",Duane Ludwig,Amir Sadollah,win
"August 14, 2011",Jared Hamman,CB Dollaway,win
"August 14, 2011",Joseph Benavidez,Eddie Wineland,win
"August 14, 2011",Ed Herman,Kyle Noke,win
"August 14, 2011",Ronny Markes,Karlos Vemola,win
"August 14, 2011",Jimy Hettes,Alex Caceres,win
"August 14, 2011",Cole Miller,TJ O'Brien,win
"August 14, 2011",Jacob Volkmann,Danny Castillo,win
"August 14, 2011",Edwin Figueroa,Jason Reinhardt,win
"August 06, 2011",Rashad Evans,Tito Ortiz,win
"August 06, 2011",Vitor Belfort,Yoshihiro Akiyama,win
"August 06, 2011",Brian Ebersole,Dennis Hallman,win
"August 06, 2011",Constantinos Philippou,Jorge Rivera,win
"August 06, 2011",Rory MacDonald,Mike Pyle,win
"August 06, 2011",Alexander Gustafsson,Matt Hamill,win
"August 06, 2011",Chad Mendes,Rani Yahya,win
"August 06, 2011",Ivan Menjivar,Nick Pace,win
"August 06, 2011",Johny Hendricks,Mike Pierce,win
"August 06, 2011",Mike Brown,Nam Phan,win
"August 06, 2011",Rafael Natal,Paul Bradley,win
"July 02, 2011",Dominick Cruz,Urijah Faber,win
"July 02, 2011",Chris Leben,Wanderlei Silva,win
"July 02, 2011",Dennis Siver,Matt Wiman,win
"July 02, 2011",Tito Ortiz,Ryan Bader,win
"July 02, 2011",Carlos Condit,Dong Hyun Kim,win
"July 02, 2011",Melvin Guillard,Shane Roller,win
"July 02, 2011",Rafael Dos Anjos,George Sotiropoulos,win
"July 02, 2011",Brian Bowles,Takeya Mizugaki,win
"July 02, 2011",Aaron Simpson,Brad Tavares,win
"July 02, 2011",Anthony Njokuani,Andre Winner,win
"July 02, 2011",Jeff Hougland,Donny Walker,win
"June 26, 2011",Cheick Kongo,Pat Barry,win
"June 26, 2011",Charlie Brenneman,Rick Story,win
"June 26, 2011",Matt Brown,John Howard,win
"June 26, 2011",Matt Mitrione,Christian Morecraft,win
"June 26, 2011",Tyson Griffin,Manvel Gamburyan,win
"June 26, 2011",Javier Vazquez,Joe Stevenson,win
"June 26, 2011",Joe Lauzon,Curt Warburton,win
"June 26, 2011",Rich Attonito,Daniel Roberts,win
"June 26, 2011",Nik Lentz,Charles Oliveira,nc
"June 26, 2011",Ricardo Lamas,Matt Grice,win
"June 26, 2011",Michael Johnson,Edward Faaloloto,win
"June 11, 2011",Junior Dos Santos,Shane Carwin,win
"June 11, 2011",Kenny Florian,Diego Nunes,win
"June 11, 2011",Mark Munoz,Demian Maia,win
"June 11, 2011",Dave Herman,Jon Olav Einemo,win
"June 11, 2011",Donald Cerrone,Vagner Rocha,win
"June 11, 2011",Sam Stout,Yves Edwards,win
"June 11, 2011",Chris Weidman,Jesse Bongfeldt,win
"June 11, 2011",Krzysztof Soszynski,Mike Massenzio,win
"June 11, 2011",Nick Ring,James Head,win
"June 11, 2011",Dustin Poirier,Jason Young,win
"June 11, 2011",Joey Beltran,Aaron Rosa,win
"June 11, 2011",Darren Elkins,Michihiro Omigawa,win
"June 04, 2011",Tony Ferguson,Ramsey Nijem,win
"June 04, 2011",Clay Guida,Anthony Pettis,win
"June 04, 2011",Ed Herman,Tim Credeur,win
"June 04, 2011",Kyle Kingsbury,Fabio Maldonado,win
"June 04, 2011",Chris Cope,Chuck O'Neil,win
"June 04, 2011",Jeremy Stephens,Danny Downes,win
"June 04, 2011",George Roop,Josh Grispi,win
"June 04, 2011",Shamar Bailey,Ryan McGillivray,win
"June 04, 2011",Clay Harvison,Justin Edwards,win
"June 04, 2011",Scott Jorgensen,Ken Stone,win
"June 04, 2011",Reuben Duran,Francisco Rivera,win
"May 28, 2011",Quinton Jackson,Matt Hamill,win
"May 28, 2011",Frank Mir,Roy Nelson,win
"May 28, 2011",Travis Browne,Stefan Struve,win
"May 28, 2011",Rick Story,Thiago Alves,win
"May 28, 2011",Brian Stann,Jorge Santiago,win
"May 28, 2011",Demetrious Johnson,Miguel Torres,win
"May 28, 2011",Tim Boetsch,Kendall Grove,win
"May 28, 2011",Gleison Tibau,Rafaello Oliveira,win
"May 28, 2011",Michael McDonald,Chris Cariaso,win
"May 28, 2011",Renan Barao,Cole Escovedo,win
"April 30, 2011",Georges St-Pierre,Jake Shields,win
"April 30, 2011",Jose Aldo,Mark Hominick,win
"April 30, 2011",Lyoto Machida,Randy Couture,win
"April 30, 2011",Vladimir Matyushenko,Jason Brilz,win
"April 30, 2011",Benson Henderson,Mark Bocek,win
"April 30, 2011",Rory MacDonald,Nate Diaz,win
"April 30, 2011",Jake Ellenberger,Sean Pierson,win
"April 30, 2011",Claude Patrick,Daniel Roberts,win
"April 30, 2011",Ivan Menjivar,Charlie Valencia,win
"April 30, 2011",Jason MacDonald,Ryan Jensen,win
"April 30, 2011",John Makdessi,Kyle Watson,win
"April 30, 2011",Pablo Garza,Yves Jabouin,win
"March 26, 2011",Phil Davis,Rogerio Nogueira,win
"March 26, 2011",Anthony Johnson,Dan Hardy,win
"March 26, 2011",Amir Sadollah,DaMarques Johnson,win
"March 26, 2011",Chan Sung Jung,Leonard Garcia,win
"March 26, 2011",Mike Russow,Jon Madsen,win
"March 26, 2011",Mackens Semerzier,Alex Caceres,win
"March 26, 2011",John Hathaway,Kris McCray,win
"March 26, 2011",Michael McDonald,Edwin Figueroa,win
"March 26, 2011",Christian Morecraft,Sean McCorkle,win
"March 26, 2011",Johny Hendricks,TJ Waldburger,win
"March 26, 2011",Aaron Simpson,Mario Miranda,win
"March 26, 2011",Nik Lentz,Waylon Lowe,win
"March 19, 2011",Jon Jones,Mauricio Rua,win
"March 19, 2011",Urijah Faber,Eddie Wineland,win
"March 19, 2011",Jim Miller,Kamal Shalorus,win
"March 19, 2011",Nate Marquardt,Dan Miller,win
"March 19, 2011",Brendan Schaub,Mirko Filipovic,win
"March 19, 2011",Luiz Cane,Eliot Marshall,win
"March 19, 2011",Edson Barboza,Anthony Njokuani,win
"March 19, 2011",Mike Pyle,Ricardo Almeida,win
"March 19, 2011",Gleison Tibau,Kurt Pellegrino,win
"March 19, 2011",Joseph Benavidez,Ian Loveland,win
"March 19, 2011",Nick Catone,Constantinos Philippou,win
"March 19, 2011",Erik Koch,Raphael Assuncao,win
"March 03, 2011",Diego Sanchez,Martin Kampmann,win
"March 03, 2011",Mark Munoz,CB Dollaway,win
"March 03, 2011",Chris Weidman,Alessio Sakara,win
"March 03, 2011",Brian Bowles,Damacio Page,win
"March 03, 2011",Cyrille Diabate,Steve Cantwell,win
"March 03, 2011",Danny Castillo,Joe Stevenson,win
"March 03, 2011",Shane Roller,Thiago Tavares,win
"March 03, 2011",Takeya Mizugaki,Reuben Duran,win
"March 03, 2011",Dongi Yang,Rob Kimmons,win
"March 03, 2011",Rousimar Palhares,David Branch,win
"March 03, 2011",Igor Pokrajac,Todd Brown,win
"February 26, 2011",BJ Penn,Jon Fitch,draw
"February 26, 2011",Michael Bisping,Jorge Rivera,win
"February 26, 2011",Dennis Siver,George Sotiropoulos,win
"February 26, 2011",Brian Ebersole,Chris Lytle,win
"February 26, 2011",Kyle Noke,Chris Camozzi,win
"February 26, 2011",Ross Pearson,Spencer Fisher,win
"February 26, 2011",Alexander Gustafsson,James Te Huna,win
"February 26, 2011",Nick Ring,Riki Fukuda,win
"February 26, 2011",Anthony Perosh,Tom Blackledge,win
"February 26, 2011",Zhang Tiequan,Jason Reinhardt,win
"February 26, 2011",Mark Hunt,Chris Tuchscherer,win
"February 26, 2011",Curt Warburton,Maciej Jewtuszko,win
"February 05, 2011",Anderson Silva,Vitor Belfort,win
"February 05, 2011",Forrest Griffin,Rich Franklin,win
"February 05, 2011",Jon Jones,Ryan Bader,win
"February 05, 2011",Jake Ellenberger,Carlos Eduardo Rocha,win
"February 05, 2011",Miguel Torres,Antonio Banuelos,win
"February 05, 2011",Donald Cerrone,Paul Kelly,win
"February 05, 2011",Chad Mendes,Michihiro Omigawa,win
"February 05, 2011",Demetrious Johnson,Norifumi Yamamoto,win
"February 05, 2011",Paul Taylor,Gabe Ruediger,win
"February 05, 2011",Kyle Kingsbury,Ricardo Romero,win
"February 05, 2011",Mike Pierce,Kenny Robertson,win
"January 22, 2011",Melvin Guillard,Evan Dunham,win
"January 22, 2011",Matt Mitrione,Tim Hague,win
"January 22, 2011",Mark Hominick,George Roop,win
"January 22, 2011",Pat Barry,Joey Beltran,win
"January 22, 2011",Matt Wiman,Cole Miller,win
"January 22, 2011",Yves Edwards,Cody McKenzie,win
"January 22, 2011",DaMarques Johnson,Mike Guymon,win
"January 22, 2011",Rani Yahya,Mike Brown,win
"January 22, 2011",Waylon Lowe,Willamy Freire,win
"January 22, 2011",Charlie Brenneman,Amilcar Alves,win
"January 22, 2011",Chris Cariaso,Will Campuzano,win
"January 01, 2011",Frankie Edgar,Gray Maynard,draw
"January 01, 2011",Brian Stann,Chris Leben,win
"January 01, 2011",Brandon Vera,Thiago Silva,nc
"January 01, 2011",Dong Hyun Kim,Nate Diaz,win
"January 01, 2011",Clay Guida,Takanori Gomi,win
"January 01, 2011",Jeremy Stephens,Marcus Davis,win
"January 01, 2011",Dustin Poirier,Josh Grispi,win
"January 01, 2011",Brad Tavares,Phil Baroni,win
"January 01, 2011",Diego Nunes,Mike Brown,win
"January 01, 2011",Daniel Roberts,Greg Soto,win
"January 01, 2011",Jacob Volkmann,Antonio McKee,win
"December 11, 2010",Georges St-Pierre,Josh Koscheck,win
"December 11, 2010",Stefan Struve,Sean McCorkle,win
"December 11, 2010",Jim Miller,Charles Oliveira,win
"December 11, 2010",Mac Danzig,Joe Stevenson,win
"December 11, 2010",Thiago Alves,John Howard,win
"December 11, 2010",Dan Miller,Joe Doerksen,win
"December 11, 2010",Mark Bocek,Dustin Hazelett,win
"December 11, 2010",Jesse Bongfeldt,Rafael Natal,draw
"December 11, 2010",Sean Pierson,Matthew Riddle,win
"December 11, 2010",Ricardo Almeida,TJ Grant,win
"December 11, 2010",John Makdessi,Pat Audinwood,win
"December 04, 2010",Jonathan Brookins,Michael Johnson,win
"December 04, 2010",Stephan Bonnar,Igor Pokrajac,win
"December 04, 2010",Demian Maia,Kendall Grove,win
"December 04, 2010",Rick Story,Johny Hendricks,win
"December 04, 2010",Leonard Garcia,Nam Phan,win
"December 04, 2010",Cody McKenzie,Aaron Wilkinson,win
"December 04, 2010",Ian Loveland,Tyler Toner,win
"December 04, 2010",Kyle Watson,Sako Chivitchian,win
"December 04, 2010",Nick Pace,Will Campuzano,win
"December 04, 2010",Pablo Garza,Fredson Paixao,win
"December 04, 2010",David Branch,Rich Attonito,win
"November 20, 2010",Quinton Jackson,Lyoto Machida,win
"November 20, 2010",BJ Penn,Matt Hughes,win
"November 20, 2010",Maiquel Falcao,Gerald Harris,win
"November 20, 2010",Phil Davis,Tim Boetsch,win
"November 20, 2010",George Sotiropoulos,Joe Lauzon,win
"November 20, 2010",Brian Foster,Matt Brown,win
"November 20, 2010",Mark Munoz,Aaron Simpson,win
"November 20, 2010",Dennis Hallman,Karo Parisyan,win
"November 20, 2010",Edson Barboza,Mike Lullo,win
"November 20, 2010",Paul Kelly,TJ O'Brien,win
"November 20, 2010",Nik Lentz,Tyson Griffin,win
"November 13, 2010",Yushin Okami,Nate Marquardt,win
"November 13, 2010",Dennis Siver,Andre Winner,win
"November 13, 2010",Amir Sadollah,Peter Sobotta,win
"November 13, 2010",Krzysztof Soszynski,Goran Reljic,win
"November 13, 2010",Duane Ludwig,Nick Osipczak,win
"November 13, 2010",Vladimir Matyushenko,Alexandre Ferreira,win
"November 13, 2010",Pascal Krauss,Mark Scanlon,win
"November 13, 2010",Kyle Noke,Rob Kimmons,win
"November 13, 2010",Karlos Vemola,Seth Petruzelli,win
"November 13, 2010",Carlos Eduardo Rocha,Kris McCray,win
"October 23, 2010",Cain Velasquez,Brock Lesnar,win
"October 23, 2010",Jake Shields,Martin Kampmann,win
"October 23, 2010",Diego Sanchez,Paulo Thiago,win
"October 23, 2010",Matt Hamill,Tito Ortiz,win
"October 23, 2010",Brendan Schaub,Gabriel Gonzaga,win
"October 23, 2010",Court McGee,Ryan Jensen,win
"October 23, 2010",Tom Lawlor,Patrick Cote,win
"October 23, 2010",Daniel Roberts,Mike Guymon,win
"October 23, 2010",Sam Stout,Paul Taylor,win
"October 23, 2010",Chris Camozzi,Dongi Yang,win
"October 23, 2010",Jon Madsen,Gilbert Yvel,win
"October 16, 2010",Michael Bisping,Yoshihiro Akiyama,win
"October 16, 2010",Carlos Condit,Dan Hardy,win
"October 16, 2010",Mike Pyle,John Hathaway,win
"October 16, 2010",Cheick Kongo,Travis Browne,draw
"October 16, 2010",Claude Patrick,James Wilks,win
"October 16, 2010",Alexander Gustafsson,Cyrille Diabate,win
"October 16, 2010",Rob Broughton,Vinicius Queiroz,win
"October 16, 2010",Paul Sass,Mark Holst,win
"October 16, 2010",Spencer Fisher,Curt Warburton,win
"October 16, 2010",Fabio Maldonado,James McSweeney,win
"September 25, 2010",Frank Mir,Mirko Filipovic,win
"September 25, 2010",Ryan Bader,Rogerio Nogueira,win
"September 25, 2010",Chris Lytle,Matt Serra,win
"September 25, 2010",Sean Sherk,Evan Dunham,win
"September 25, 2010",Melvin Guillard,Jeremy Stephens,win
"September 25, 2010",CB Dollaway,Joe Doerksen,win
"September 25, 2010",Matt Mitrione,Joey Beltran,win
"September 25, 2010",Thiago Tavares,Pat Audinwood,win
"September 25, 2010",Waylon Lowe,Steve Lopez,win
"September 25, 2010",TJ Grant,Julio Paulino,win
"September 25, 2010",Sean McCorkle,Mark Hunt,win
"September 15, 2010",Nate Marquardt,Rousimar Palhares,win
"September 15, 2010",Charles Oliveira,Efrain Escudero,win
"September 15, 2010",Jim Miller,Gleison Tibau,win
"September 15, 2010",Cole Miller,Ross Pearson,win
"September 15, 2010",Yves Edwards,John Gunderson,win
"September 15, 2010",Kyle Kingsbury,Jared Hamman,win
"September 15, 2010",David Branch,Tomasz Drwal,win
"September 15, 2010",Rich Attonito,Rafael Natal,win
"September 15, 2010",TJ Waldburger,David Mitchell,win
"September 15, 2010",Brian Foster,Forrest Petz,win
"August 28, 2010",Frankie Edgar,BJ Penn,win
"August 28, 2010",Randy Couture,James Toney,win
"August 28, 2010",Demian Maia,Mario Miranda,win
"August 28, 2010",Gray Maynard,Kenny Florian,win
"August 28, 2010",Nate Diaz,Marcus Davis,win
"August 28, 2010",Joe Lauzon,Gabe Ruediger,win
"August 28, 2010",Nik Lentz,Andre Winner,win
"August 28, 2010",Dan Miller,John Salter,win
"August 28, 2010",Greg Soto,Nick Osipczak,win
"August 28, 2010",Mike Pierce,Amilcar Alves,win
"August 07, 2010",Anderson Silva,Chael Sonnen,win
"August 07, 2010",Jon Fitch,Thiago Alves,win
"August 07, 2010",Clay Guida,Rafael Dos Anjos,win
"August 07, 2010",Matt Hughes,Ricardo Almeida,win
"August 07, 2010",Junior Dos Santos,Roy Nelson,win
"August 07, 2010",Rick Story,Dustin Hazelett,win
"August 07, 2010",Phil Davis,Rodney Wallace,win
"August 07, 2010",Johny Hendricks,Charlie Brenneman,win
"August 07, 2010",Tim Boetsch,Todd Brown,win
"August 07, 2010",Stefan Struve,Christian Morecraft,win
"August 07, 2010",Dennis Hallman,Ben Saunders,win
"August 01, 2010",Jon Jones,Vladimir Matyushenko,win
"August 01, 2010",Yushin Okami,Mark Munoz,win
"August 01, 2010",Jake Ellenberger,John Howard,win
"August 01, 2010",Takanori Gomi,Tyson Griffin,win
"August 01, 2010",Jacob Volkmann,Paul Kelly,win
"August 01, 2010",Matthew Riddle,DaMarques Johnson,win
"August 01, 2010",Igor Pokrajac,James Irvin,win
"August 01, 2010",Brian Stann,Mike Massenzio,win
"August 01, 2010",Charles Oliveira,Darren Elkins,win
"August 01, 2010",Rob Kimmons,Steve Steinbeiss,win
"July 03, 2010",Brock Lesnar,Shane Carwin,win
"July 03, 2010",Chris Leben,Yoshihiro Akiyama,win
"July 03, 2010",Chris Lytle,Matt Brown,win
"July 03, 2010",Stephan Bonnar,Krzysztof Soszynski,win
"July 03, 2010",George Sotiropoulos,Kurt Pellegrino,win
"July 03, 2010",Brendan Schaub,Chris Tuchscherer,win
"July 03, 2010",Ricardo Romero,Seth Petruzelli,win
"July 03, 2010",Kendall Grove,Goran Reljic,win
"July 03, 2010",Gerald Harris,David Branch,win
"July 03, 2010",Daniel Roberts,Forrest Petz,win
"July 03, 2010",Jon Madsen,Karlos Vemola,win
"June 19, 2010",Court McGee,Kris McCray,win
"June 19, 2010",Matt Hamill,Keith Jardine,win
"June 19, 2010",Chris Leben,Aaron Simpson,win
"June 19, 2010",Dennis Siver,Spencer Fisher,win
"June 19, 2010",Rich Attonito,Jamie Yager,win
"June 19, 2010",John Gunderson,Mark Holst,win
"June 19, 2010",Brad Tavares,Seth Baczynski,win
"June 19, 2010",Kyle Noke,Josh Bryant,win
"June 19, 2010",Chris Camozzi,James Hammortree,win
"June 19, 2010",Travis Browne,James McSweeney,win
"June 12, 2010",Rich Franklin,Chuck Liddell,win
"June 12, 2010",Mirko Filipovic,Pat Barry,win
"June 12, 2010",Martin Kampmann,Paulo Thiago,win
"June 12, 2010",Ben Rothwell,Gilbert Yvel,win
"June 12, 2010",Carlos Condit,Rory MacDonald,win
"June 12, 2010",Evan Dunham,Tyson Griffin,win
"June 12, 2010",Matt Wiman,Mac Danzig,win
"June 12, 2010",Mario Miranda,David Loiseau,win
"June 12, 2010",James Wilks,Peter Sobotta,win
"June 12, 2010",Claude Patrick,Ricardo Funch,win
"June 12, 2010",Mike Pyle,Jesse Lennox,win
"May 29, 2010",Rashad Evans,Quinton Jackson,win
"May 29, 2010",Michael Bisping,Dan Miller,win
"May 29, 2010",Mike Russow,Todd Duffee,win
"May 29, 2010",Rogerio Nogueira,Jason Brilz,win
"May 29, 2010",John Hathaway,Diego Sanchez,win
"May 29, 2010",Dong Hyun Kim,Amir Sadollah,win
"May 29, 2010",Efrain Escudero,Dan Lauzon,win
"May 29, 2010",Melvin Guillard,Waylon Lowe,win
"May 29, 2010",Cyrille Diabate,Luiz Cane,win
"May 29, 2010",Aaron Riley,Joe Brammer,win
"May 29, 2010",Ryan Jensen,Jesse Forbes,win
"May 08, 2010",Mauricio Rua,Lyoto Machida,win
"May 08, 2010",Josh Koscheck,Paul Daley,win
"May 08, 2010",Jeremy Stephens,Sam Stout,win
"May 08, 2010",Matt Mitrione,Kevin Ferguson,win
"May 08, 2010",Alan Belcher,Patrick Cote,win
"May 08, 2010",Joe Doerksen,Tom Lawlor,win
"May 08, 2010",Marcus Davis,Jonathan Goulet,win
"May 08, 2010",Johny Hendricks,TJ Grant,win
"May 08, 2010",Joey Beltran,Tim Hague,win
"May 08, 2010",Mike Guymon,Yoshiyuki Yoshida,win
"May 08, 2010",John Salter,Jason MacDonald,win
"April 10, 2010",Anderson Silva,Demian Maia,win
"April 10, 2010",Frankie Edgar,BJ Penn,win
"April 10, 2010",Matt Hughes,Renzo Gracie,win
"April 10, 2010",Rafael Dos Anjos,Terry Etim,win
"April 10, 2010",Mark Munoz,Kendall Grove,win
"April 10, 2010",Phil Davis,Alexander Gustafsson,win
"April 10, 2010",Rick Story,Nick Osipczak,win
"April 10, 2010",DaMarques Johnson,Brad Blackburn,win
"April 10, 2010",Paul Kelly,Matt Veach,win
"April 10, 2010",Jon Madsen,Mostapha Al-Turk,win
"March 31, 2010",Kenny Florian,Takanori Gomi,win
"March 31, 2010",Roy Nelson,Stefan Struve,win
"March 31, 2010",Jorge Rivera,Nate Quarry,win
"March 31, 2010",Ross Pearson,Dennis Siver,win
"March 31, 2010",Andre Winner,Rafaello Oliveira,win
"March 31, 2010",Jacob Volkmann,Ronys Torres,win
"March 31, 2010",Nik Lentz,Rob Emerson,win
"March 31, 2010",Gleison Tibau,Caol Uno,win
"March 31, 2010",Yushin Okami,Lucio Linhares,win
"March 31, 2010",Gerald Harris,Mario Miranda,win
"March 31, 2010",Charlie Brenneman,Jason High,win
"March 27, 2010",Georges St-Pierre,Dan Hardy,win
"March 27, 2010",Shane Carwin,Frank Mir,win
"March 27, 2010",Kurt Pellegrino,Fabricio Camoes,win
"March 27, 2010",Jon Fitch,Ben Saunders,win
"March 27, 2010",Jim Miller,Mark Bocek,win
"March 27, 2010",Nate Diaz,Rory Markham,win
"March 27, 2010",Ricardo Almeida,Matt Brown,win
"March 27, 2010",Rousimar Palhares,Tomasz Drwal,win
"March 27, 2010",Jared Hamman,Rodney Wallace,win
"March 27, 2010",Matthew Riddle,Greg Soto,win
"March 21, 2010",Jon Jones,Brandon Vera,win
"March 21, 2010",Junior Dos Santos,Gabriel Gonzaga,win
"March 21, 2010",Cheick Kongo,Paul Buentello,win
"March 21, 2010",Alessio Sakara,James Irvin,win
"March 21, 2010",Clay Guida,Shannon Gugerty,win
"March 21, 2010",Vladimir Matyushenko,Eliot Marshall,win
"March 21, 2010",Darren Elkins,Duane Ludwig,win
"March 21, 2010",John Howard,Daniel Roberts,win
"March 21, 2010",Brendan Schaub,Chase Gormley,win
"March 21, 2010",Mike Pierce,Julio Paulino,win
"March 21, 2010",Jason Brilz,Eric Schafer,win
"February 20, 2010",Cain Velasquez,Antonio Rodrigo Nogueira,win
"February 20, 2010",Wanderlei Silva,Michael Bisping,win
"February 20, 2010",George Sotiropoulos,Joe Stevenson,win
"February 20, 2010",Ryan Bader,Keith Jardine,win
"February 20, 2010",Mirko Filipovic,Anthony Perosh,win
"February 20, 2010",Krzysztof Soszynski,Stephan Bonnar,win
"February 20, 2010",Chris Lytle,Brian Foster,win
"February 20, 2010",CB Dollaway,Goran Reljic,win
"February 20, 2010",James Te Huna,Igor Pokrajac,win
"February 06, 2010",Randy Couture,Mark Coleman,win
"February 06, 2010",Chael Sonnen,Nate Marquardt,win
"February 06, 2010",Paulo Thiago,Mike Swick,win
"February 06, 2010",Demian Maia,Dan Miller,win
"February 06, 2010",Matt Serra,Frank Trigg,win
"February 06, 2010",Mac Danzig,Justin Buchholz,win
"February 06, 2010",Melvin Guillard,Ronys Torres,win
"February 06, 2010",Rob Emerson,Phillipe Nover,win
"February 06, 2010",Phil Davis,Brian Stann,win
"February 06, 2010",Chris Tuchscherer,Tim Hague,win
"February 06, 2010",Joey Beltran,Rolles Gracie,win
"January 11, 2010",Gray Maynard,Nate Diaz,win
"January 11, 2010",Evan Dunham,Efrain Escudero,win
"January 11, 2010",Aaron Simpson,Tom Lawlor,win
"January 11, 2010",Amir Sadollah,Brad Blackburn,win
"January 11, 2010",Chris Leben,Jay Silva,win
"January 11, 2010",Rick Story,Jesse Lennox,win
"January 11, 2010",Thiago Tavares,Nik Lentz,draw
"January 11, 2010",Rory MacDonald,Mike Guymon,win
"January 11, 2010",Rafael Dos Anjos,Kyle Bradley,win
"January 11, 2010",Gerald Harris,John Salter,win
"January 11, 2010",Nick Catone,Jesse Forbes,win
"January 02, 2010",Rashad Evans,Thiago Silva,win
"January 02, 2010",Paul Daley,Dustin Hazelett,win
"January 02, 2010",Sam Stout,Joe Lauzon,win
"January 02, 2010",Jim Miller,Duane Ludwig,win
"January 02, 2010",Junior Dos Santos,Gilbert Yvel,win
"January 02, 2010",Martin Kampmann,Jacob Volkmann,win
"January 02, 2010",Cole Miller,Dan Lauzon,win
"January 02, 2010",Mark Munoz,Ryan Jensen,win
"January 02, 2010",Jake Ellenberger,Mike Pyle,win
"January 02, 2010",Rafaello Oliveira,John Gunderson,win
"December 12, 2009",BJ Penn,Diego Sanchez,win
"December 12, 2009",Frank Mir,Cheick Kongo,win
"December 12, 2009",Jon Fitch,Mike Pierce,win
"December 12, 2009",Kenny Florian,Clay Guida,win
"December 12, 2009",Stefan Struve,Paul Buentello,win
"December 12, 2009",Alan Belcher,Wilson Gouveia,win
"December 12, 2009",Matt Wiman,Shane Nelson,win
"December 12, 2009",Johny Hendricks,Ricardo Funch,win
"December 12, 2009",Rousimar Palhares,Lucio Linhares,win
"December 12, 2009",DaMarques Johnson,Edgar Garcia,win
"December 12, 2009",TJ Grant,Kevin Burns,win
"December 05, 2009",Roy Nelson,Brendan Schaub,win
"December 05, 2009",Matt Hamill,Jon Jones,win
"December 05, 2009",Kevin Ferguson,Houston Alexander,win
"December 05, 2009",Frankie Edgar,Matt Veach,win
"December 05, 2009",Matt Mitrione,Marcus Jones,win
"December 05, 2009",James McSweeney,Darrill Schoonover,win
"December 05, 2009",Jon Madsen,Justin Wren,win
"December 05, 2009",Brian Stann,Rodney Wallace,win
"December 05, 2009",John Howard,Dennis Hallman,win
"December 05, 2009",Mark Bocek,Joe Brammer,win
"November 21, 2009",Forrest Griffin,Tito Ortiz,win
"November 21, 2009",Josh Koscheck,Anthony Johnson,win
"November 21, 2009",Paulo Thiago,Jacob Volkmann,win
"November 21, 2009",Rogerio Nogueira,Luiz Cane,win
"November 21, 2009",Amir Sadollah,Phil Baroni,win
"November 21, 2009",Ben Saunders,Marcus Davis,win
"November 21, 2009",Kendall Grove,Jake Rosholt,win
"November 21, 2009",Brian Foster,Brock Larson,win
"November 21, 2009",Caol Uno,Fabricio Camoes,draw
"November 21, 2009",George Sotiropoulos,Jason Dent,win
"November 14, 2009",Randy Couture,Brandon Vera,win
"November 14, 2009",Dan Hardy,Mike Swick,win
"November 14, 2009",Michael Bisping,Denis Kang,win
"November 14, 2009",Matt Brown,James Wilks,win
"November 14, 2009",Ross Pearson,Aaron Riley,win
"November 14, 2009",John Hathaway,Paul Taylor,win
"November 14, 2009",Terry Etim,Shannon Gugerty,win
"November 14, 2009",Nick Osipczak,Matthew Riddle,win
"November 14, 2009",Dennis Siver,Paul Kelly,win
"November 14, 2009",Alexander Gustafsson,Jared Hamman,win
"November 14, 2009",Andre Winner,Rolando Delgado,win
"October 24, 2009",Lyoto Machida,Mauricio Rua,win
"October 24, 2009",Cain Velasquez,Ben Rothwell,win
"October 24, 2009",Gleison Tibau,Josh Neer,win
"October 24, 2009",Joe Stevenson,Spencer Fisher,win
"October 24, 2009",Anthony Johnson,Yoshiyuki Yoshida,win
"October 24, 2009",Ryan Bader,Eric Schafer,win
"October 24, 2009",Pat Barry,Antoni Hardonk,win
"October 24, 2009",Chael Sonnen,Yushin Okami,win
"October 24, 2009",Jorge Rivera,Rob Kimmons,win
"October 24, 2009",Kyle Kingsbury,Razak Al-Hassan,win
"October 24, 2009",Stefan Struve,Chase Gormley,win
"September 19, 2009",Vitor Belfort,Rich Franklin,win
"September 19, 2009",Junior Dos Santos,Mirko Filipovic,win
"September 19, 2009",Paul Daley,Martin Kampmann,win
"September 19, 2009",Josh Koscheck,Frank Trigg,win
"September 19, 2009",Tyson Griffin,Hermes Franca,win
"September 19, 2009",Efrain Escudero,Cole Miller,win
"September 19, 2009",Tomasz Drwal,Drew McFedries,win
"September 19, 2009",Jim Miller,Steve Lopez,win
"September 19, 2009",Nik Lentz,Rafaello Oliveira,win
"September 19, 2009",Rick Story,Brian Foster,win
"September 19, 2009",Eliot Marshall,Jason Brilz,win
"September 19, 2009",Vladimir Matyushenko,Igor Pokrajac,win
"September 19, 2009",Rafael Dos Anjos,Rob Emerson,win
"September 16, 2009",Nate Diaz,Melvin Guillard,win
"September 16, 2009",Gray Maynard,Roger Huerta,win
"September 16, 2009",Carlos Condit,Jake Ellenberger,win
"September 16, 2009",Nate Quarry,Tim Credeur,win
"September 16, 2009",Brian Stann,Steve Cantwell,win
"September 16, 2009",Mike Pyle,Chris Wilson,win
"September 16, 2009",CB Dollaway,Jay Silva,win
"September 16, 2009",Jeremy Stephens,Justin Buchholz,win
"September 16, 2009",Mike Pierce,Brock Larson,win
"September 16, 2009",Ryan Jensen,Steve Steinbeiss,win
"August 29, 2009",Antonio Rodrigo Nogueira,Randy Couture,win
"August 29, 2009",Thiago Silva,Keith Jardine,win
"August 29, 2009",Jake Rosholt,Chris Leben,win
"August 29, 2009",Nate Marquardt,Demian Maia,win
"August 29, 2009",Brandon Vera,Krzysztof Soszynski,win
"August 29, 2009",Aaron Simpson,Ed Herman,win
"August 29, 2009",Gabriel Gonzaga,Chris Tuchscherer,win
"August 29, 2009",Mike Russow,Justin McCully,win
"August 29, 2009",Todd Duffee,Tim Hague,win
"August 29, 2009",Mark Munoz,Nick Catone,win
"August 29, 2009",Evan Dunham,Marcus Aurelio,win
"August 08, 2009",BJ Penn,Kenny Florian,win
"August 08, 2009",Anderson Silva,Forrest Griffin,win
"August 08, 2009",Aaron Riley,Shane Nelson,win
"August 08, 2009",Johny Hendricks,Amir Sadollah,win
"August 08, 2009",Ricardo Almeida,Kendall Grove,win
"August 08, 2009",Kurt Pellegrino,Josh Neer,win
"August 08, 2009",John Howard,Tamdan McCrory,win
"August 08, 2009",Alessio Sakara,Thales Leites,win
"August 08, 2009",Matthew Riddle,Dan Cramer,win
"August 08, 2009",George Sotiropoulos,George Roop,win
"August 08, 2009",Jesse Lennox,Danillo Villefort,win
"July 11, 2009",Jon Fitch,Paulo Thiago,win
"July 11, 2009",Brock Lesnar,Frank Mir,win
"July 11, 2009",Georges St-Pierre,Thiago Alves,win
"July 11, 2009",Dan Henderson,Michael Bisping,win
"July 11, 2009",Yoshihiro Akiyama,Alan Belcher,win
"July 11, 2009",Mark Coleman,Stephan Bonnar,win
"July 11, 2009",Jim Miller,Mac Danzig,win
"July 11, 2009",Jon Jones,Jake O'Brien,win
"July 11, 2009",Dong Hyun Kim,TJ Grant,win
"July 11, 2009",Tom Lawlor,CB Dollaway,win
"July 11, 2009",Shannon Gugerty,Matt Grice,win
"June 20, 2009",Diego Sanchez,Clay Guida,win
"June 20, 2009",James Wilks,DaMarques Johnson,win
"June 20, 2009",Chris Lytle,Kevin Burns,win
"June 20, 2009",Ross Pearson,Andre Winner,win
"June 20, 2009",Joe Stevenson,Nate Diaz,win
"June 20, 2009",Melvin Guillard,Gleison Tibau,win
"June 20, 2009",Brad Blackburn,Edgar Garcia,win
"June 20, 2009",Tomasz Drwal,Mike Ciesnolevicz,win
"June 20, 2009",Nick Osipczak,Frank Lester,win
"June 20, 2009",Jason Dent,Cameron Dollar,win
"June 13, 2009",Rich Franklin,Wanderlei Silva,win
"June 13, 2009",Cain Velasquez,Cheick Kongo,win
"June 13, 2009",Mirko Filipovic,Mostapha Al-Turk,win
"June 13, 2009",Mike Swick,Ben Saunders,win
"June 13, 2009",Spencer Fisher,Caol Uno,win
"June 13, 2009",Dan Hardy,Marcus Davis,win
"June 13, 2009",Terry Etim,Justin Buchholz,win
"June 13, 2009",Dennis Siver,Dale Hartt,win
"June 13, 2009",Paul Taylor,Peter Sobotta,win
"June 13, 2009",Paul Kelly,Rolando Delgado,win
"June 13, 2009",Stefan Struve,Denis Stojnic,win
"June 13, 2009",John Hathaway,Rick Story,win
"May 23, 2009",Lyoto Machida,Rashad Evans,win
"May 23, 2009",Matt Hughes,Matt Serra,win
"May 23, 2009",Drew McFedries,Xavier Foupa-Pokam,win
"May 23, 2009",Chael Sonnen,Dan Miller,win
"May 23, 2009",Frankie Edgar,Sean Sherk,win
"May 23, 2009",Brock Larson,Mike Pyle,win
"May 23, 2009",Tim Hague,Pat Barry,win
"May 23, 2009",Kyle Bradley,Phillipe Nover,win
"May 23, 2009",Krzysztof Soszynski,Andre Gusmao,win
"May 23, 2009",Yoshiyuki Yoshida,Brandon Wolff,win
"May 23, 2009",George Roop,David Kaplan,win
"April 18, 2009",Anderson Silva,Thales Leites,win
"April 18, 2009",Sam Stout,Matt Wiman,win
"April 18, 2009",Mauricio Rua,Chuck Liddell,win
"April 18, 2009",Krzysztof Soszynski,Brian Stann,win
"April 18, 2009",Cheick Kongo,Antoni Hardonk,win
"April 18, 2009",Luiz Cane,Steve Cantwell,win
"April 18, 2009",Denis Kang,Xavier Foupa-Pokam,win
"April 18, 2009",Nate Quarry,Jason MacDonald,win
"April 18, 2009",Ed Herman,David Loiseau,win
"April 18, 2009",Mark Bocek,David Bielkheden,win
"April 18, 2009",TJ Grant,Ryo Chonan,win
"April 18, 2009",Eliot Marshall,Vinny Magalhaes,win
"April 01, 2009",Martin Kampmann,Carlos Condit,win
"April 01, 2009",Ryan Bader,Carmelo Marrero,win
"April 01, 2009",Tyson Griffin,Rafael Dos Anjos,win
"April 01, 2009",Cole Miller,Junie Browning,win
"April 01, 2009",Gleison Tibau,Jeremy Stephens,win
"April 01, 2009",Ricardo Almeida,Matt Horwich,win
"April 01, 2009",Brock Larson,Jesse Sanders,win
"April 01, 2009",Tim Credeur,Nick Catone,win
"April 01, 2009",Jorge Rivera,Nissen Osterneck,win
"April 01, 2009",Rob Kimmons,Joe Vedepo,win
"April 01, 2009",Aaron Simpson,Tim McKenzie,win
"March 07, 2009",Quinton Jackson,Keith Jardine,win
"March 07, 2009",Shane Carwin,Gabriel Gonzaga,win
"March 07, 2009",Matt Brown,Pete Sell,win
"March 07, 2009",Matt Hamill,Mark Munoz,win
"March 07, 2009",Gray Maynard,Jim Miller,win
"March 07, 2009",Tamdan McCrory,Ryan Madigan,win
"March 07, 2009",Kendall Grove,Jason Day,win
"March 07, 2009",Jason Brilz,Tim Boetsch,win
"March 07, 2009",Brandon Vera,Michael Patt,win
"March 07, 2009",Shane Nelson,Aaron Riley,win
"February 21, 2009",Diego Sanchez,Joe Stevenson,win
"February 21, 2009",Dan Hardy,Rory Markham,win
"February 21, 2009",Nate Marquardt,Wilson Gouveia,win
"February 21, 2009",Demian Maia,Chael Sonnen,win
"February 21, 2009",Paulo Thiago,Josh Koscheck,win
"February 21, 2009",Terry Etim,Brian Cobb,win
"February 21, 2009",Junior Dos Santos,Stefan Struve,win
"February 21, 2009",Evan Dunham,Per Eklund,win
"February 21, 2009",Mike Ciesnolevicz,Neil Grove,win
"February 21, 2009",Paul Kelly,Troy Mandaloniz,win
"February 07, 2009",Joe Lauzon,Jeremy Stephens,win
"February 07, 2009",Cain Velasquez,Denis Stojnic,win
"February 07, 2009",Josh Neer,Mac Danzig,win
"February 07, 2009",Anthony Johnson,Luigi Fioravanti,win
"February 07, 2009",Kurt Pellegrino,Rob Emerson,win
"February 07, 2009",Dan Miller,Jake Rosholt,win
"February 07, 2009",Matt Veach,Matt Grice,win
"February 07, 2009",Gleison Tibau,Rich Clementi,win
"February 07, 2009",Nick Catone,Derek Downey,win
"February 07, 2009",Matthew Riddle,Steve Bruno,win
"January 31, 2009",Georges St-Pierre,BJ Penn,win
"January 31, 2009",Lyoto Machida,Thiago Silva,win
"January 31, 2009",Jon Jones,Stephan Bonnar,win
"January 31, 2009",Karo Parisyan,Dong Hyun Kim,nc
"January 31, 2009",Clay Guida,Nate Diaz,win
"January 31, 2009",Jon Fitch,Akihiro Gono,win
"January 31, 2009",Thiago Tavares,Manvel Gamburyan,win
"January 31, 2009",John Howard,Chris Wilson,win
"January 31, 2009",Jake O'Brien,Christian Wellisch,win
"January 31, 2009",Dan Cramer,Matt Arroyo,win
"January 17, 2009",Dan Henderson,Rich Franklin,win
"January 17, 2009",Mauricio Rua,Mark Coleman,win
"January 17, 2009",Rousimar Palhares,Jeremy Horn,win
"January 17, 2009",Alan Belcher,Denis Kang,win
"January 17, 2009",Marcus Davis,Chris Lytle,win
"January 17, 2009",John Hathaway,Tom Egan,win
"January 17, 2009",Martin Kampmann,Alexandre Barros,win
"January 17, 2009",Eric Schafer,Antonio Mendes,win
"January 17, 2009",Tomasz Drwal,Ivan Serati,win
"January 17, 2009",Dennis Siver,Nate Mohr,win
"December 27, 2008",Rashad Evans,Forrest Griffin,win
"December 27, 2008",Frank Mir,Antonio Rodrigo Nogueira,win
"December 27, 2008",CB Dollaway,Mike Massenzio,win
"December 27, 2008",Quinton Jackson,Wanderlei Silva,win
"December 27, 2008",Cheick Kongo,Mostapha Al-Turk,win
"December 27, 2008",Yushin Okami,Dean Lister,win
"December 27, 2008",Antoni Hardonk,Mike Wessel,win
"December 27, 2008",Matt Hamill,Reese Andy,win
"December 27, 2008",Brad Blackburn,Ryo Chonan,win
"December 27, 2008",Pat Barry,Dan Evensen,win
"December 13, 2008",Efrain Escudero,Phillipe Nover,win
"December 13, 2008",Ryan Bader,Vinny Magalhaes,win
"December 13, 2008",Anthony Johnson,Kevin Burns,win
"December 13, 2008",Wilson Gouveia,Jason MacDonald,win
"December 13, 2008",Junie Browning,David Kaplan,win
"December 13, 2008",Krzysztof Soszynski,Shane Primm,win
"December 13, 2008",Eliot Marshall,Jules Bruchez,win
"December 13, 2008",Tom Lawlor,Kyle Kingsbury,win
"December 13, 2008",Shane Nelson,George Roop,win
"December 13, 2008",Rolando Delgado,John Polakowski,win
"December 10, 2008",Josh Koscheck,Yoshiyuki Yoshida,win
"December 10, 2008",Mike Swick,Jonathan Goulet,win
"December 10, 2008",Steve Cantwell,Razak Al-Hassan,win
"December 10, 2008",Tim Credeur,Nate Loughran,win
"December 10, 2008",Jim Miller,Matt Wiman,win
"December 10, 2008",Luigi Fioravanti,Brodie Farber,win
"December 10, 2008",Steve Bruno,Johnny Rees,win
"December 10, 2008",Ben Saunders,Brandon Wolff,win
"December 10, 2008",Dale Hartt,Corey Hill,win
"December 10, 2008",Justin McCully,Eddie Sanchez,win
"November 15, 2008",Brock Lesnar,Randy Couture,win
"November 15, 2008",Kenny Florian,Joe Stevenson,win
"November 15, 2008",Dustin Hazelett,Tamdan McCrory,win
"November 15, 2008",Gabriel Gonzaga,Josh Hendricks,win
"November 15, 2008",Demian Maia,Nate Quarry,win
"November 15, 2008",Aaron Riley,Jorge Gurgel,win
"November 15, 2008",Jeremy Stephens,Rafael Dos Anjos,win
"November 15, 2008",Mark Bocek,Alvin Robinson,win
"November 15, 2008",Matt Brown,Ryan Thomas,win
"October 25, 2008",Anderson Silva,Patrick Cote,win
"October 25, 2008",Thiago Alves,Josh Koscheck,win
"October 25, 2008",Gray Maynard,Rich Clementi,win
"October 25, 2008",Junior Dos Santos,Fabricio Werdum,win
"October 25, 2008",Sean Sherk,Tyson Griffin,win
"October 25, 2008",Thales Leites,Drew McFedries,win
"October 25, 2008",Spencer Fisher,Shannon Gugerty,win
"October 25, 2008",Dan Miller,Matt Horwich,win
"October 25, 2008",Hermes Franca,Marcus Aurelio,win
"October 25, 2008",Pete Sell,Joshua Burkman,win
"October 18, 2008",Michael Bisping,Chris Leben,win
"October 18, 2008",Keith Jardine,Brandon Vera,win
"October 18, 2008",Luiz Cane,Rameau Thierry Sokoudjou,win
"October 18, 2008",Chris Lytle,Paul Taylor,win
"October 18, 2008",Marcus Davis,Paul Kelly,win
"October 18, 2008",Dan Hardy,Akihiro Gono,win
"October 18, 2008",Shane Carwin,Neil Wain,win
"October 18, 2008",David Bielkheden,Jess Liaudin,win
"October 18, 2008",Terry Etim,Sam Stout,win
"October 18, 2008",Jim Miller,David Baron,win
"October 18, 2008",Per Eklund,Samy Schiavo,win
"September 17, 2008",Nate Diaz,Josh Neer,win
"September 17, 2008",Clay Guida,Mac Danzig,win
"September 17, 2008",Alan Belcher,Ed Herman,win
"September 17, 2008",Eric Schafer,Houston Alexander,win
"September 17, 2008",Alessio Sakara,Joe Vedepo,win
"September 17, 2008",Wilson Gouveia,Ryan Jensen,win
"September 17, 2008",Joe Lauzon,Kyle Bradley,win
"September 17, 2008",Jason Brilz,Brad Morris,win
"September 17, 2008",Mike Massenzio,Drew McFedries,win
"September 17, 2008",Dan Miller,Rob Kimmons,win
"September 06, 2008",Rashad Evans,Chuck Liddell,win
"September 06, 2008",Rich Franklin,Matt Hamill,win
"September 06, 2008",Dan Henderson,Rousimar Palhares,win
"September 06, 2008",Nate Marquardt,Martin Kampmann,win
"September 06, 2008",Dong Hyun Kim,Matt Brown,win
"September 06, 2008",Kurt Pellegrino,Thiago Tavares,win
"September 06, 2008",Tim Boetsch,Michael Patt,win
"September 06, 2008",Jason MacDonald,Jason Lambert,win
"September 06, 2008",Ryo Chonan,Roan Carneiro,win
"August 09, 2008",Georges St-Pierre,Jon Fitch,win
"August 09, 2008",Brock Lesnar,Heath Herring,win
"August 09, 2008",Rob Emerson,Manvel Gamburyan,win
"August 09, 2008",Kenny Florian,Roger Huerta,win
"August 09, 2008",Demian Maia,Jason MacDonald,win
"August 09, 2008",Tamdan McCrory,Luke Cummo,win
"August 09, 2008",Cheick Kongo,Dan Evensen,win
"August 09, 2008",Jon Jones,Andre Gusmao,win
"August 09, 2008",Chris Wilson,Steve Bruno,win
"August 09, 2008",Ben Saunders,Ryan Thomas,win
"July 19, 2008",Anderson Silva,James Irvin,win
"July 19, 2008",Brandon Vera,Reese Andy,win
"July 19, 2008",Frankie Edgar,Hermes Franca,win
"July 19, 2008",Cain Velasquez,Jake O'Brien,win
"July 19, 2008",Kevin Burns,Anthony Johnson,win
"July 19, 2008",CB Dollaway,Jesse Taylor,win
"July 19, 2008",Tim Credeur,Cale Yarbrough,win
"July 19, 2008",Rory Markham,Brodie Farber,win
"July 19, 2008",Nate Loughran,Johnny Rees,win
"July 19, 2008",Brad Blackburn,James Giboo,win
"July 19, 2008",Shannon Gugerty,Dale Hartt,win
"July 05, 2008",Forrest Griffin,Quinton Jackson,win
"July 05, 2008",Patrick Cote,Ricardo Almeida,win
"July 05, 2008",Joe Stevenson,Gleison Tibau,win
"July 05, 2008",Josh Koscheck,Chris Lytle,win
"July 05, 2008",Tyson Griffin,Marcus Aurelio,win
"July 05, 2008",Gabriel Gonzaga,Justin McCully,win
"July 05, 2008",Cole Miller,Jorge Gurgel,win
"July 05, 2008",Melvin Guillard,Dennis Siver,win
"July 05, 2008",Justin Buchholz,Corey Hill,win
"June 21, 2008",Kendall Grove,Evan Tanner,win
"June 21, 2008",Amir Sadollah,CB Dollaway,win
"June 21, 2008",Diego Sanchez,Luigi Fioravanti,win
"June 21, 2008",Spencer Fisher,Jeremy Stephens,win
"June 21, 2008",Matthew Riddle,Dante Rivera,win
"June 21, 2008",Dustin Hazelett,Joshua Burkman,win
"June 21, 2008",Drew McFedries,Marvin Eastman,win
"June 21, 2008",Matt Brown,Matt Arroyo,win
"June 21, 2008",Dean Lister,Jeremy Horn,win
"June 21, 2008",Rob Kimmons,Rob Yundt,win
"June 07, 2008",Thiago Alves,Matt Hughes,win
"June 07, 2008",Michael Bisping,Jason Day,win
"June 07, 2008",Mike Swick,Marcus Davis,win
"June 07, 2008",Thales Leites,Nate Marquardt,win
"June 07, 2008",Fabricio Werdum,Brandon Vera,win
"June 07, 2008",Martin Kampmann,Jorge Rivera,win
"June 07, 2008",Matt Wiman,Thiago Tavares,win
"June 07, 2008",Kevin Burns,Roan Carneiro,win
"June 07, 2008",Luiz Cane,Jason Lambert,win
"June 07, 2008",Paul Taylor,Jess Liaudin,win
"June 07, 2008",Antoni Hardonk,Eddie Sanchez,win
"May 24, 2008",BJ Penn,Sean Sherk,win
"May 24, 2008",Wanderlei Silva,Keith Jardine,win
"May 24, 2008",Goran Reljic,Wilson Gouveia,win
"May 24, 2008",Lyoto Machida,Tito Ortiz,win
"May 24, 2008",Thiago Silva,Antonio Mendes,win
"May 24, 2008",Rousimar Palhares,Ivan Salaverry,win
"May 24, 2008",Rameau Thierry Sokoudjou,Kazuhiro Nakamura,win
"May 24, 2008",Rich Clementi,Terry Etim,win
"May 24, 2008",Yoshiyuki Yoshida,War Machine,win
"May 24, 2008",Dong Hyun Kim,Jason Tan,win
"May 24, 2008",Shane Carwin,Christian Wellisch,win
"April 19, 2008",Georges St-Pierre,Matt Serra,win
"April 19, 2008",Rich Franklin,Travis Lutter,win
"April 19, 2008",Nate Quarry,Kalib Starnes,win
"April 19, 2008",Michael Bisping,Charles McCarthy,win
"April 19, 2008",Mac Danzig,Mark Bocek,win
"April 19, 2008",Jason MacDonald,Joe Doerksen,win
"April 19, 2008",Jason Day,Alan Belcher,win
"April 19, 2008",Demian Maia,Ed Herman,win
"April 19, 2008",Rich Clementi,Sam Stout,win
"April 19, 2008",Cain Velasquez,Brad Morris,win
"April 19, 2008",Jonathan Goulet,Kuniyoshi Hironaka,win
"April 02, 2008",Kenny Florian,Joe Lauzon,win
"April 02, 2008",Gray Maynard,Frankie Edgar,win
"April 02, 2008",Thiago Alves,Karo Parisyan,win
"April 02, 2008",Matt Hamill,Tim Boetsch,win
"April 02, 2008",Nate Diaz,Kurt Pellegrino,win
"April 02, 2008",James Irvin,Houston Alexander,win
"April 02, 2008",Josh Neer,Din Thomas,win
"April 02, 2008",Marcus Aurelio,Ryan Roberts,win
"April 02, 2008",Manvel Gamburyan,Jeff Cox,win
"April 02, 2008",Clay Guida,Samy Schiavo,win
"April 02, 2008",George Sotiropoulos,Roman Mitichyan,win
"April 02, 2008",Anthony Johnson,Tommy Speer,win
"March 01, 2008",Anderson Silva,Dan Henderson,win
"March 01, 2008",Heath Herring,Cheick Kongo,win
"March 01, 2008",Chris Leben,Alessio Sakara,win
"March 01, 2008",Yushin Okami,Evan Tanner,win
"March 01, 2008",Jon Fitch,Chris Wilson,win
"March 01, 2008",Andrei Arlovski,Jake O'Brien,win
"March 01, 2008",Luigi Fioravanti,Luke Cummo,win
"March 01, 2008",Josh Koscheck,Dustin Hazelett,win
"March 01, 2008",Diego Sanchez,David Bielkheden,win
"March 01, 2008",Jorge Gurgel,John Halverson,win
"February 02, 2008",Antonio Rodrigo Nogueira,Tim Sylvia,win
"February 02, 2008",Frank Mir,Brock Lesnar,win
"February 02, 2008",Nate Marquardt,Jeremy Horn,win
"February 02, 2008",Ricardo Almeida,Rob Yundt,win
"February 02, 2008",Tyson Griffin,Gleison Tibau,win
"February 02, 2008",Chris Lytle,Kyle Bradley,win
"February 02, 2008",Tim Boetsch,David Heath,win
"February 02, 2008",Marvin Eastman,Terry Martin,win
"February 02, 2008",Rob Emerson,Keita Nakamura,win
"January 23, 2008",Mike Swick,Joshua Burkman,win
"January 23, 2008",Patrick Cote,Drew McFedries,win
"January 23, 2008",Thiago Tavares,Michihiro Omigawa,win
"January 23, 2008",Nate Diaz,Alvin Robinson,win
"January 23, 2008",Kurt Pellegrino,Alberto Crane,win
"January 23, 2008",Gray Maynard,Dennis Siver,win
"January 23, 2008",Jeremy Stephens,Cole Miller,win
"January 23, 2008",Corey Hill,Joe Veres,win
"January 23, 2008",Matt Wiman,Justin Buchholz,win
"January 19, 2008",BJ Penn,Joe Stevenson,win
"January 19, 2008",Fabricio Werdum,Gabriel Gonzaga,win
"January 19, 2008",Marcus Davis,Jess Liaudin,win
"January 19, 2008",Wilson Gouveia,Jason Lambert,win
"January 19, 2008",Jorge Rivera,Kendall Grove,win
"January 19, 2008",Antoni Hardonk,Colin Robinson,win
"January 19, 2008",Paul Kelly,Paul Taylor,win
"January 19, 2008",Alessio Sakara,James Lee,win
"January 19, 2008",Sam Stout,Per Eklund,win
"December 29, 2007",Georges St-Pierre,Matt Hughes,win
"December 29, 2007",Chuck Liddell,Wanderlei Silva,win
"December 29, 2007",Eddie Sanchez,Soa Palelei,win
"December 29, 2007",Lyoto Machida,Rameau Thierry Sokoudjou,win
"December 29, 2007",Rich Clementi,Melvin Guillard,win
"December 29, 2007",James Irvin,Luiz Cane,win
"December 29, 2007",Manvel Gamburyan,Nate Mohr,win
"December 29, 2007",Dean Lister,Jordan Radev,win
"December 29, 2007",Roan Carneiro,Tony DeSouza,win
"December 29, 2007",Mark Bocek,Doug Evans,win
"December 08, 2007",Roger Huerta,Clay Guida,win
"December 08, 2007",Mac Danzig,Tommy Speer,win
"December 08, 2007",War Machine,Jared Rollins,win
"December 08, 2007",George Sotiropoulos,Billy Miles,win
"December 08, 2007",Ben Saunders,Dan Barrera,win
"December 08, 2007",Troy Mandaloniz,Richie Hightower,win
"December 08, 2007",Matt Arroyo,John Kolosci,win
"December 08, 2007",Roman Mitichyan,Dorian Price,win
"December 08, 2007",Jonathan Goulet,Paul Georgieff,win
"November 17, 2007",Rashad Evans,Michael Bisping,win
"November 17, 2007",Thiago Silva,Houston Alexander,win
"November 17, 2007",Karo Parisyan,Ryo Chonan,win
"November 17, 2007",Ed Herman,Joe Doerksen,win
"November 17, 2007",Frankie Edgar,Spencer Fisher,win
"November 17, 2007",Thiago Alves,Chris Lytle,win
"November 17, 2007",Joe Lauzon,Jason Reinhardt,win
"November 17, 2007",Marcus Aurelio,Luke Caudillo,win
"November 17, 2007",Akihiro Gono,Tamdan McCrory,win
"October 20, 2007",Anderson Silva,Rich Franklin,win
"October 20, 2007",Tim Sylvia,Brandon Vera,win
"October 20, 2007",Alvin Robinson,Jorge Gurgel,win
"October 20, 2007",Stephan Bonnar,Eric Schafer,win
"October 20, 2007",Alan Belcher,Kalib Starnes,win
"October 20, 2007",Yushin Okami,Jason MacDonald,win
"October 20, 2007",Demian Maia,Ryan Jensen,win
"October 20, 2007",Joshua Burkman,Forrest Petz,win
"October 20, 2007",Matt Grice,Jason Black,win
"September 22, 2007",Keith Jardine,Chuck Liddell,win
"September 22, 2007",Forrest Griffin,Mauricio Rua,win
"September 22, 2007",Jon Fitch,Diego Sanchez,win
"September 22, 2007",Lyoto Machida,Kazuhiro Nakamura,win
"September 22, 2007",Tyson Griffin,Thiago Tavares,win
"September 22, 2007",Rich Clementi,Anthony Johnson,win
"September 22, 2007",Jeremy Stephens,Diego Saraiva,win
"September 22, 2007",Christian Wellisch,Scott Junk,win
"September 22, 2007",Matt Wiman,Michihiro Omigawa,win
"September 19, 2007",Kenny Florian,Din Thomas,win
"September 19, 2007",Chris Leben,Terry Martin,win
"September 19, 2007",Nate Diaz,Junior Assuncao,win
"September 19, 2007",Nate Quarry,Pete Sell,win
"September 19, 2007",Luke Cummo,Edilberto de Oliveira,win
"September 19, 2007",Cole Miller,Leonard Garcia,win
"September 19, 2007",Gray Maynard,Joe Veres,win
"September 19, 2007",Thiago Alves,Kuniyoshi Hironaka,win
"September 19, 2007",Dustin Hazelett,Jonathan Goulet,win
"September 08, 2007",Quinton Jackson,Dan Henderson,win
"September 08, 2007",Michael Bisping,Matt Hamill,win
"September 08, 2007",Cheick Kongo,Mirko Filipovic,win
"September 08, 2007",Marcus Davis,Paul Taylor,win
"September 08, 2007",Houston Alexander,Alessio Sakara,win
"September 08, 2007",Gleison Tibau,Terry Etim,win
"September 08, 2007",Thiago Silva,Tomasz Drwal,win
"September 08, 2007",Dennis Siver,Naoyuki Kotani,win
"September 08, 2007",Jess Liaudin,Anthony Torres,win
"August 25, 2007",Randy Couture,Gabriel Gonzaga,win
"August 25, 2007",Georges St-Pierre,Josh Koscheck,win
"August 25, 2007",Roger Huerta,Alberto Crane,win
"August 25, 2007",Joe Stevenson,Kurt Pellegrino,win
"August 25, 2007",Patrick Cote,Kendall Grove,win
"August 25, 2007",Renato Sobral,David Heath,win
"August 25, 2007",Frank Mir,Antoni Hardonk,win
"August 25, 2007",Thales Leites,Ryan Jensen,win
"August 25, 2007",Clay Guida,Marcus Aurelio,win
"July 07, 2007",Kenny Florian,Alvin Robinson,win
"July 07, 2007",Anderson Silva,Nate Marquardt,win
"July 07, 2007",Rashad Evans,Tito Ortiz,draw
"July 07, 2007",Sean Sherk,Hermes Franca,win
"July 07, 2007",Antonio Rodrigo Nogueira,Heath Herring,win
"July 07, 2007",Stephan Bonnar,Mike Nickels,win
"July 07, 2007",Jorge Gurgel,Diego Saraiva,win
"July 07, 2007",Chris Lytle,Jason Gilliam,win
"July 07, 2007",Frankie Edgar,Mark Bocek,win
"June 23, 2007",BJ Penn,Jens Pulver,win
"June 23, 2007",Nate Diaz,Manvel Gamburyan,win
"June 23, 2007",Thales Leites,Floyd Sword,win
"June 23, 2007",Roger Huerta,Doug Evans,win
"June 23, 2007",Joe Lauzon,Brandon Melendez,win
"June 23, 2007",Cole Miller,Andy Wang,win
"June 23, 2007",Gray Maynard,Rob Emerson,nc
"June 23, 2007",Leonard Garcia,Allen Berube,win
"June 23, 2007",Matt Wiman,Brian Geraghty,win
"June 16, 2007",Rich Franklin,Yushin Okami,win
"June 16, 2007",Forrest Griffin,Hector Ramirez,win
"June 16, 2007",Jason MacDonald,Rory Singer,win
"June 16, 2007",Tyson Griffin,Clay Guida,win
"June 16, 2007",Ed Herman,Scott Smith,win
"June 16, 2007",Marcus Davis,Jason Tan,win
"June 16, 2007",Eddie Sanchez,Colin Robinson,win
"June 16, 2007",Dustin Hazelett,Stevie Lynch,win
"June 12, 2007",Spencer Fisher,Sam Stout,win
"June 12, 2007",Jon Fitch,Roan Carneiro,win
"June 12, 2007",Drew McFedries,Jordan Radev,win
"June 12, 2007",Thiago Tavares,Jason Black,win
"June 12, 2007",Forrest Petz,Luigi Fioravanti,win
"June 12, 2007",Tamdan McCrory,Pete Spratt,win
"June 12, 2007",Gleison Tibau,Jeff Cox,win
"June 12, 2007",Anthony Johnson,Chad Reiner,win
"June 12, 2007",Nate Mohr,Luke Caudillo,win
"May 26, 2007",Quinton Jackson,Chuck Liddell,win
"May 26, 2007",Karo Parisyan,Joshua Burkman,win
"May 26, 2007",Terry Martin,Ivan Salaverry,win
"May 26, 2007",Houston Alexander,Keith Jardine,win
"May 26, 2007",Kalib Starnes,Chris Leben,win
"May 26, 2007",Thiago Silva,James Irvin,win
"May 26, 2007",Alan Belcher,Sean Salmon,win
"May 26, 2007",Din Thomas,Jeremy Stephens,win
"May 26, 2007",Wilson Gouveia,Carmelo Marrero,win
"April 21, 2007",Gabriel Gonzaga,Mirko Filipovic,win
"April 21, 2007",Andrei Arlovski,Fabricio Werdum,win
"April 21, 2007",Michael Bisping,Elvis Sinosic,win
"April 21, 2007",Lyoto Machida,David Heath,win
"April 21, 2007",Cheick Kongo,Assuerio Silva,win
"April 21, 2007",Terry Etim,Matt Grice,win
"April 21, 2007",Junior Assuncao,David Lee,win
"April 21, 2007",Alessio Sakara,Victor Valimaki,win
"April 21, 2007",Jess Liaudin,Dennis Siver,win
"April 21, 2007",Paul Taylor,Edilberto de Oliveira,win
"April 07, 2007",Matt Serra,Georges St-Pierre,win
"April 07, 2007",Josh Koscheck,Diego Sanchez,win
"April 07, 2007",Roger Huerta,Leonard Garcia,win
"April 07, 2007",Yushin Okami,Mike Swick,win
"April 07, 2007",Kendall Grove,Alan Belcher,win
"April 07, 2007",Heath Herring,Brad Imes,win
"April 07, 2007",Thales Leites,Pete Sell,win
"April 07, 2007",Marcus Davis,Pete Spratt,win
"April 07, 2007",Luke Cummo,Josh Haynes,win
"April 05, 2007",Joe Stevenson,Melvin Guillard,win
"April 05, 2007",Justin McCully,Antoni Hardonk,win
"April 05, 2007",Kenny Florian,Dokonjonosuke Mishima,win
"April 05, 2007",Wilson Gouveia,Seth Petruzelli,win
"April 05, 2007",Drew Fickett,Keita Nakamura,win
"April 05, 2007",Kurt Pellegrino,Nate Mohr,win
"April 05, 2007",Kuniyoshi Hironaka,Forrest Petz,win
"April 05, 2007",Roan Carneiro,Rich Clementi,win
"April 05, 2007",Thiago Tavares,Naoyuki Kotani,win
"March 03, 2007",Randy Couture,Tim Sylvia,win
"March 03, 2007",Martin Kampmann,Drew McFedries,win
"March 03, 2007",Rich Franklin,Jason MacDonald,win
"March 03, 2007",Matt Hughes,Chris Lytle,win
"March 03, 2007",Jason Lambert,Renato Sobral,win
"March 03, 2007",Matt Hamill,Rex Holman,win
"March 03, 2007",Jon Fitch,Luigi Fioravanti,win
"March 03, 2007",Gleison Tibau,Jason Dent,win
"March 03, 2007",Jamie Varner,Jason Gilliam,win
"February 03, 2007",Anderson Silva,Travis Lutter,win
"February 03, 2007",Mirko Filipovic,Eddie Sanchez,win
"February 03, 2007",Roger Huerta,John Halverson,win
"February 03, 2007",Quinton Jackson,Marvin Eastman,win
"February 03, 2007",Patrick Cote,Scott Smith,win
"February 03, 2007",Terry Martin,Jorge Rivera,win
"February 03, 2007",Frankie Edgar,Tyson Griffin,win
"February 03, 2007",Lyoto Machida,Sam Hoger,win
"February 03, 2007",Dustin Hazelett,Diego Saraiva,win
"January 25, 2007",Rashad Evans,Sean Salmon,win
"January 25, 2007",Jake O'Brien,Heath Herring,win
"January 25, 2007",Hermes Franca,Spencer Fisher,win
"January 25, 2007",Nate Marquardt,Dean Lister,win
"January 25, 2007",Joshua Burkman,Chad Reiner,win
"January 25, 2007",Ed Herman,Chris Price,win
"January 25, 2007",Din Thomas,Clay Guida,win
"January 25, 2007",Rich Clementi,Ross Pointon,win
"December 30, 2006",Chuck Liddell,Tito Ortiz,win
"December 30, 2006",Keith Jardine,Forrest Griffin,win
"December 30, 2006",Jason MacDonald,Chris Leben,win
"December 30, 2006",Andrei Arlovski,Marcio Cruz,win
"December 30, 2006",Michael Bisping,Eric Schafer,win
"December 30, 2006",Thiago Alves,Tony DeSouza,win
"December 30, 2006",Gabriel Gonzaga,Carmelo Marrero,win
"December 30, 2006",Yushin Okami,Rory Singer,win
"December 30, 2006",Christian Wellisch,Anthony Perosh,win
"December 13, 2006",Diego Sanchez,Joe Riggs,win
"December 13, 2006",Josh Koscheck,Jeff Joslin,win
"December 13, 2006",Karo Parisyan,Drew Fickett,win
"December 13, 2006",Marcus Davis,Shonie Carter,win
"December 13, 2006",David Heath,Victor Valimaki,win
"December 13, 2006",Alan Belcher,Jorge Santiago,win
"December 13, 2006",Luigi Fioravanti,Dave Menne,win
"December 13, 2006",Brock Larson,Keita Nakamura,win
"December 13, 2006",Logan Clark,Steve Byrnes,win
"November 18, 2006",Georges St-Pierre,Matt Hughes,win
"November 18, 2006",Tim Sylvia,Jeff Monson,win
"November 18, 2006",Drew McFedries,Alessio Sakara,win
"November 18, 2006",Brandon Vera,Frank Mir,win
"November 18, 2006",Joe Stevenson,Dokonjonosuke Mishima,win
"November 18, 2006",Nick Diaz,Gleison Tibau,win
"November 18, 2006",Antoni Hardonk,Sherman Pendergarst,win
"November 18, 2006",James Irvin,Hector Ramirez,win
"November 18, 2006",Jake O'Brien,Josh Shockman,win
"November 11, 2006",Matt Serra,Chris Lytle,win
"November 11, 2006",Travis Lutter,Patrick Cote,win
"November 11, 2006",Din Thomas,Rich Clementi,win
"November 11, 2006",Jorge Rivera,Edwin DeWees,win
"November 11, 2006",Pete Spratt,Jeremy Jackson,win
"November 11, 2006",Scott Smith,Pete Sell,win
"November 11, 2006",Charles McCarthy,Gideon Ray,win
"November 11, 2006",Martin Kampmann,Thales Leites,win
"October 14, 2006",Anderson Silva,Rich Franklin,win
"October 14, 2006",Sean Sherk,Kenny Florian,win
"October 14, 2006",Jon Fitch,Kuniyoshi Hironaka,win
"October 14, 2006",Carmelo Marrero,Cheick Kongo,win
"October 14, 2006",Spencer Fisher,Dan Lauzon,win
"October 14, 2006",Yushin Okami,Kalib Starnes,win
"October 14, 2006",Clay Guida,Justin James,win
"October 14, 2006",Kurt Pellegrino,Junior Assuncao,win
"October 10, 2006",Tito Ortiz,Ken Shamrock,win
"October 10, 2006",Kendall Grove,Chris Price,win
"October 10, 2006",Jason MacDonald,Ed Herman,win
"October 10, 2006",Matt Hamill,Seth Petruzelli,win
"October 10, 2006",Nate Marquardt,Crafton Wallace,win
"October 10, 2006",Tony DeSouza,Dustin Hazelett,win
"October 10, 2006",Rory Singer,Josh Haynes,win
"October 10, 2006",Thiago Alves,John Alessio,win
"October 10, 2006",Marcus Davis,Forrest Petz,win
"September 23, 2006",Matt Hughes,BJ Penn,win
"September 23, 2006",Mike Swick,David Loiseau,win
"September 23, 2006",Melvin Guillard,Gabe Ruediger,win
"September 23, 2006",Rashad Evans,Jason Lambert,win
"September 23, 2006",Joe Lauzon,Jens Pulver,win
"September 23, 2006",Roger Huerta,Jason Dent,win
"September 23, 2006",Eddie Sanchez,Mario Neto,win
"September 23, 2006",Jorge Gurgel,Danny Abbadi,win
"September 23, 2006",Tyson Griffin,David Lee,win
"August 26, 2006",Chuck Liddell,Renato Sobral,win
"August 26, 2006",Forrest Griffin,Stephan Bonnar,win
"August 26, 2006",Nick Diaz,Josh Neer,win
"August 26, 2006",Cheick Kongo,Christian Wellisch,win
"August 26, 2006",Hermes Franca,Jamie Varner,win
"August 26, 2006",Eric Schafer,Rob MacDonald,win
"August 26, 2006",Wilson Gouveia,Wes Combs,win
"August 26, 2006",David Heath,Cory Walmsley,win
"August 26, 2006",Yushin Okami,Alan Belcher,win
"August 17, 2006",Diego Sanchez,Karo Parisyan,win
"August 17, 2006",Chris Leben,Jorge Santiago,win
"August 17, 2006",Dean Lister,Yuki Sasaki,win
"August 17, 2006",Josh Koscheck,Jonathan Goulet,win
"August 17, 2006",Martin Kampmann,Crafton Wallace,win
"August 17, 2006",Joe Riggs,Jason Von Flue,win
"August 17, 2006",Jake O'Brien,Kristof Midoux,win
"August 17, 2006",Forrest Petz,Sammy Morgan,win
"August 17, 2006",Anthony Torres,Pat Healy,win
"July 08, 2006",Tim Sylvia,Andrei Arlovski,win
"July 08, 2006",Joshua Burkman,Josh Neer,win
"July 08, 2006",Tito Ortiz,Ken Shamrock,win
"July 08, 2006",Frank Mir,Dan Christison,win
"July 08, 2006",Joe Stevenson,Yves Edwards,win
"July 08, 2006",Hermes Franca,Joe Jordan,win
"July 08, 2006",Jeff Monson,Anthony Perosh,win
"July 08, 2006",Cheick Kongo,Gilbert Aldana,win
"July 08, 2006",Drew Fickett,Kurt Pellegrino,win
"June 28, 2006",Jonathan Goulet,Luke Cummo,win
"June 28, 2006",Anderson Silva,Chris Leben,win
"June 28, 2006",Rashad Evans,Stephan Bonnar,win
"June 28, 2006",Mark Hominick,Jorge Gurgel,win
"June 28, 2006",Josh Koscheck,Dave Menne,win
"June 28, 2006",Jason Lambert,Branden Lee Hinkle,win
"June 28, 2006",Jon Fitch,Thiago Alves,win
"June 28, 2006",Rob MacDonald,Kristian Rothaermel,win
"June 28, 2006",Jorge Santiago,Justin Levens,win
"June 24, 2006",Kenny Florian,Sam Stout,win
"June 24, 2006",Michael Bisping,Josh Haynes,win
"June 24, 2006",Kendall Grove,Ed Herman,win
"June 24, 2006",Keith Jardine,Wilson Gouveia,win
"June 24, 2006",Rory Singer,Ross Pointon,win
"June 24, 2006",Kalib Starnes,Danny Abbadi,win
"June 24, 2006",Luigi Fioravanti,Solomon Hutcherson,win
"June 24, 2006",Matt Hamill,Jesse Forbes,win
"June 24, 2006",Mike Nickels,Wes Combs,win
"May 27, 2006",Matt Hughes,Royce Gracie,win
"May 27, 2006",Dean Lister,Alessio Sakara,win
"May 27, 2006",Diego Sanchez,John Alessio,win
"May 27, 2006",Brandon Vera,Assuerio Silva,win
"May 27, 2006",Mike Swick,Joe Riggs,win
"May 27, 2006",Jeremy Horn,Chael Sonnen,win
"May 27, 2006",Spencer Fisher,Matt Wiman,win
"May 27, 2006",Gabriel Gonzaga,Fabiano Scherner,win
"May 27, 2006",Melvin Guillard,Rick Davis,win
"April 15, 2006",Tim Sylvia,Andrei Arlovski,win
"April 15, 2006",Sean Sherk,Nick Diaz,win
"April 15, 2006",Tito Ortiz,Forrest Griffin,win
"April 15, 2006",Evan Tanner,Justin Levens,win
"April 15, 2006",Jeff Monson,Marcio Cruz,win
"April 15, 2006",Karo Parisyan,Nick Thompson,win
"April 15, 2006",David Terrell,Scott Smith,win
"April 15, 2006",Jason Lambert,Terry Martin,win
"April 15, 2006",Thiago Alves,Derrick Noble,win
"April 06, 2006",Stephan Bonnar,Keith Jardine,win
"April 06, 2006",Rashad Evans,Sam Hoger,win
"April 06, 2006",Josh Neer,Joe Stevenson,win
"April 06, 2006",Chris Leben,Luigi Fioravanti,win
"April 06, 2006",Luke Cummo,Jason Von Flue,win
"April 06, 2006",Jon Fitch,Joshua Burkman,win
"April 06, 2006",Dan Christison,Brad Imes,win
"April 06, 2006",Josh Koscheck,Ansar Chalangov,win
"April 06, 2006",Chael Sonnen,Trevor Prangley,win
"March 04, 2006",Rich Franklin,David Loiseau,win
"March 04, 2006",Mike Swick,Steve Vigneault,win
"March 04, 2006",Georges St-Pierre,BJ Penn,win
"March 04, 2006",Nate Marquardt,Joe Doerksen,win
"March 04, 2006",Mark Hominick,Yves Edwards,win
"March 04, 2006",Sam Stout,Spencer Fisher,win
"March 04, 2006",Jason Lambert,Rob MacDonald,win
"March 04, 2006",Tom Murphy,Icho Larenas,win
"February 04, 2006",Chuck Liddell,Randy Couture,win
"February 04, 2006",Brandon Vera,Justin Eilers,win
"February 04, 2006",Marcio Cruz,Frank Mir,win
"February 04, 2006",Renato Sobral,Mike van Arsdale,win
"February 04, 2006",Joe Riggs,Nick Diaz,win
"February 04, 2006",Alessio Sakara,Elvis Sinosic,win
"February 04, 2006",Paul Buentello,Gilbert Aldana,win
"February 04, 2006",Jeff Monson,Branden Lee Hinkle,win
"February 04, 2006",Keith Jardine,Mike Whitehead,win
"January 16, 2006",Tim Sylvia,Assuerio Silva,win
"January 16, 2006",Stephan Bonnar,James Irvin,win
"January 16, 2006",Joshua Burkman,Drew Fickett,win
"January 16, 2006",Chris Leben,Jorge Rivera,win
"January 16, 2006",Josh Neer,Melvin Guillard,win
"January 16, 2006",Duane Ludwig,Jonathan Goulet,win
"January 16, 2006",Spencer Fisher,Aaron Riley,win
"January 16, 2006",Jason Von Flue,Alex Karalexis,win
"November 19, 2005",Rich Franklin,Nate Quarry,win
"November 19, 2005",Gabriel Gonzaga,Kevin Jordan,win
"November 19, 2005",Matt Hughes,Joe Riggs,win
"November 19, 2005",Georges St-Pierre,Sean Sherk,win
"November 19, 2005",Jeremy Horn,Trevor Prangley,win
"November 19, 2005",Sam Hoger,Jeff Newton,win
"November 19, 2005",Thiago Alves,Ansar Chalangov,win
"November 19, 2005",Nick Thompson,Keith Wisniewski,win
"November 05, 2005",Diego Sanchez,Nick Diaz,win
"November 05, 2005",Rashad Evans,Brad Imes,win
"November 05, 2005",Joe Stevenson,Luke Cummo,win
"November 05, 2005",Kenny Florian,Kit Cope,win
"November 05, 2005",Joshua Burkman,Sammy Morgan,win
"November 05, 2005",Melvin Guillard,Marcus Davis,win
"November 05, 2005",Keith Jardine,Kerry Schall,win
"October 07, 2005",Andrei Arlovski,Paul Buentello,win
"October 07, 2005",Branden Lee Hinkle,Sean Gannon,win
"October 07, 2005",Forrest Griffin,Elvis Sinosic,win
"October 07, 2005",Renato Sobral,Chael Sonnen,win
"October 07, 2005",Joe Riggs,Chris Lytle,win
"October 07, 2005",Jorge Rivera,Dennis Hallman,win
"October 07, 2005",Marcio Cruz,Keigo Kunihara,win
"October 07, 2005",Alessio Sakara,Ron Faircloth,nc
"October 03, 2005",David Loiseau,Evan Tanner,win
"October 03, 2005",Chris Leben,Edwin DeWees,win
"October 03, 2005",Brandon Vera,Fabiano Scherner,win
"October 03, 2005",Drew Fickett,Josh Koscheck,win
"October 03, 2005",Spencer Fisher,Thiago Alves,win
"October 03, 2005",Jon Fitch,Brock Larson,win
"October 03, 2005",Jonathan Goulet,Jay Hieron,win
"August 20, 2005",Chuck Liddell,Jeremy Horn,win
"August 20, 2005",Tim Sylvia,Tra Telligman,win
"August 20, 2005",Randy Couture,Mike van Arsdale,win
"August 20, 2005",Diego Sanchez,Brian Gassaway,win
"August 20, 2005",Georges St-Pierre,Frank Trigg,win
"August 20, 2005",Matt Lindland,Joe Doerksen,win
"August 20, 2005",Trevor Prangley,Travis Lutter,win
"August 20, 2005",James Irvin,Terry Martin,win
"August 06, 2005",Nate Marquardt,Ivan Salaverry,win
"August 06, 2005",Chris Leben,Patrick Cote,win
"August 06, 2005",Stephan Bonnar,Sam Hoger,win
"August 06, 2005",Nate Quarry,Pete Sell,win
"August 06, 2005",Josh Koscheck,Pete Spratt,win
"August 06, 2005",Mike Swick,Gideon Ray,win
"August 06, 2005",Kenny Florian,Alex Karalexis,win
"August 06, 2005",Drew Fickett,Josh Neer,win
"June 04, 2005",Andrei Arlovski,Justin Eilers,win
"June 04, 2005",Karo Parisyan,Matt Serra,win
"June 04, 2005",Rich Franklin,Evan Tanner,win
"June 04, 2005",Forrest Griffin,Bill Mahood,win
"June 04, 2005",Paul Buentello,Kevin Jordan,win
"June 04, 2005",Nate Quarry,Shonie Carter,win
"June 04, 2005",David Loiseau,Charles McCarthy,win
"June 04, 2005",Nick Diaz,Koji Oishi,win
"April 16, 2005",Chuck Liddell,Randy Couture,win
"April 16, 2005",Renato Sobral,Travis Wiuff,win
"April 16, 2005",Matt Hughes,Frank Trigg,win
"April 16, 2005",Matt Lindland,Travis Lutter,win
"April 16, 2005",Georges St-Pierre,Jason Miller,win
"April 16, 2005",Ivan Salaverry,Joe Riggs,win
"April 16, 2005",Joe Doerksen,Patrick Cote,win
"April 16, 2005",Mike van Arsdale,John Marsh,win
"April 09, 2005",Rich Franklin,Ken Shamrock,win
"April 09, 2005",Forrest Griffin,Stephan Bonnar,win
"April 09, 2005",Diego Sanchez,Kenny Florian,win
"April 09, 2005",Sam Hoger,Bobby Southworth,win
"April 09, 2005",Chris Leben,Jason Thacker,win
"April 09, 2005",Josh Koscheck,Chris Sanford,win
"April 09, 2005",Nate Quarry,Lodune Sincaid,win
"April 09, 2005",Mike Swick,Alex Schoenauer,win
"April 09, 2005",Alex Karalexis,Josh Rafferty,win
"February 05, 2005",Tito Ortiz,Vitor Belfort,win
"February 05, 2005",Pete Sell,Phil Baroni,win
"February 05, 2005",Andrei Arlovski,Tim Sylvia,win
"February 05, 2005",Evan Tanner,David Terrell,win
"February 05, 2005",Paul Buentello,Justin Eilers,win
"February 05, 2005",Mike Kyle,James Irvin,win
"February 05, 2005",David Loiseau,Gideon Ray,win
"February 05, 2005",Karo Parisyan,Chris Lytle,win
"February 05, 2005",Nick Diaz,Drew Fickett,win
"October 22, 2004",Tito Ortiz,Patrick Cote,win
"October 22, 2004",Rich Franklin,Jorge Rivera,win
"October 22, 2004",Matt Hughes,Georges St-Pierre,win
"October 22, 2004",Frank Trigg,Renato Verissimo,win
"October 22, 2004",Evan Tanner,Robbie Lawler,win
"October 22, 2004",Ivan Salaverry,Tony Fryklund,win
"October 22, 2004",Travis Lutter,Marvin Eastman,win
"August 21, 2004",Randy Couture,Vitor Belfort,win
"August 21, 2004",Joe Riggs,Joe Doerksen,win
"August 21, 2004",Chuck Liddell,Vernon White,win
"August 21, 2004",David Terrell,Matt Lindland,win
"August 21, 2004",Justin Eilers,Mike Kyle,win
"August 21, 2004",Chris Lytle,Ronald Jhun,win
"August 21, 2004",Karo Parisyan,Nick Diaz,win
"August 21, 2004",Yves Edwards,Josh Thomson,win
"June 19, 2004",Ken Shamrock,Kimo Leopoldo,win
"June 19, 2004",Frank Trigg,Dennis Hallman,win
"June 19, 2004",Frank Mir,Tim Sylvia,win
"June 19, 2004",Matt Hughes,Renato Verissimo,win
"June 19, 2004",Evan Tanner,Phil Baroni,win
"June 19, 2004",Matt Serra,Ivan Menjivar,win
"June 19, 2004",Georges St-Pierre,Jay Hieron,win
"June 19, 2004",Trevor Prangley,Curtis Stout,win
"April 02, 2004",Chuck Liddell,Tito Ortiz,win
"April 02, 2004",Chris Lytle,Tiki Ghosn,win
"April 02, 2004",Yves Edwards,Hermes Franca,win
"April 02, 2004",Andrei Arlovski,Wesley Correira,win
"April 02, 2004",Nick Diaz,Robbie Lawler,win
"April 02, 2004",Mike Kyle,Wes Sims,win
"April 02, 2004",Jonathan Wiezorek,Wade Shipp,win
"April 02, 2004",Genki Sudo,Mike Brown,win
"January 31, 2004",Vitor Belfort,Randy Couture,win
"January 31, 2004",Renato Verissimo,Carlos Newton,win
"January 31, 2004",BJ Penn,Matt Hughes,win
"January 31, 2004",Frank Mir,Wes Sims,win
"January 31, 2004",Lee Murray,Jorge Rivera,win
"January 31, 2004",Georges St-Pierre,Karo Parisyan,win
"January 31, 2004",Josh Thomson,Hermes Franca,win
"January 31, 2004",Matt Serra,Jeff Curran,win
"November 21, 2003",Matt Hughes,Frank Trigg,win
"November 21, 2003",Matt Lindland,Falaniko Vitale,win
"November 21, 2003",Wesley Correira,David Abbott,win
"November 21, 2003",Evan Tanner,Phil Baroni,win
"November 21, 2003",Robbie Lawler,Chris Lytle,win
"November 21, 2003",Pedro Rizzo,Ricco Rodriguez,win
"November 21, 2003",Keith Rockel,Chris Liguori,win
"November 21, 2003",Yves Edwards,Nick Agallar,win
"September 26, 2003",Randy Couture,Tito Ortiz,win
"September 26, 2003",Andrei Arlovski,Vladimir Matyushenko,win
"September 26, 2003",Tim Sylvia,Gan McGee,win
"September 26, 2003",Jorge Rivera,David Loiseau,win
"September 26, 2003",Rich Franklin,Edwin DeWees,win
"September 26, 2003",Karo Parisyan,Dave Strasser,win
"September 26, 2003",Josh Thomson,Gerald Strebendt,win
"September 26, 2003",Nick Diaz,Jeremy Jackson,win
"September 26, 2003",Hermes Franca,Caol Uno,win
"June 06, 2003",Randy Couture,Chuck Liddell,win
"June 06, 2003",Kimo Leopoldo,David Abbott,win
"June 06, 2003",Vitor Belfort,Marvin Eastman,win
"June 06, 2003",Vernon White,Ian Freeman,draw
"June 06, 2003",Frank Mir,Wes Sims,win
"June 06, 2003",Yves Edwards,Eddie Ruiz,win
"June 06, 2003",Falaniko Vitale,Matt Lindland,win
"June 06, 2003",Pedro Rizzo,Tra Telligman,win
"April 25, 2003",Matt Hughes,Sean Sherk,win
"April 25, 2003",Pete Spratt,Robbie Lawler,win
"April 25, 2003",Dave Strasser,Romie Aram,win
"April 25, 2003",Wesley Correira,Sean Alvarez,win
"April 25, 2003",Rich Franklin,Evan Tanner,win
"April 25, 2003",Duane Ludwig,Genki Sudo,win
"April 25, 2003",Hermes Franca,Richard Crunkilton,win
"April 25, 2003",David Loiseau,Mark Weir,win
"February 28, 2003",Tim Sylvia,Ricco Rodriguez,win
"February 28, 2003",Frank Mir,David Abbott,win
"February 28, 2003",BJ Penn,Caol Uno,draw
"February 28, 2003",Matt Lindland,Phil Baroni,win
"February 28, 2003",Vladimir Matyushenko,Pedro Rizzo,win
"February 28, 2003",Din Thomas,Matt Serra,win
"February 28, 2003",Gan McGee,Alexandre Dantas,win
"February 28, 2003",Yves Edwards,Rich Clementi,win
"November 22, 2002",Tito Ortiz,Ken Shamrock,win
"November 22, 2002",Chuck Liddell,Renato Sobral,win
"November 22, 2002",Matt Hughes,Gil Castillo,win
"November 22, 2002",Carlos Newton,Pete Spratt,win
"November 22, 2002",Robbie Lawler,Tiki Ghosn,win
"November 22, 2002",Andrei Arlovski,Ian Freeman,win
"November 22, 2002",Vladimir Matyushenko,Travis Wiuff,win
"November 22, 2002",Phillip Miller,Mark Weir,win
"September 27, 2002",Ricco Rodriguez,Randy Couture,win
"September 27, 2002",Tim Sylvia,Wesley Correira,win
"September 27, 2002",BJ Penn,Matt Serra,win
"September 27, 2002",Caol Uno,Din Thomas,win
"September 27, 2002",Gan McGee,Pedro Rizzo,win
"September 27, 2002",Phil Baroni,Dave Menne,win
"September 27, 2002",Matt Lindland,Ivan Salaverry,win
"September 27, 2002",Sean Sherk,Benji Radach,win
"July 13, 2002",Matt Hughes,Carlos Newton,win
"July 13, 2002",Ian Freeman,Frank Mir,win
"July 13, 2002",Mark Weir,Eugene Jackson,win
"July 13, 2002",Genki Sudo,Leigh Remedios,win
"July 13, 2002",Phillip Miller,James Zikic,win
"July 13, 2002",Renato Sobral,Elvis Sinosic,win
"July 13, 2002",Evan Tanner,Chris Haseman,win
"June 22, 2002",Chuck Liddell,Vitor Belfort,win
"June 22, 2002",Benji Radach,Nick Serra,win
"June 22, 2002",Pete Spratt,Zach Light,win
"June 22, 2002",Robbie Lawler,Steve Berger,win
"June 22, 2002",Tony Fryklund,Rodrigo Ruas,win
"June 22, 2002",Yves Edwards,Joao Pierini,win
"May 10, 2002",Murilo Bustamante,Matt Lindland,win
"May 10, 2002",Ricco Rodriguez,Tsuyoshi Kohsaka,win
"May 10, 2002",BJ Penn,Paul Creighton,win
"May 10, 2002",Phil Baroni,Amar Suloev,win
"May 10, 2002",Caol Uno,Yves Edwards,win
"May 10, 2002",Ivan Salaverry,Andrei Semenov,win
"May 10, 2002",Benji Radach,Steve Berger,nc
"May 10, 2002",Robbie Lawler,Aaron Riley,win
"March 22, 2002",Josh Barnett,Randy Couture,win
"March 22, 2002",Pedro Rizzo,Andrei Arlovski,win
"March 22, 2002",Matt Hughes,Hayato Sakurai,win
"March 22, 2002",Matt Lindland,Pat Miletich,win
"March 22, 2002",Evan Tanner,Elvis Sinosic,win
"March 22, 2002",Frank Mir,Pete Williams,win
"March 22, 2002",Matt Serra,Kelly Dullanty,win
"March 22, 2002",Sean Sherk,Jutaro Nakao,win
"January 11, 2002",Jens Pulver,BJ Penn,win
"January 11, 2002",Ricco Rodriguez,Jeff Monson,win
"January 11, 2002",Murilo Bustamante,Dave Menne,win
"January 11, 2002",Chuck Liddell,Amar Suloev,win
"January 11, 2002",Andrei Semenov,Ricardo Almeida,win
"January 11, 2002",Kevin Randleman,Renato Sobral,win
"January 11, 2002",Gil Castillo,Chris Brennan,win
"January 11, 2002",Eugene Jackson,Keith Rockel,win
"November 02, 2001",Randy Couture,Pedro Rizzo,win
"November 02, 2001",Ricco Rodriguez,Pete Williams,win
"November 02, 2001",Matt Hughes,Carlos Newton,win
"November 02, 2001",BJ Penn,Caol Uno,win
"November 02, 2001",Josh Barnett,Bobby Hoffman,win
"November 02, 2001",Evan Tanner,Homer Moore,win
"November 02, 2001",Matt Lindland,Phil Baroni,win
"November 02, 2001",Frank Mir,Roberto Traven,win
"September 28, 2001",Tito Ortiz,Vladimir Matyushenko,win
"September 28, 2001",Jens Pulver,Dennis Hallman,win
"September 28, 2001",Chuck Liddell,Murilo Bustamante,win
"September 28, 2001",Matt Serra,Yves Edwards,win
"September 28, 2001",Dave Menne,Gil Castillo,win
"September 28, 2001",Jutaro Nakao,Tony DeSouza,win
"September 28, 2001",Ricardo Almeida,Eugene Jackson,win
"September 28, 2001",Din Thomas,Fabiano Iha,win
"June 29, 2001",Tito Ortiz,Elvis Sinosic,win
"June 29, 2001",BJ Penn,Din Thomas,win
"June 29, 2001",Josh Barnett,Semmy Schilt,win
"June 29, 2001",Pat Miletich,Shonie Carter,win
"June 29, 2001",Caol Uno,Fabiano Iha,win
"June 29, 2001",Vladimir Matyushenko,Yuki Kondo,win
"June 29, 2001",Ricco Rodriguez,Andrei Arlovski,win
"June 29, 2001",Tony DeSouza,Paul Rodriguez,win
"May 04, 2001",Randy Couture,Pedro Rizzo,win
"May 04, 2001",Carlos Newton,Pat Miletich,win
"May 04, 2001",Chuck Liddell,Kevin Randleman,win
"May 04, 2001",Shonie Carter,Matt Serra,win
"May 04, 2001",Semmy Schilt,Pete Williams,win
"May 04, 2001",Matt Lindland,Ricardo Almeida,win
"May 04, 2001",BJ Penn,Joey Gilbert,win
"May 04, 2001",Tony DeSouza,Steve Berger,win
"February 23, 2001",Tito Ortiz,Evan Tanner,win
"February 23, 2001",Jens Pulver,Caol Uno,win
"February 23, 2001",Fabiano Iha,Phil Johns,win
"February 23, 2001",Elvis Sinosic,Jeremy Horn,win
"February 23, 2001",Pedro Rizzo,Josh Barnett,win
"February 23, 2001",Bobby Hoffman,Mark Robinson,nc
"February 23, 2001",Phil Baroni,Curtis Stout,win
"February 23, 2001",Sean Sherk,Tiki Ghosn,win
"December 16, 2000",Tito Ortiz,Yuki Kondo,win
"December 16, 2000",Pat Miletich,Kenichi Yamamoto,win
"December 16, 2000",Matt Lindland,Yoji Anjo,win
"December 16, 2000",Fabiano Iha,Daiju Takase,win
"December 16, 2000",Evan Tanner,Lance Gibson,win
"December 16, 2000",Dennis Hallman,Matt Hughes,win
"December 16, 2000",Chuck Liddell,Jeff Monson,win
"November 17, 2000",Randy Couture,Kevin Randleman,win
"November 17, 2000",Renato Sobral,Maurice Smith,win
"November 17, 2000",Josh Barnett,Gan McGee,win
"November 17, 2000",Andrei Arlovski,Aaron Brink,win
"November 17, 2000",Jens Pulver,John Lewis,win
"November 17, 2000",Mark Hughes,Alex Stiebling,win
"November 17, 2000",Ben Earwood,Chris Lytle,win
"September 22, 2000",Pedro Rizzo,Dan Severn,win
"September 22, 2000",Maurice Smith,Bobby Hoffman,win
"September 22, 2000",Jeremy Horn,Eugene Jackson,win
"September 22, 2000",Fabiano Iha,Laverne Clark,win
"September 22, 2000",Yuki Kondo,Alexandre Dantas,win
"September 22, 2000",Ian Freeman,Tedd Williams,win
"September 22, 2000",Jeff Monson,Tim Lajcik,win
"September 22, 2000",Brad Gumm,CJ Fernandes,draw
"June 09, 2000",Kevin Randleman,Pedro Rizzo,win
"June 09, 2000",Tyrone Roberts,David Dodd,win
"June 09, 2000",Pat Miletich,John Alessio,win
"June 09, 2000",Amaury Bitetti,Alex Andrade,win
"June 09, 2000",Matt Hughes,Marcelo Aguiar,win
"June 09, 2000",Jens Pulver,Joao Roque,win
"June 09, 2000",Ian Freeman,Nate Schroeder,win
"June 09, 2000",Shonie Carter,Adrian Serrano,win
"April 14, 2000",Tito Ortiz,Wanderlei Silva,win
"April 14, 2000",Murilo Bustamante,Yoji Anjo,win
"April 14, 2000",Sanae Kikuta,Eugene Jackson,win
"April 14, 2000",Ron Waterman,Satoshi Honma,win
"April 14, 2000",Ikuhisa Minowa,Joe Slick,win
"April 14, 2000",Laverne Clark,Koji Oishi,win
"March 10, 2000",Tedd Williams,Steve Judson,win
"March 10, 2000",Lance Gibson,Jermaine Andre,win
"March 10, 2000",Dave Menne,Fabiano Iha,win
"March 10, 2000",Bob Cook,Tiki Ghosn,win
"March 10, 2000",Jens Pulver,David Velasquez,win
"March 10, 2000",Scott Adams,Ian Freeman,win
"March 10, 2000",Shonie Carter,Brad Gumm,win
"November 19, 1999",Kevin Randleman,Pete Williams,win
"November 19, 1999",Pedro Rizzo,Tsuyoshi Kohsaka,win
"November 19, 1999",Kenichi Yamamoto,Katsuhisa Fujii,win
"November 19, 1999",Joe Slick,Jason DeLucia,win
"November 19, 1999",Eugene Jackson,Keiichiro Yamamiya,win
"November 19, 1999",Kenichi Yamamoto,Daiju Takase,win
"November 19, 1999",Katsuhisa Fujii,Masutatsu Yano,win
"September 24, 1999",Frank Shamrock,Tito Ortiz,win
"September 24, 1999",Tim Lajcik,Ron Waterman,draw
"September 24, 1999",Jeremy Horn,Jason Godsey,win
"September 24, 1999",Brad Kohler,Steve Judson,win
"September 24, 1999",Chuck Liddell,Paul Jones,win
"September 24, 1999",Matt Hughes,Valeri Ignatov,win
"September 24, 1999",John Lewis,Lowell Anderson,win
"September 24, 1999",Jens Pulver,Alfonso Alcarez,draw
"July 16, 1999",Maurice Smith,Marco Ruas,win
"July 16, 1999",Pat Miletich,Andre Pederneiras,win
"July 16, 1999",Jeremy Horn,Daiju Takase,win
"July 16, 1999",Paul Jones,Flavio Luiz Moura,win
"July 16, 1999",Tsuyoshi Kohsaka,Tim Lajcik,win
"July 16, 1999",Eugene Jackson,Royce Alger,win
"July 16, 1999",Andre Roberts,Ron Waterman,win
"July 16, 1999",Travis Fulton,David Dodd,win
"May 07, 1999",Bas Rutten,Kevin Randleman,win
"May 07, 1999",Pedro Rizzo,Tra Telligman,win
"May 07, 1999",Pete Williams,Travis Fulton,win
"May 07, 1999",Wanderlei Silva,Tony Petarra,win
"May 07, 1999",Marcelo Mello,David Roberts,win
"May 07, 1999",Laverne Clark,Fabiano Iha,win
"May 07, 1999",Ron Waterman,Chris Condo,win
"March 05, 1999",Tito Ortiz,Guy Mezger,win
"March 05, 1999",Gary Goodridge,Andre Roberts,win
"March 05, 1999",Jeremy Horn,Chuck Liddell,win
"March 05, 1999",Kevin Randleman,Maurice Smith,win
"March 05, 1999",Evan Tanner,Valeri Ignatov,win
"March 05, 1999",Pete Williams,Jason Godsey,win
"March 05, 1999",Sione Latu,Joey Roberts,win
"January 08, 1999",Bas Rutten,Tsuyoshi Kohsaka,win
"January 08, 1999",Pat Miletich,Jorge Patino,win
"January 08, 1999",Pedro Rizzo,Mark Coleman,win
"January 08, 1999",Tito Ortiz,Jerry Bohlander,win
"January 08, 1999",Mikey Burnett,Townsend Saunders,win
"January 08, 1999",Evan Tanner,Darrel Gholar,win
"January 08, 1999",Laverne Clark,Frank Caracci,win
"October 16, 1998",Frank Shamrock,John Lober,win
"October 16, 1998",Vitor Belfort,Wanderlei Silva,win
"October 16, 1998",Pedro Rizzo,David Abbott,win
"October 16, 1998",Pat Miletich,Mikey Burnett,win
"October 16, 1998",Tsuyoshi Kohsaka,Pete Williams,win
"October 16, 1998",Ebenezer Fontes Braga,Jeremy Horn,win
"October 16, 1998",Tulio Palhares,Adriano Santos,win
"October 16, 1998",Cesar Marscucci,Paulo Santos,win
"May 15, 1998",Frank Shamrock,Jeremy Horn,win
"May 15, 1998",Pete Williams,Mark Coleman,win
"May 15, 1998",Dan Henderson,Carlos Newton,win
"May 15, 1998",David Abbott,Hugo Duarte,win
"May 15, 1998",Mike van Arsdale,Joe Pardo,win
"May 15, 1998",Carlos Newton,Bob Gilstrap,win
"May 15, 1998",Dan Henderson,Allan Goes,win
"May 15, 1998",Andre Roberts,Harry Moskowitz,win
"May 15, 1998",Chuck Liddell,Noe Hernandez,win
"March 13, 1998",Frank Shamrock,Igor Zinoviev,win
"March 13, 1998",Tsuyoshi Kohsaka,Kimo Leopoldo,win
"March 13, 1998",Pat Miletich,Chris Brennan,win
"March 13, 1998",Jerry Bohlander,Kevin Jackson,win
"March 13, 1998",Pat Miletich,Townsend Saunders,win
"March 13, 1998",Mikey Burnett,Eugenio Tadeu,win
"March 13, 1998",Chris Brennan,Courtney Turner,win
"March 13, 1998",Laverne Clark,Josh Stuart,win
"December 21, 1997",Randy Couture,Maurice Smith,win
"December 21, 1997",Kazushi Sakuraba,Marcus Silveira,win
"December 21, 1997",Vitor Belfort,Joe Charles,win
"December 21, 1997",Frank Shamrock,Kevin Jackson,win
"December 21, 1997",Kazushi Sakuraba,Marcus Silveira,nc
"December 21, 1997",David Abbott,Yoji Anjo,win
"December 21, 1997",Tra Telligman,Brad Kohler,win
"October 17, 1997",Maurice Smith,David Abbott,win
"October 17, 1997",Mark Kerr,Dwayne Cason,win
"October 17, 1997",Randy Couture,Vitor Belfort,win
"October 17, 1997",Dave Beneteau,Carlos Barreto,win
"October 17, 1997",Mark Kerr,Greg Stott,win
"October 17, 1997",Dwayne Cason,Houston Dorr,win
"October 17, 1997",Alex Hunter,Harry Moskowitz,win
"July 27, 1997",Maurice Smith,Mark Coleman,win
"July 27, 1997",Mark Kerr,Dan Bobish,win
"July 27, 1997",Kevin Jackson,Tony Fryklund,win
"July 27, 1997",Dan Bobish,Brian Johnston,win
"July 27, 1997",Mark Kerr,Moti Horenstein,win
"July 27, 1997",Kevin Jackson,Todd Butler,win
"July 27, 1997",Joe Moreira,Yuri Vaulin,win
"July 27, 1997",Alex Hunter,Sam Fulton,win
"July 27, 1997",Tony Fryklund,Donnie Chappell,win
"May 30, 1997",Vitor Belfort,David Abbott,win
"May 30, 1997",Randy Couture,Steven Graham,win
"May 30, 1997",Guy Mezger,Tito Ortiz,win
"May 30, 1997",Randy Couture,Tony Halme,win
"May 30, 1997",Steven Graham,Dmitri Stepanov,win
"May 30, 1997",Enson Inoue,Royce Alger,win
"May 30, 1997",Guy Mezger,Christophe Leninger,win
"May 30, 1997",Jack Nilson,Saeed Hosseini,win
"May 30, 1997",Tito Ortiz,Wes Albritton,win
"February 07, 1997",Mark Coleman,Dan Severn,win
"February 07, 1997",Vitor Belfort,Scott Ferrozzo,win
"February 07, 1997",Jerry Bohlander,Nick Sanzo,win
"February 07, 1997",Vitor Belfort,Tra Telligman,win
"February 07, 1997",Scott Ferrozzo,Jim Mullen,win
"February 07, 1997",Yoshiki Takahashi,Wallid Ismail,win
"February 07, 1997",Jerry Bohlander,Rainy Martinez,win
"February 07, 1997",Justin Martin,Eric Martin,win
"February 07, 1997",Nick Sanzo,Jackie Lee,win
"December 07, 1996",Don Frye,David Abbott,win
"December 07, 1996",David Abbott,Steve Nelmark,win
"December 07, 1996",Don Frye,Mark Hall,win
"December 07, 1996",Ken Shamrock,Brian Johnston,win
"December 07, 1996",Kimo Leopoldo,Paul Varelans,win
"December 07, 1996",David Abbott,Cal Worsham,win
"December 07, 1996",Don Frye,Gary Goodridge,win
"December 07, 1996",Tai Bowden,Jack Nilson,win
"December 07, 1996",Steve Nelmark,Marcus Bossett,win
"December 07, 1996",Mark Hall,Felix Lee Mitchell,win
"September 20, 1996",Scott Ferrozzo,David Abbott,win
"September 20, 1996",Mark Coleman,Brian Johnston,win
"September 20, 1996",Jerry Bohlander,Fabio Gurgel,win
"September 20, 1996",David Abbott,Sam Adkins,win
"September 20, 1996",Brian Johnston,Reza Nasri,win
"September 20, 1996",Mark Coleman,Julian Sanchez,win
"September 20, 1996",Roberto Traven,Dave Berry,win
"September 20, 1996",Scott Ferrozzo,Sam Fulton,win
"July 12, 1996",Mark Coleman,Don Frye,win
"July 12, 1996",Mark Coleman,Gary Goodridge,win
"July 12, 1996",Don Frye,Brian Johnston,win
"July 12, 1996",Gary Goodridge,John Campetella,win
"July 12, 1996",Mark Coleman,Moti Horenstein,win
"July 12, 1996",Brian Johnston,Scott Fiedler,win
"July 12, 1996",Don Frye,Mark Hall,win
"July 12, 1996",Sam Adkins,Felix Lee Mitchell,win
"July 12, 1996",Geza Kalman,Dieusel Berto,win
"May 17, 1996",Dan Severn,Ken Shamrock,win
"May 17, 1996",Don Frye,Amaury Bitetti,win
"May 17, 1996",Mark Hall,Koji Kitao,win
"May 17, 1996",Mark Schultz,Gary Goodridge,win
"May 17, 1996",Rafael Carino,Matt Andersen,win
"May 17, 1996",Cal Worsham,Zane Frazier,win
"May 17, 1996",Steve Nelmark,Tai Bowden,win
"February 16, 1996",Don Frye,Gary Goodridge,win
"February 16, 1996",Ken Shamrock,Kimo Leopoldo,win
"February 16, 1996",Gary Goodridge,Jerry Bohlander,win
"February 16, 1996",Don Frye,Sam Adkins,win
"February 16, 1996",Gary Goodridge,Paul Herrera,win
"February 16, 1996",Jerry Bohlander,Scott Ferrozzo,win
"February 16, 1996",Paul Varelans,Joe Moreira,win
"February 16, 1996",Don Frye,Thomas Ramirez,win
"February 16, 1996",Sam Adkins,Keith Mielke,win
"December 16, 1995",Dan Severn,Oleg Taktarov,win
"December 16, 1995",Oleg Taktarov,Marco Ruas,win
"December 16, 1995",Dan Severn,David Abbott,win
"December 16, 1995",Oleg Taktarov,Dave Beneteau,win
"December 16, 1995",Marco Ruas,Keith Hackney,win
"December 16, 1995",Dan Severn,Paul Varelans,win
"December 16, 1995",David Abbott,Steve Jennum,win
"December 16, 1995",Mark Hall,Trent Jenkins,win
"December 16, 1995",Joe Charles,Scott Bessac,win
"September 08, 1995",Marco Ruas,Paul Varelans,win
"September 08, 1995",Ken Shamrock,Oleg Taktarov,draw
"September 08, 1995",Marco Ruas,Remco Pardoel,win
"September 08, 1995",Paul Varelans,Mark Hall,win
"September 08, 1995",Marco Ruas,Larry Cureton,win
"September 08, 1995",Remco Pardoel,Ryan Parker,win
"September 08, 1995",Mark Hall,Harold Howard,win
"September 08, 1995",Paul Varelans,Gerry Harris,win
"September 08, 1995",Scott Bessac,David Hood,win
"September 08, 1995",Onassis Parungao,Francesco Maturi,win
"September 08, 1995",Joel Sutton,Geza Kalman,win
"July 14, 1995",Oleg Taktarov,David Abbott,win
"July 14, 1995",Ken Shamrock,Dan Severn,win
"July 14, 1995",Oleg Taktarov,Anthony Macias,win
"July 14, 1995",David Abbott,Paul Varelans,win
"July 14, 1995",Oleg Taktarov,Dave Beneteau,win
"July 14, 1995",Patrick Smith,Rudyard Moncayo,win
"July 14, 1995",Paul Varelans,Cal Worsham,win
"July 14, 1995",David Abbott,John Matua,win
"July 14, 1995",Anthony Macias,He-Man Gipson,win
"July 14, 1995",Joel Sutton,Jack McGlaughlin,win
"April 07, 1995",Dan Severn,Dave Beneteau,win
"April 07, 1995",Ken Shamrock,Royce Gracie,draw
"April 07, 1995",Dan Severn,Oleg Taktarov,win
"April 07, 1995",Dave Beneteau,Todd Medina,win
"April 07, 1995",Dan Severn,Joe Charles,win
"April 07, 1995",Oleg Taktarov,Ernie Verdicia,win
"April 07, 1995",Todd Medina,Larry Cureton,win
"April 07, 1995",Jon Hess,Andy Anderson,win
"April 07, 1995",Guy Mezger,John Dowdy,win
"April 07, 1995",Dave Beneteau,Asbel Cancio,win
"December 16, 1994",Royce Gracie,Dan Severn,win
"December 16, 1994",Dan Severn,Marcus Bossett,win
"December 16, 1994",Royce Gracie,Keith Hackney,win
"December 16, 1994",Dan Severn,Anthony Macias,win
"December 16, 1994",Steve Jennum,Melton Bowen,win
"December 16, 1994",Keith Hackney,Joe Son,win
"December 16, 1994",Royce Gracie,Ron van Clief,win
"December 16, 1994",Guy Mezger,Jason Fairn,win
"December 16, 1994",Marcus Bossett,Eldo Xavier Dias,win
"December 16, 1994",Joe Charles,Kevin Rosier,win
"September 09, 1994",Steve Jennum,Harold Howard,win
"September 09, 1994",Ken Shamrock,Felix Lee Mitchell,win
"September 09, 1994",Royce Gracie,Kimo Leopoldo,win
"September 09, 1994",Harold Howard,Roland Payne,win
"September 09, 1994",Ken Shamrock,Christophe Leninger,win
"September 09, 1994",Keith Hackney,Emmanuel Yarborough,win
"March 11, 1994",Royce Gracie,Patrick Smith,win
"March 11, 1994",Royce Gracie,Remco Pardoel,win
"March 11, 1994",Patrick Smith,Johnny Rhodes,win
"March 11, 1994",Royce Gracie,Jason DeLucia,win
"March 11, 1994",Remco Pardoel,Orlando Wiet,win
"March 11, 1994",Johnny Rhodes,Fred Ettish,win
"March 11, 1994",Patrick Smith,Scott Morris,win
"March 11, 1994",Royce Gracie,Minoki Ichihara,win
"March 11, 1994",Jason DeLucia,Scott Baker,win
"March 11, 1994",Remco Pardoel,Alberta Cerra Leon,win
"March 11, 1994",Orlando Wiet,Robert Lucarelli,win
"March 11, 1994",Frank Hamaker,Thaddeus Luster,win
"March 11, 1994",Johnny Rhodes,David Levicki,win
"March 11, 1994",Patrick Smith,Ray Wizard,win
"March 11, 1994",Scott Morris,Sean Daugherty,win
dleman,Pete Williams,win
"November 19, 1999",Pedro Rizzo,Tsuyoshi Kohsaka,win
"November 19, 1999",Kenichi Yamamoto,Katsuhisa Fujii,win
"November 19, 1999",Joe Slick,Jason DeLucia,win
"November 19, 1999",Eugene Jackson,Keiichiro Yamamiya,win
"November 19, 1999",Kenichi Yamamoto,Daiju Takase,win
"November 19, 1999",Katsuhisa Fujii,Masutatsu Yano,win
"September 24, 1999",Frank Shamrock,Tito Ortiz,win
"September 24, 1999",Tim Lajcik,Ron Waterman,draw
"September 24, 1999",Jeremy Horn,Jason Godsey,win
"September 24, 1999",Brad Kohler,Steve Judson,win
"September 24, 1999",Chuck Liddell,Paul Jones,win
"September 24, 1999",Matt Hughes,Valeri Ignatov,win
"September 24, 1999",John Lewis,Lowell Anderson,win
"September 24, 1999",Jens Pulver,Alfonso Alcarez,draw
"September 24, 1999",Frank Shamrock,Tito Ortiz,win
"September 24, 1999",Tim Lajcik,Ron Waterman,draw
"September 24, 1999",Jeremy Horn,Jason Godsey,win
"September 24, 1999",Brad Kohler,Steve Judson,win
"September 24, 1999",Chuck Liddell,Paul Jones,win
"September 24, 1999",Matt Hughes,Valeri Ignatov,win
"September 24, 1999",John Lewis,Lowell Anderson,win
"September 24, 1999",Jens Pulver,Alfonso Alcarez,draw
"July 16, 1999",Maurice Smith,Marco Ruas,win
"July 16, 1999",Pat Miletich,Andre Pederneiras,win
"July 16, 1999",Jeremy Horn,Daiju Takase,win
"July 16, 1999",Paul Jones,Flavio Luiz Moura,win
"July 16, 1999",Tsuyoshi Kohsaka,Tim Lajcik,win
"July 16, 1999",Eugene Jackson,Royce Alger,win
"July 16, 1999",Andre Roberts,Ron Waterman,win
"July 16, 1999",Travis Fulton,David Dodd,win
"July 16, 1999",Maurice Smith,Marco Ruas,win
"July 16, 1999",Pat Miletich,Andre Pederneiras,win
"July 16, 1999",Jeremy Horn,Daiju Takase,win
"July 16, 1999",Paul Jones,Flavio Luiz Moura,win
"July 16, 1999",Tsuyoshi Kohsaka,Tim Lajcik,win
"July 16, 1999",Eugene Jackson,Royce Alger,win
"July 16, 1999",Andre Roberts,Ron Waterman,win
"July 16, 1999",Travis Fulton,David Dodd,win
"May 07, 1999",Bas Rutten,Kevin Randleman,win
"May 07, 1999",Pedro Rizzo,Tra Telligman,win
"May 07, 1999",Pete Williams,Travis Fulton,win
"May 07, 1999",Wanderlei Silva,Tony Petarra,win
"May 07, 1999",Marcelo Mello,David Roberts,win
"May 07, 1999",Laverne Clark,Fabiano Iha,win
"May 07, 1999",Ron Waterman,Chris Condo,win
"May 07, 1999",Bas Rutten,Kevin Randleman,win
"May 07, 1999",Pedro Rizzo,Tra Telligman,win
"May 07, 1999",Pete Williams,Travis Fulton,win
"May 07, 1999",Wanderlei Silva,Tony Petarra,win
"May 07, 1999",Marcelo Mello,David Roberts,win
"May 07, 1999",Laverne Clark,Fabiano Iha,win
"May 07, 1999",Ron Waterman,Chris Condo,win
"March 05, 1999",Tito Ortiz,Guy Mezger,win
"March 05, 1999",Gary Goodridge,Andre Roberts,win
"March 05, 1999",Jeremy Horn,Chuck Liddell,win
"March 05, 1999",Kevin Randleman,Maurice Smith,win
"March 05, 1999",Evan Tanner,Valeri Ignatov,win
"March 05, 1999",Pete Williams,Jason Godsey,win
"March 05, 1999",Sione Latu,Joey Roberts,win
"March 05, 1999",Tito Ortiz,Guy Mezger,win
"March 05, 1999",Gary Goodridge,Andre Roberts,win
"March 05, 1999",Jeremy Horn,Chuck Liddell,win
"March 05, 1999",Kevin Randleman,Maurice Smith,win
"March 05, 1999",Evan Tanner,Valeri Ignatov,win
"March 05, 1999",Pete Williams,Jason Godsey,win
"March 05, 1999",Sione Latu,Joey Roberts,win
"January 08, 1999",Bas Rutten,Tsuyoshi Kohsaka,win
"January 08, 1999",Pat Miletich,Jorge Patino,win
"January 08, 1999",Pedro Rizzo,Mark Coleman,win
"January 08, 1999",Tito Ortiz,Jerry Bohlander,win
"January 08, 1999",Mikey Burnett,Townsend Saunders,win
"January 08, 1999",Evan Tanner,Darrel Gholar,win
"January 08, 1999",Laverne Clark,Frank Caracci,win
"January 08, 1999",Bas Rutten,Tsuyoshi Kohsaka,win
"January 08, 1999",Pat Miletich,Jorge Patino,win
"January 08, 1999",Pedro Rizzo,Mark Coleman,win
"January 08, 1999",Tito Ortiz,Jerry Bohlander,win
"January 08, 1999",Mikey Burnett,Townsend Saunders,win
"January 08, 1999",Evan Tanner,Darrel Gholar,win
"January 08, 1999",Laverne Clark,Frank Caracci,win
"October 16, 1998",Frank Shamrock,John Lober,win
"October 16, 1998",Vitor Belfort,Wanderlei Silva,win
"October 16, 1998",Pedro Rizzo,David Abbott,win
"October 16, 1998",Pat Miletich,Mikey Burnett,win
"October 16, 1998",Tsuyoshi Kohsaka,Pete Williams,win
"October 16, 1998",Ebenezer Fontes Braga,Jeremy Horn,win
"October 16, 1998",Tulio Palhares,Adriano Santos,win
"October 16, 1998",Cesar Marscucci,Paulo Santos,win
"October 16, 1998",Frank Shamrock,John Lober,win
"October 16, 1998",Vitor Belfort,Wanderlei Silva,win
"October 16, 1998",Pedro Rizzo,David Abbott,win
"October 16, 1998",Pat Miletich,Mikey Burnett,win
"October 16, 1998",Tsuyoshi Kohsaka,Pete Williams,win
"October 16, 1998",Ebenezer Fontes Braga,Jeremy Horn,win
"October 16, 1998",Tulio Palhares,Adriano Santos,win
"October 16, 1998",Cesar Marscucci,Paulo Santos,win
"May 15, 1998",Frank Shamrock,Jeremy Horn,win
"May 15, 1998",Pete Williams,Mark Coleman,win
"May 15, 1998",Dan Henderson,Carlos Newton,win
"May 15, 1998",David Abbott,Hugo Duarte,win
"May 15, 1998",Mike van Arsdale,Joe Pardo,win
"May 15, 1998",Carlos Newton,Bob Gilstrap,win
"May 15, 1998",Dan Henderson,Allan Goes,win
"May 15, 1998",Andre Roberts,Harry Moskowitz,win
"May 15, 1998",Chuck Liddell,Noe Hernandez,win
"May 15, 1998",Frank Shamrock,Jeremy Horn,win
"May 15, 1998",Pete Williams,Mark Coleman,win
"May 15, 1998",Dan Henderson,Carlos Newton,win
"May 15, 1998",David Abbott,Hugo Duarte,win
"May 15, 1998",Mike van Arsdale,Joe Pardo,win
"May 15, 1998",Carlos Newton,Bob Gilstrap,win
"May 15, 1998",Dan Henderson,Allan Goes,win
"May 15, 1998",Andre Roberts,Harry Moskowitz,win
"May 15, 1998",Chuck Liddell,Noe Hernandez,win
"March 13, 1998",Frank Shamrock,Igor Zinoviev,win
"March 13, 1998",Tsuyoshi Kohsaka,Kimo Leopoldo,win
"March 13, 1998",Pat Miletich,Chris Brennan,win
"March 13, 1998",Jerry Bohlander,Kevin Jackson,win
"March 13, 1998",Pat Miletich,Townsend Saunders,win
"March 13, 1998",Mikey Burnett,Eugenio Tadeu,win
"March 13, 1998",Chris Brennan,Courtney Turner,win
"March 13, 1998",Frank Shamrock,Igor Zinoviev,win
"March 13, 1998",Laverne Clark,Josh Stuart,win
"March 13, 1998",Tsuyoshi Kohsaka,Kimo Leopoldo,win
"March 13, 1998",Pat Miletich,Chris Brennan,win
"March 13, 1998",Jerry Bohlander,Kevin Jackson,win
"March 13, 1998",Pat Miletich,Townsend Saunders,win
"March 13, 1998",Mikey Burnett,Eugenio Tadeu,win
"March 13, 1998",Chris Brennan,Courtney Turner,win
"March 13, 1998",Laverne Clark,Josh Stuart,win
"December 21, 1997",Randy Couture,Maurice Smith,win
"December 21, 1997",Kazushi Sakuraba,Marcus Silveira,win
"December 21, 1997",Vitor Belfort,Joe Charles,win
"December 21, 1997",Frank Shamrock,Kevin Jackson,win
"December 21, 1997",David Abbott,Yoji Anjo,win
"December 21, 1997",Tra Telligman,Brad Kohler,win
"December 21, 1997",Randy Couture,Maurice Smith,win
"December 21, 1997",Kazushi Sakuraba,Marcus Silveira,win
"December 21, 1997",Vitor Belfort,Joe Charles,win
"December 21, 1997",Frank Shamrock,Kevin Jackson,win
"December 21, 1997",David Abbott,Yoji Anjo,win
"December 21, 1997",Tra Telligman,Brad Kohler,win
"October 17, 1997",Maurice Smith,David Abbott,win
"October 17, 1997",Mark Kerr,Dwayne Cason,win
"October 17, 1997",Randy Couture,Vitor Belfort,win
"October 17, 1997",Dave Beneteau,Carlos Barreto,win
"October 17, 1997",Mark Kerr,Greg Stott,win
"October 17, 1997",Dwayne Cason,Houston Dorr,win
"October 17, 1997",Alex Hunter,Harry Moskowitz,win
"October 17, 1997",Maurice Smith,David Abbott,win
"October 17, 1997",Mark Kerr,Dwayne Cason,win
"October 17, 1997",Randy Couture,Vitor Belfort,win
"October 17, 1997",Dave Beneteau,Carlos Barreto,win
"October 17, 1997",Mark Kerr,Greg Stott,win
"October 17, 1997",Dwayne Cason,Houston Dorr,win
"October 17, 1997",Alex Hunter,Harry Moskowitz,win
"July 27, 1997",Maurice Smith,Mark Coleman,win
"July 27, 1997",Mark Kerr,Dan Bobish,win
"July 27, 1997",Kevin Jackson,Tony Fryklund,win
"July 27, 1997",Dan Bobish,Brian Johnston,win
"July 27, 1997",Mark Kerr,Moti Horenstein,win
"July 27, 1997",Kevin Jackson,Todd Butler,win
"July 27, 1997",Joe Moreira,Yuri Vaulin,win
"July 27, 1997",Alex Hunter,Sam Fulton,win
"July 27, 1997",Tony Fryklund,Donnie Chappell,win
"July 27, 1997",Maurice Smith,Mark Coleman,win
"July 27, 1997",Mark Kerr,Dan Bobish,win
"July 27, 1997",Kevin Jackson,Tony Fryklund,win
"July 27, 1997",Dan Bobish,Brian Johnston,win
"July 27, 1997",Mark Kerr,Moti Horenstein,win
"July 27, 1997",Kevin Jackson,Todd Butler,win
"July 27, 1997",Joe Moreira,Yuri Vaulin,win
"July 27, 1997",Alex Hunter,Sam Fulton,win
"July 27, 1997",Tony Fryklund,Donnie Chappell,win
"May 30, 1997",Vitor Belfort,David Abbott,win
"May 30, 1997",Randy Couture,Steven Graham,win
"May 30, 1997",Guy Mezger,Tito Ortiz,win
"May 30, 1997",Randy Couture,Tony Halme,win
"May 30, 1997",Steven Graham,Dmitri Stepanov,win
"May 30, 1997",Enson Inoue,Royce Alger,win
"May 30, 1997",Guy Mezger,Christophe Leninger,win
"May 30, 1997",Jack Nilson,Saeed Hosseini,win
"May 30, 1997",Tito Ortiz,Wes Albritton,win
"May 30, 1997",Vitor Belfort,David Abbott,win
"May 30, 1997",Randy Couture,Steven Graham,win
"May 30, 1997",Guy Mezger,Tito Ortiz,win
"May 30, 1997",Randy Couture,Tony Halme,win
"May 30, 1997",Steven Graham,Dmitri Stepanov,win
"May 30, 1997",Enson Inoue,Royce Alger,win
"May 30, 1997",Guy Mezger,Christophe Leninger,win
"May 30, 1997",Jack Nilson,Saeed Hosseini,win
"May 30, 1997",Tito Ortiz,Wes Albritton,win
"February 07, 1997",Mark Coleman,Dan Severn,win
"February 07, 1997",Vitor Belfort,Scott Ferrozzo,win
"February 07, 1997",Jerry Bohlander,Nick Sanzo,win
"February 07, 1997",Vitor Belfort,Tra Telligman,win
"February 07, 1997",Scott Ferrozzo,Jim Mullen,win
"February 07, 1997",Yoshiki Takahashi,Wallid Ismail,win
"February 07, 1997",Jerry Bohlander,Rainy Martinez,win
"February 07, 1997",Justin Martin,Eric Martin,win
"February 07, 1997",Mark Coleman,Dan Severn,win
"February 07, 1997",Nick Sanzo,Jackie Lee,win
"February 07, 1997",Vitor Belfort,Scott Ferrozzo,win
"February 07, 1997",Jerry Bohlander,Nick Sanzo,win
"February 07, 1997",Vitor Belfort,Tra Telligman,win
"February 07, 1997",Scott Ferrozzo,Jim Mullen,win
"February 07, 1997",Yoshiki Takahashi,Wallid Ismail,win
"February 07, 1997",Jerry Bohlander,Rainy Martinez,win
"February 07, 1997",Justin Martin,Eric Martin,win
"February 07, 1997",Nick Sanzo,Jackie Lee,win
"December 07, 1996",Don Frye,David Abbott,win
"December 07, 1996",David Abbott,Steve Nelmark,win
"December 07, 1996",Don Frye,Mark Hall,win
"December 07, 1996",Ken Shamrock,Brian Johnston,win
"December 07, 1996",Kimo Leopoldo,Paul Varelans,win
"December 07, 1996",David Abbott,Cal Worsham,win
"December 07, 1996",Don Frye,Gary Goodridge,win
"December 07, 1996",Tai Bowden,Jack Nilson,win
"December 07, 1996",Steve Nelmark,Marcus Bossett,win
"December 07, 1996",Mark Hall,Felix Lee Mitchell,win
"December 07, 1996",Don Frye,David Abbott,win
"December 07, 1996",David Abbott,Steve Nelmark,win
"December 07, 1996",Don Frye,Mark Hall,win
"December 07, 1996",Ken Shamrock,Brian Johnston,win
"December 07, 1996",Kimo Leopoldo,Paul Varelans,win
"December 07, 1996",David Abbott,Cal Worsham,win
"December 07, 1996",Don Frye,Gary Goodridge,win
"December 07, 1996",Tai Bowden,Jack Nilson,win
"December 07, 1996",Steve Nelmark,Marcus Bossett,win
"December 07, 1996",Mark Hall,Felix Lee Mitchell,win
"September 20, 1996",Scott Ferrozzo,David Abbott,win
"September 20, 1996",Mark Coleman,Brian Johnston,win
"September 20, 1996",Jerry Bohlander,Fabio Gurgel,win
"September 20, 1996",David Abbott,Sam Adkins,win
"September 20, 1996",Brian Johnston,Reza Nasri,win
"September 20, 1996",Mark Coleman,Julian Sanchez,win
"September 20, 1996",Roberto Traven,Dave Berry,win
"September 20, 1996",Scott Ferrozzo,Sam Fulton,win
"September 20, 1996",Scott Ferrozzo,David Abbott,win
"September 20, 1996",Mark Coleman,Brian Johnston,win
"September 20, 1996",Jerry Bohlander,Fabio Gurgel,win
"September 20, 1996",David Abbott,Sam Adkins,win
"September 20, 1996",Brian Johnston,Reza Nasri,win
"September 20, 1996",Mark Coleman,Julian Sanchez,win
"September 20, 1996",Roberto Traven,Dave Berry,win
"September 20, 1996",Scott Ferrozzo,Sam Fulton,win
"July 12, 1996",Mark Coleman,Don Frye,win
"July 12, 1996",Mark Coleman,Gary Goodridge,win
"July 12, 1996",Don Frye,Brian Johnston,win
"July 12, 1996",Gary Goodridge,John Campetella,win
"July 12, 1996",Mark Coleman,Moti Horenstein,win
"July 12, 1996",Brian Johnston,Scott Fiedler,win
"July 12, 1996",Don Frye,Mark Hall,win
"July 12, 1996",Sam Adkins,Felix Lee Mitchell,win
"July 12, 1996",Geza Kalman,Dieusel Berto,win
"July 12, 1996",Mark Coleman,Don Frye,win
"July 12, 1996",Mark Coleman,Gary Goodridge,win
"July 12, 1996",Don Frye,Brian Johnston,win
"July 12, 1996",Gary Goodridge,John Campetella,win
"July 12, 1996",Mark Coleman,Moti Horenstein,win
"July 12, 1996",Brian Johnston,Scott Fiedler,win
"July 12, 1996",Don Frye,Mark Hall,win
"July 12, 1996",Sam Adkins,Felix Lee Mitchell,win
"July 12, 1996",Geza Kalman,Dieusel Berto,win
"May 17, 1996",Dan Severn,Ken Shamrock,win
"May 17, 1996",Don Frye,Amaury Bitetti,win
"May 17, 1996",Mark Hall,Koji Kitao,win
n
"May 17, 1996",Mark Schultz,Gary Goodridge,win
"May 17, 1996",Rafael Carino,Matt Andersen,win
"May 17, 1996",Don Frye,Amaury Bitetti,win
"May 17, 1996",Cal Worsham,Zane Frazier,win
"May 17, 1996",Mark Hall,Koji Kitao,win
"May 17, 1996",Steve Nelmark,Tai Bowden,win
"May 17, 1996",Mark Schultz,Gary Goodridge,win
"May 17, 1996",Rafael Carino,Matt Andersen,win
"May 17, 1996",Cal Worsham,Zane Frazier,win
"May 17, 1996",Steve Nelmark,Tai Bowden,win
"February 16, 1996",Don Frye,Gary Goodridge,win
"February 16, 1996",Ken Shamrock,Kimo Leopoldo,win
"February 16, 1996",Gary Goodridge,Jerry Bohlander,win
"February 16, 1996",Don Frye,Sam Adkins,win
"February 16, 1996",Gary Goodridge,Paul Herrera,win
"February 16, 1996",Jerry Bohlander,Scott Ferrozzo,win
"February 16, 1996",Paul Varelans,Joe Moreira,win
"February 16, 1996",Don Frye,Thomas Ramirez,win
"February 16, 1996",Sam Adkins,Keith Mielke,win
"February 16, 1996",Don Frye,Gary Goodridge,win
"February 16, 1996",Ken Shamrock,Kimo Leopoldo,win
"February 16, 1996",Gary Goodridge,Jerry Bohlander,win
"February 16, 1996",Don Frye,Sam Adkins,win
"February 16, 1996",Gary Goodridge,Paul Herrera,win
"February 16, 1996",Jerry Bohlander,Scott Ferrozzo,win
"February 16, 1996",Paul Varelans,Joe Moreira,win
"February 16, 1996",Don Frye,Thomas Ramirez,win
"February 16, 1996",Sam Adkins,Keith Mielke,win
"December 16, 1995",Dan Severn,Oleg Taktarov,win
"December 16, 1995",Oleg Taktarov,Marco Ruas,win
"December 16, 1995",Dan Severn,David Abbott,win
"December 16, 1995",Oleg Taktarov,Dave Beneteau,win
"December 16, 1995",Marco Ruas,Keith Hackney,win
"December 16, 1995",Dan Severn,Paul Varelans,win
"December 16, 1995",David Abbott,Steve Jennum,win
"December 16, 1995",Mark Hall,Trent Jenkins,win
"December 16, 1995",Joe Charles,Scott Bessac,win
"December 16, 1995",Dan Severn,Oleg Taktarov,win
"December 16, 1995",Oleg Taktarov,Marco Ruas,win
"December 16, 1995",Dan Severn,David Abbott,win
"December 16, 1995",Oleg Taktarov,Dave Beneteau,win
"December 16, 1995",Marco Ruas,Keith Hackney,win
"December 16, 1995",Dan Severn,Paul Varelans,win
"December 16, 1995",David Abbott,Steve Jennum,win
"December 16, 1995",Mark Hall,Trent Jenkins,win
"December 16, 1995",Joe Charles,Scott Bessac,win
"September 08, 1995",Marco Ruas,Paul Varelans,win
"September 08, 1995",Ken Shamrock,Oleg Taktarov,draw
"September 08, 1995",Marco Ruas,Remco Pardoel,win
"September 08, 1995",Paul Varelans,Mark Hall,win
"September 08, 1995",Marco Ruas,Larry Cureton,win
"September 08, 1995",Remco Pardoel,Ryan Parker,win
"September 08, 1995",Mark Hall,Harold Howard,win
"September 08, 1995",Paul Varelans,Gerry Harris,win
"September 08, 1995",Scott Bessac,David Hood,win
"September 08, 1995",Onassis Parungao,Francesco Maturi,win
"September 08, 1995",Joel Sutton,Geza Kalman,win
"September 08, 1995",Marco Ruas,Paul Varelans,win
"September 08, 1995",Ken Shamrock,Oleg Taktarov,draw
"September 08, 1995",Marco Ruas,Remco Pardoel,win
"September 08, 1995",Paul Varelans,Mark Hall,win
"September 08, 1995",Marco Ruas,Larry Cureton,win
"September 08, 1995",Remco Pardoel,Ryan Parker,win
"September 08, 1995",Mark Hall,Harold Howard,win
"September 08, 1995",Paul Varelans,Gerry Harris,win
"September 08, 1995",Scott Bessac,David Hood,win
"September 08, 1995",Onassis Parungao,Francesco Maturi,win
"September 08, 1995",Joel Sutton,Geza Kalman,win
"July 14, 1995",Oleg Taktarov,David Abbott,win
"July 14, 1995",Ken Shamrock,Dan Severn,win
"July 14, 1995",Oleg Taktarov,Anthony Macias,win
"July 14, 1995",David Abbott,Paul Varelans,win
"July 14, 1995",Oleg Taktarov,Dave Beneteau,win
"July 14, 1995",Patrick Smith,Rudyard Moncayo,win
"July 14, 1995",Paul Varelans,Cal Worsham,win
"July 14, 1995",David Abbott,John Matua,win
"July 14, 1995",Anthony Macias,He-Man Gipson,win
"July 14, 1995",Joel Sutton,Jack McGlaughlin,win
"July 14, 1995",Oleg Taktarov,David Abbott,win
"July 14, 1995",Ken Shamrock,Dan Severn,win
"July 14, 1995",Oleg Taktarov,Anthony Macias,win
"July 14, 1995",David Abbott,Paul Varelans,win
"July 14, 1995",Oleg Taktarov,Dave Beneteau,win
"July 14, 1995",Patrick Smith,Rudyard Moncayo,win
"July 14, 1995",Paul Varelans,Cal Worsham,win
"July 14, 1995",David Abbott,John Matua,win
"July 14, 1995",Anthony Macias,He-Man Gipson,win
"July 14, 1995",Joel Sutton,Jack McGlaughlin,win
"April 07, 1995",Dan Severn,Dave Beneteau,win
"April 07, 1995",Ken Shamrock,Royce Gracie,draw
"April 07, 1995",Dan Severn,Oleg Taktarov,win
"April 07, 1995",Dave Beneteau,Todd Medina,win
"April 07, 1995",Dan Severn,Joe Charles,win
"April 07, 1995",Oleg Taktarov,Ernie Verdicia,win
"April 07, 1995",Todd Medina,Larry Cureton,win
"April 07, 1995",Dan Severn,Dave Beneteau,win
"April 07, 1995",Jon Hess,Andy Anderson,win
"April 07, 1995",Ken Shamrock,Royce Gracie,draw
"April 07, 1995",Guy Mezger,John Dowdy,win
"April 07, 1995",Dan Severn,Oleg Taktarov,win
"April 07, 1995",Dave Beneteau,Todd Medina,win
"April 07, 1995",Dave Beneteau,Asbel Cancio,win
"April 07, 1995",Dan Severn,Joe Charles,win
"April 07, 1995",Oleg Taktarov,Ernie Verdicia,win
"April 07, 1995",Todd Medina,Larry Cureton,win
"April 07, 1995",Jon Hess,Andy Anderson,win
"April 07, 1995",Guy Mezger,John Dowdy,win
"April 07, 1995",Dave Beneteau,Asbel Cancio,win
"December 16, 1994",Royce Gracie,Dan Severn,win
"December 16, 1994",Dan Severn,Marcus Bossett,win
"December 16, 1994",Royce Gracie,Keith Hackney,win
"December 16, 1994",Royce Gracie,Dan Severn,win
"December 16, 1994",Dan Severn,Anthony Macias,win
"December 16, 1994",Dan Severn,Marcus Bossett,win
"December 16, 1994",Royce Gracie,Keith Hackney,win
"December 16, 1994",Steve Jennum,Melton Bowen,win
"December 16, 1994",Dan Severn,Anthony Macias,win
"December 16, 1994",Steve Jennum,Melton Bowen,win
"December 16, 1994",Keith Hackney,Joe Son,win
"December 16, 1994",Keith Hackney,Joe Son,win
"December 16, 1994",Royce Gracie,Ron van Clief,win
"December 16, 1994",Royce Gracie,Ron van Clief,win
"December 16, 1994",Guy Mezger,Jason Fairn,win
"December 16, 1994",Guy Mezger,Jason Fairn,win
"December 16, 1994",Marcus Bossett,Eldo Xavier Dias,win
"December 16, 1994",Marcus Bossett,Eldo Xavier Dias,win
"December 16, 1994",Joe Charles,Kevin Rosier,win
"December 16, 1994",Joe Charles,Kevin Rosier,win
"September 09, 1994",Steve Jennum,Harold Howard,win
"September 09, 1994",Ken Shamrock,Felix Lee Mitchell,win
"September 09, 1994",Royce Gracie,Kimo Leopoldo,win
"September 09, 1994",Harold Howard,Roland Payne,win
"September 09, 1994",Ken Shamrock,Christophe Leninger,win
"September 09, 1994",Keith Hackney,Emmanuel Yarborough,win
"September 09, 1994",Steve Jennum,Harold Howard,win
"September 09, 1994",Ken Shamrock,Felix Lee Mitchell,win
"September 09, 1994",Royce Gracie,Kimo Leopoldo,win
"September 09, 1994",Harold Howard,Roland Payne,win
"September 09, 1994",Ken Shamrock,Christophe Leninger,win
"September 09, 1994",Keith Hackney,Emmanuel Yarborough,win
"March 11, 1994",Royce Gracie,Patrick Smith,win
"March 11, 1994",Royce Gracie,Remco Pardoel,win
"March 11, 1994",Patrick Smith,Johnny Rhodes,win
"March 11, 1994",Royce Gracie,Jason DeLucia,win
"March 11, 1994",Remco Pardoel,Orlando Wiet,win
"March 11, 1994",Johnny Rhodes,Fred Ettish,win
"March 11, 1994",Patrick Smith,Scott Morris,win
"March 11, 1994",Royce Gracie,Minoki Ichihara,win
"March 11, 1994",Jason DeLucia,Scott Baker,win
"March 11, 1994",Remco Pardoel,Alberta Cerra Leon,win
"March 11, 1994",Orlando Wiet,Robert Lucarelli,win
"March 11, 1994",Frank Hamaker,Thaddeus Luster,win
"March 11, 1994",Johnny Rhodes,David Levicki,win
"March 11, 1994",Patrick Smith,Ray Wizard,win
"March 11, 1994",Scott Morris,Sean Daugherty,win
"March 11, 1994",Royce Gracie,Patrick Smith,win
"March 11, 1994",Royce Gracie,Remco Pardoel,win
"March 11, 1994",Patrick Smith,Johnny Rhodes,win
"March 11, 1994",Royce Gracie,Jason DeLucia,win
"March 11, 1994",Remco Pardoel,Orlando Wiet,win
"March 11, 1994",Johnny Rhodes,Fred Ettish,win
"March 11, 1994",Patrick Smith,Scott Morris,win
"March 11, 1994",Royce Gracie,Minoki Ichihara,win
"March 11, 1994",Jason DeLucia,Scott Baker,win
"March 11, 1994",Remco Pardoel,Alberta Cerra Leon,win
"March 11, 1994",Orlando Wiet,Robert Lucarelli,win
"March 11, 1994",Frank Hamaker,Thaddeus Luster,win
"March 11, 1994",Johnny Rhodes,David Levicki,win
"March 11, 1994",Patrick Smith,Ray Wizard,win
"March 11, 1994",Scott Morris,Sean Daugherty,win
